id,team_id,team_active,type,pipeline_source,consequence_type,status,push_eligible,created_utc,created_sthlm,published_utc,pushed_utc,pushed_sthlm,push_latency_min,pushed_hour_sthlm,kickoff_utc,match_id,preview_fixture_id,headline,push_title,push_text,immersive_headline,immersive_context,immersive_context_fallback,talking_points,emotional_context,everyone_talking,everyone_talking_headline,worth_knowing,affected_team_ids,body_len,body
37aa25a8-7b6a-4ef6-8c51-e139ce0448de,chelsea,t,news,routine,,archived,t,2026-08-01 06:48:28.618633+00,2026-08-01 08:48:28.618633,2026-08-01 06:48:27+00,2026-08-01 06:48:31.68+00,2026-08-01 08:48:31.68,0.05102278333333333333,08,2026-08-01 09:45:00+00,,,Cole Palmer (Chelsea midfielder) had a quiet summer while England played at the tournament. He faces Spurs in a pre-season friendly this morning at 09:45.,London derby before breakfast,Chelsea vs Spurs at 09:45. Palmer's back with something to prove this season.,"palmer missed england.
chelsea vs spurs.",Like getting left off the guest list and going viral at the door. Palmer's that moment.,Cole Palmer had a quiet summer while England played at the tournament. Today Chelsea face Spurs in a pre-season friendly at 09:45.,"[""Tell him Chelsea play Spurs this morning at 09:45. He might not have clocked how early it is."", ""He's been keeping tabs on Palmer all pre-season. Watch how he reacts when his name comes up."", ""Ask him: was leaving Palmer out of England's squad the right call?""]",exciting,t,Cole Palmer (Chelsea midfielder) had a quiet summer while England played. His first pre-season test is today against Spurs.,f,"{chelsea,spurs}",329,"Cole Palmer (Chelsea's creative midfielder) wasn't in England's World Championship squad this summer, which caught a lot of people off guard. He's back in pre-season now, and Chelsea face Spurs this morning at 09:45. It's a friendly, but Palmer's the sort of player who uses moments like this to remind everyone what they missed."
9a7c0b9f-c0a2-412e-8307-0bcf74a03435,spurs,t,news,routine,,archived,t,2026-08-01 06:49:13.15158+00,2026-08-01 08:49:13.15158,2026-08-01 06:49:12+00,2026-08-01 06:49:16.192+00,2026-08-01 08:49:16.192,0.05067366666666666667,08,2026-08-01 09:45:00+00,,,Spurs have spent £237m this summer and manager De Zerbi says he's not done. First test: Chelsea this morning at 09:45.,He'll have skipped breakfast,Spurs vs Chelsea at 09:45. De Zerbi's £237m team gets their first London test.,"spurs vs chelsea.
this morning.
£237m summer.",Like dropping your whole bonus on a Sephora haul and saying 'I'm not done yet.' De Zerbi.,Spurs have spent £237m this summer and manager De Zerbi says there's more coming. They face Chelsea in a pre-season friendly at 09:45 this morning.,"[""Tell him Spurs have spent £237m this summer and De Zerbi's saying they're not done. Watch the eyebrows rise."", ""He's been tracking every Spurs signing all summer. He'll have a running tally ready."", ""Ask him: is De Zerbi's project the most exciting thing in the Premier League right now?""]",exciting,t,Tottenham have spent £237m this summer. Manager Roberto De Zerbi says there's no sign of slowing down.,f,"{spurs,chelsea}",322,"Spurs have had quite a summer. Manager Roberto De Zerbi (Spurs head coach) brought in record signing Sandro Tonali and several others, hitting a total of £237m in spending. This morning they face Chelsea at 09:45 in their biggest pre-season test yet. De Zerbi told the Independent there's no sign of the spending stopping."
43c78f58-7c19-4734-8d46-e130fbe00c2e,man_city,t,news,routine,,archived,t,2026-08-01 06:52:32.252276+00,2026-08-01 08:52:32.252276,2026-08-01 06:52:31+00,2026-08-01 06:52:36.584+00,2026-08-01 08:52:36.584,0.07219540000000000000,08,2026-08-01 11:30:00+00,,,Man City face Inter at 11:30 this morning. John Stones (now at Inter after leaving City this summer) is on the other side. Phil Foden is fired up.,The ex returns,Man City vs Inter at 11:30 today. John Stones faces his old club for the first time.,"man city vs inter.
the ex returns.","Like your ex showing up at the same house party, three months in. Stones is back.","Man City face Inter this morning at 11:30. John Stones, their defender for years, is now at Inter and could line up against his former club.","[""Tell him John Stones faces Man City as an Inter player today. He'll have strong feelings about it."", ""He's been tracking the City situation all summer. Watch how he reacts when Stones comes on."", ""Ask him: was it the right move for Stones to leave City for Inter?""]",drama,f,,f,{man_city},348,"Phil Foden (Man City midfielder) told the BBC he's aiming to 'repay the faith' of the club and is looking for a 'fresh start' this season. He gets his first test today when Man City face Inter at 11:30. The twist: John Stones (England defender, now at Inter after leaving City this summer) could be on the pitch trying to stop his former teammates."
b2a92fc1-23ca-4a2e-ae47-843439c70d8e,arsenal,t,news,routine,,archived,t,2026-08-01 22:48:17.243739+00,2026-08-02 00:48:17.243739,2026-08-01 22:48:16+00,2026-08-01 22:48:20.561+00,2026-08-02 00:48:20.561,0.05528768333333333333,00,,,,"Arsenal beat Girona 4-1 in their pre-season opener. Max Dowman (Arsenal youngster) scored and set up another. Defending champions, looking sharp.",He'll be pleased.,"Arsenal beat Girona 4-1 in pre-season. Defending champions, looking the part.","arsenal 4-1.
defending champs,
back.","Imagine your friend who spent the whole summer doing Pilates and skin cycling. First post-holiday brunch, she showed up untouchable. Arsenal's not messing around.",Arsenal are the defending Premier League champions. Their first pre-season game just sent a message: a 4-1 win over Spanish side Girona. Max Dowman starred.,"[""Tell him Arsenal beat Girona 4-1 in pre-season. He'll give you the full match breakdown."", ""Ask him if he watched it. Arsenal's website apparently crashed during the stream."", ""He's got Real Betis to look forward to next. He'll already have it blocked out.""]",exciting,f,,f,{arsenal},377,"Arsenal's pre-season started exactly how you'd want it to. A 4-1 win over Girona in Spain, with Max Dowman, one of the younger players getting his chance in the squad, scoring and setting up another. Gabriel Jesus (Arsenal striker) added to the tally too. After a summer where half the squad were at the World Championship, this was the kind of sharp start to get fans excited."
15e5ddf1-09d6-45bf-a6dd-6db64a3171a6,bournemouth,t,news,routine,,archived,t,2026-08-01 22:48:39.717283+00,2026-08-02 00:48:39.717283,2026-08-01 22:48:38+00,2026-08-01 22:48:41.741+00,2026-08-02 00:48:41.741,0.03372861666666666667,00,,,,Bournemouth complete the signing of Portuguese centre-back Antonio Silva from Benfica for up to £25.7m. He says he's excited to get started.,New signing in.,Bournemouth signed defender Antonio Silva from Benfica for up to £25.7m. Done deal.,"silva signed.
bournemouth's new
defender.","Like when your group chat's been circling the same hotel for your girls' trip for weeks, then someone just books it. Bournemouth got it done.",Bournemouth have been working on this one for a while. Centre-back Antonio Silva has now officially signed from Benfica. The fee is up to £25.7m. Defence reinforced.,"[""Tell him Bournemouth have officially signed Antonio Silva from Benfica. He'll want to know if it was good value."", ""Did you know Silva is Portuguese? Tell him and see if he knows anything about him from the World Championship."", ""He'll be figuring out what the lineup looks like now. Ask him: is the defence sorted?""]",exciting,f,,f,{bournemouth},316,"Bournemouth have signed their new defender. Antonio Silva, a Portuguese centre-back from Benfica, has put pen to paper on the deal worth up to £25.7m. He said he is 'excited' to join. The earlier deal between clubs is now fully confirmed with personal terms agreed. Solid bit of business for Bournemouth at the back."
b4d11e46-19be-418d-81bc-05723c2d7d77,brentford,t,news,routine,,archived,t,2026-08-01 22:49:08.501398+00,2026-08-02 00:49:08.501398,2026-08-01 22:49:07+00,2026-08-01 22:49:11.293+00,2026-08-02 00:49:11.293,0.04652670000000000000,00,,,,Brentford have signed Mali midfielder Mamadou Sangare from Lens for a reported club record £39m. Biggest signing in the club's history.,Club record.,"Brentford signed Mali midfielder Mamadou Sangare from Lens. Reportedly £39m, club record.","brentford's biggest.
sangare signed.
£39m.",Brentford usually shop in the sales. Dropping £39m is their equivalent of your friend who only wears Zara suddenly buying Bottega.,Brentford are not a club that usually spends big. So signing Mali midfielder Mamadou Sangare from Lens for a reported £39m is a statement. Club record. New chapter.,"[""Tell him Brentford just broke their transfer record with a £39m midfielder from France. He'll have something to say about whether they needed it."", ""Did you know Brentford rarely spend this much? This is their biggest ever signing."", ""Ask him: is this Brentford changing their whole approach, or just one big swing?""]",exciting,t,"Brentford sign Mali midfielder Mamadou Sangare from Lens for a reported £39m, a club record fee.",f,{brentford},269,"Brentford have broken their transfer record. Mamadou Sangare, a midfielder from Mali, has signed from French club Lens for a reported £39m. Brentford don't usually operate at this level of spend, so this signals real ambition. He comes with a strong Ligue 1 reputation."
8fe2704a-d1f5-4a08-8b46-b0cd2d181288,brighton,t,news,routine,,archived,t,2026-08-01 22:50:14.754412+00,2026-08-02 00:50:14.754412,2026-08-01 22:50:13+00,2026-08-01 22:50:17.835+00,2026-08-02 00:50:17.835,0.05134313333333333333,00,,,,"Brighton sold striker Danny Welbeck to Chelsea for a reported £5m. He scored 13 Premier League goals last season, including three against Chelsea.",Bit of a loss.,Brighton sold Welbeck to Chelsea for a reported £5m. He scored 13 goals last season.,"welbeck gone.
chelsea-bound,
£5m.","Like finding out your most reliable group chat member quietly started a new group. You knew it might happen, but it still stings.",Brighton have sold their top scorer Danny Welbeck to Chelsea for £5m. He scored 13 goals last season. His goals will be hard to replace.,"[""Tell him Brighton sold Welbeck to Chelsea for £5m. He'll have strong feelings about whether that's fair value."", ""Ask him: who replaces those 13 league goals for Brighton now?"", ""He'll probably point out that Welbeck scored three against Chelsea last season. The irony is not lost.""]",bad_news,f,,f,"{brighton,chelsea}",294,"Brighton have sold Danny Welbeck to Chelsea for a reported £5m. He scored 13 league goals for them last season, including three against Chelsea of all clubs. It's decent business for Brighton to sell a 35-year-old, but losing a double-digit scorer will sting. Brighton fans won't love this one."
559ebfbc-000a-4099-861c-537a77810b43,chelsea,t,news,routine,,archived,t,2026-08-01 22:50:44.24706+00,2026-08-02 00:50:44.24706,2026-08-01 22:50:43+00,2026-08-01 22:50:47.563+00,2026-08-02 00:50:47.563,0.05526566666666666667,00,,,,"Chelsea have signed Danny Welbeck from Brighton for a reported £5m. He scored 13 league goals last season, including three against Chelsea. Confirmed today.",New signing sorted.,Chelsea signed striker Welbeck from Brighton. He scored 13 league goals last season.,"welbeck joins.
chelsea's deal
of the summer.","Like hiring the temp who's worked at every company in the industry. She's 35, she knows everyone, and she was definitely available. Chelsea signed Welbeck for £5m.","Chelsea have confirmed the signing of Danny Welbeck from Brighton for a reported £5m. The striker scored 13 Premier League goals last season. Experienced, affordable, and available.","[""Tell him Chelsea signed Welbeck from Brighton. He'll probably say it's either a genius move or a strange one."", ""Ask him: does a 35-year-old striker make sense for where Chelsea want to go this season?"", ""Did you know Welbeck scored three goals against Chelsea last season? He helped beat them, and they've now signed him.""]",exciting,f,,f,"{chelsea,brighton}",318,"Chelsea have confirmed the signing of Danny Welbeck from Brighton for a reported £5m. He scored 13 league goals last season, including three against Chelsea. At 35, it's a smart, cheap piece of experience. Manager Xabi Alonso (Chelsea boss) has been assembling his squad all summer, and Welbeck is the latest addition."
41d5d4e3-2045-443c-bc3f-73fd18a63151,chelsea,t,news,routine,,archived,t,2026-08-01 22:53:59.016298+00,2026-08-02 00:53:59.016298,2026-08-01 22:53:57+00,2026-08-01 22:54:02.38+00,2026-08-02 00:54:02.38,0.05606170000000000000,00,,,,Chelsea lost 1-2 to Spurs in their Sydney pre-season friendly. Richarlison scored the winner for 10-man Spurs.,Give him a minute.,Chelsea lost 1-2 to Spurs in pre-season. Richarlison scored the winner for 10-man Spurs.,"chelsea 1-2 spurs.
richarlison scored.
ten men won it.",Like getting put on read by your ex-friend in the Glastonbury group chat. It's not the end of the world but it's going to sting until Sunday.,"Chelsea lost 1-2 to Tottenham in a pre-season friendly in Sydney. Richarlison scored the winner for Spurs, who finished the game with ten men.","[""Tell him Chelsea lost to Spurs in pre-season. It's just a friendly, but he'll want to talk through it."", ""He'll probably say Spurs had no right to win that with ten men. See if he agrees."", ""Ask him: is this just pre-season noise, or should Chelsea fans be worried?""]",bad_news,t,Spurs beat Chelsea 1-2 in pre-season despite finishing with 10 men. Richarlison scored the winner.,f,"{chelsea,spurs}",214,"Chelsea lost to Tottenham in their Sydney pre-season friendly, 1-2. Richarlison scored the winner, and Spurs were down to ten men for part of it. Chelsea manager Xabi Alonso will want better when the season starts."
f7e988b5-36a3-49fb-9823-612efee155a3,liverpool,t,news,routine,,archived,t,2026-08-01 22:55:03.663895+00,2026-08-02 00:55:03.663895,2026-08-01 22:55:02+00,2026-08-01 22:55:06.873+00,2026-08-02 00:55:06.873,0.05348508333333333333,00,,,,Arne Slot is pushing hard to sign defenders before the season starts. Liverpool's backline still has gaps.,He's probably stressed.,Slot is pushing to sign defenders before the season. Liverpool's backline still has gaps.,"slot wants defenders.
season starts soon.
gaps in the back.","Like realising the night before a house party that you've got no mixer, no snacks and one of your friends just cancelled. The panic is real but it's probably fixable.",Liverpool boss Arne Slot is pushing to sign defenders before the Premier League season starts. The Guardian reports he's in a rush to address gaps in the backline.,"[""Tell him Liverpool are in a rush to sign defenders before the season. He'll have opinions on what they need."", ""Ask him which position he thinks is the biggest gap, centre-back or full-back? He'll have a view."", ""Tell him Slot's come out publicly saying it's urgent. See if he thinks the club will get the business done in time.""]",drama,f,,f,{liverpool},279,"Liverpool manager Arne Slot wants to move fast to sign defenders before the Premier League kicks off. The Guardian reports he's in a rush to plug gaps at the back before the season starts. Liverpool have been busy in midfield but the backline still needs work, and Slot knows it."
0f0e1da3-4b26-48d5-80ff-13a34515381d,man_city,t,news,routine,,archived,t,2026-08-01 22:55:48.546349+00,2026-08-02 00:55:48.546349,2026-08-01 22:55:47+00,2026-08-01 22:55:51.543+00,2026-08-02 00:55:51.543,0.04994418333333333333,00,,,,Enzo Maresca's first game as Man City manager ended in a 1-1 draw with Inter Milan. City lost 3-1 on penalties.,His first game. A draw.,Man City drew 1-1 with Inter Milan in Maresca's first game. They lost on penalties.,"maresca's first game.
1-1 with inter milan.
city lose on pens.","Like a new flatmate's first dinner in the house, technically fine, but everyone's still figuring out the vibe. The real test is when the bills come.",Enzo Maresca took charge of Man City for the first time in a pre-season friendly against Inter Milan. The game ended 1-1 and City lost on penalties. Phil Foden spoke positively about working under the new manager.,"[""Tell him Maresca's first Man City game ended 1-1 with Inter, then City lost on penalties. See what he makes of the performance."", ""Ask him whether he thinks Foden under Maresca is a different player to Foden under Pep."", ""Tell him Foden said he wants to repay Maresca's faith in him. That's the kind of quote that either ages brilliantly or gets screenshotted forever.""]",,f,,f,{man_city},321,"Enzo Maresca has started his Man City tenure with a 1-1 draw against Inter Milan in pre-season, before losing 3-1 on penalties. Phil Foden spoke about wanting to give Maresca a 'fresh start' and repay the faith shown in him. It's just a friendly, but it gives everyone something to talk about before the real games begin."
93cc337a-2e2c-4642-ae6d-d82a84975d89,man_utd,t,news,routine,,archived,t,2026-08-01 22:56:13.77732+00,2026-08-02 00:56:13.77732,2026-08-01 22:56:12+00,2026-08-01 22:56:15.752+00,2026-08-02 00:56:15.752,0.03291133333333333333,00,,,,Bryan Mbeumo scored twice as Man Utd came from behind to beat Atletico Madrid 2-1 in pre-season.,He scored twice. They won.,Man Utd came from behind to beat Atletico Madrid 2-1. Bryan Mbeumo scored both goals.,"mbeumo brace.
man utd 2-1 atletico.
came from behind.","Like getting a text back from someone you thought had ghosted you, unexpected, satisfying, and you're already telling people about it.",Bryan Mbeumo scored twice as Manchester United came from behind to beat Atletico Madrid 2-1 in a pre-season friendly. Michael Carrick's side showed resilience in getting the win.,"[""Tell him Mbeumo scored twice as Man Utd came from behind to beat Atletico 2-1. He'll have thoughts on whether this changes anything."", ""Ask him how he thinks Mbeumo will fit into Michael Carrick's system this season."", ""Tell him Man Utd came from behind to win it. Coming back from a goal down in pre-season is the kind of thing managers love to talk about.""]",exciting,f,,f,{man_utd},276,"Manchester United beat Atletico Madrid 2-1 in a pre-season friendly, coming from behind thanks to two goals from Bryan Mbeumo. It's the kind of result that gives fans something to feel good about before the real business starts, and Mbeumo's double will have caught attention."
181f70f1-936b-41d5-91d2-4266fe43ea00,spurs,t,news,routine,,archived,t,2026-08-01 22:56:54.786397+00,2026-08-02 00:56:54.786397,2026-08-01 22:56:53+00,2026-08-01 22:56:59.711+00,2026-08-02 00:56:59.711,0.08207671666666666667,00,,,,Spurs beat Chelsea 2-1 in Sydney with 10 men. Richarlison scored and De Zerbi says he wants to keep him despite transfer speculation.,Wanted to leave. Won the game.,10-man Spurs beat Chelsea 2-1. Richarlison scored the winner in Sydney.,"10-man spurs win.
richarlison scores.
de zerbi keeps him.",Like someone announcing they're leaving a group chat and then immediately helping win the pub quiz. Make up your mind.,"Tottenham beat Chelsea 2-1 in a pre-season friendly in Sydney, finishing with 10 men. Richarlison scored the winner, and manager Roberto De Zerbi said he wants to keep him despite speculation about his future.","[""Tell him Spurs beat Chelsea 2-1 with 10 men in Sydney. Richarlison scored the winner. He'll enjoy that."", ""Ask him what he thinks about De Zerbi saying Richarlison 'sometimes wants to leave' but still picking him."", ""Tell him a manager publicly saying a player 'sometimes wants to leave' is an unusual thing to say. See if he thinks it's a problem or just honesty.""]",exciting,t,10-man Spurs beat Chelsea 2-1 in Sydney. Richarlison scored and De Zerbi says he wants to keep him.,f,"{spurs,chelsea}",372,"Tottenham beat Chelsea 2-1 in a pre-season friendly in Sydney, finishing the game with 10 men. Richarlison scored the winner. Manager Roberto De Zerbi was asked about Richarlison's future and said: 'sometimes he wants to leave', but also called him a 'lovely guy' and made clear he wants to keep him. It's the kind of storyline that's going to follow Spurs all pre-season."
d71fbf89-2c32-4f45-9a53-1c8749f5ed9a,west_ham,f,news,routine,,archived,t,2026-08-01 22:57:44.417985+00,2026-08-02 00:57:44.417985,2026-08-01 22:57:43+00,2026-08-01 22:57:47.477+00,2026-08-02 00:57:47.477,0.05098358333333333333,00,,,,The Gold family have agreed to sell their 25.1% West Ham stake to a consortium led by Amanda Staveley.,The Golds are selling up.,The Gold family have agreed to sell their West Ham stake to Amanda Staveley's consortium.,"golds are selling.
staveley buys in.
new era at west ham.",Like when the café you've been going to for years suddenly gets new owners. Probably fine. But everyone's watching the menu.,The Gold family have agreed to sell their 25.1% stake in West Ham to a consortium led by Amanda Staveley. Staveley was previously involved in the Saudi-led takeover of Newcastle United.,"[""Tell him the Gold family have agreed to sell their West Ham stake to Amanda Staveley's consortium. He'll have thoughts on what that means."", ""Ask him what he thinks of Staveley coming in, she's known for the Newcastle takeover, so it's not a neutral name."", ""Tell him this is no longer 'in talks' territory. The deal is confirmed. See how he feels about it.""]",drama,t,Gold family agrees to sell West Ham stake to Staveley-led consortium. New era begins at the club.,t,{west_ham},303,"West Ham's ownership is changing. The Gold family have agreed to sell their 25.1% stake in the club to a consortium led by Amanda Staveley. Staveley is well known for her role in the Newcastle United takeover, so West Ham fans will have an eye on what this means for investment and ambition at the club."
4865f378-4363-4d28-9d57-111870588d49,liverpool,t,news,routine,,archived,t,2026-08-02 06:43:02.769791+00,2026-08-02 08:43:02.769791,2026-08-02 06:43:01+00,2026-08-02 06:43:06.424+00,2026-08-02 08:43:06.424,0.06090348333333333333,08,,,,"Liverpool's new manager Iraola is in a hurry. 'Faster, faster' is his pre-season mantra. Three weeks until the season, and he still needs defenders.",On edge about this one,Liverpool's manager Iraola has three weeks to sign defenders. Injuries are piling up.,"faster, faster.
liv need defenders.
three weeks.",Like when your group chat realises the hen do is three weeks away and nobody's booked anything. The maid of honour is sending voice notes every hour.,"Liverpool's new manager Iraola has been driving intense training sessions in Chicago, shouting 'faster, faster' at every drill. With three weeks until the season and defensive injuries piling up, he's racing to fill his backline.","[""Tell him Liverpool's manager has a motto: 'faster, faster.' The season's three weeks away and the defence isn't sorted."", ""Ask him if he thinks Iraola's intense style will suit Liverpool."", ""He's probably been checking the injury list. Tell him the boss looks just as frustrated.""]",drama,t,"Liverpool's Iraola needs defenders with three weeks to go. 'Faster, faster' is his motto.",f,{liverpool},380,"Liverpool's new boss Andoni Iraola has a catchphrase: 'faster, faster.' He was shouting it across the training pitch in Chicago on Friday, driving every drill.

The Premier League season starts in three weeks. Liverpool still have defensive gaps to fill, and pre-season injuries are making the search more urgent. He's not in a spiral about it. But he's not hanging around either."
b2b1cce8-659f-42dc-8161-0e5f2d3b94b2,arsenal,t,news,routine,,archived,f,2026-08-02 06:48:00.445713+00,2026-08-02 08:48:00.445713,2026-08-02 06:47:59+00,,,,,,,,"Manchester United are reportedly checking whether Arsenal would be open to selling Myles Lewis-Skelly. No formal offer made, just an early inquiry.","Lewis-Skelly, Man Utd interest","Man Utd reportedly asking Arsenal about Lewis-Skelly. No offer yet, just an early inquiry.","lewis-skelly, arsenal.
man utd are asking.","Like when someone texts your best friend to see if you're single before messaging you directly. Flattering, probably nothing.",Manchester United are reportedly making early enquiries about Arsenal's Myles Lewis-Skelly. No offer has been made and nothing is confirmed.,"[""Tell him Man United are reportedly sniffing around one of Arsenal's players, Lewis-Skelly. No offer yet but he'll have thoughts."", ""Ask him: would Arsenal ever sell Lewis-Skelly to a direct rival?"", ""He'll probably say it's nothing. He might be right.""]",drama,t,Man Utd reportedly checking whether Arsenal would sell Lewis-Skelly. No offer made.,f,"{arsenal,man_utd}",240,"Manchester United are reportedly trying to understand whether Arsenal would be open to selling Myles Lewis-Skelly. No bid has been made, and it's not clear Arsenal are interested in selling at all. Very early days, if it even goes anywhere."
be6d3ada-cf59-4271-b471-ba61c6a13e0d,arsenal,t,sunday_brief,routine,,archived,t,2026-08-02 09:17:44.502316+00,2026-08-02 11:17:44.502316,2026-08-02 09:17:42+00,2026-08-02 09:17:50.143+00,2026-08-02 11:17:50.143,0.09401140000000000000,11,,,,"Pre-season in full swing for Arsenal: champions, 4-1 win over Girona, and Real Betis at home this week.",Champions in pre-season,Arsenal beat Girona 4-1 Saturday. Real Betis at the Emirates this Wednesday.,"Champions.
Pre-season.",Arsenal won the league with 85 points and are already looking sharp. Real Betis at home Wednesday.,,"[""Tell him you clocked the Girona result, then let him do the rest."", ""Worth knowing: Real Betis come to the Emirates on Wednesday, so he'll want to watch that."", ""If it goes well all week, he'll be insufferable. Plan Sunday evening accordingly.""]",,f,,f,,399,"Arsenal finished the 2025/26 season as Premier League champions with 85 points, and pre-season is already looking sharp. They beat Girona 4-1 on Saturday, which will have put him in a very good mood. Real Betis come to the Emirates on Wednesday, then Dortmund the following Sunday. Nothing's riding on it yet, but the swagger from last season has not gone anywhere. He will have plans for this week."
242cd631-4ec8-41e7-b6ea-70bffb14c842,aston_villa,t,sunday_brief,routine,,archived,t,2026-08-02 09:20:18.093161+00,2026-08-02 11:20:18.093161,2026-08-02 09:20:16+00,2026-08-02 09:20:21.326+00,2026-08-02 11:20:21.326,0.05388065000000000000,11,,,,"Aston Villa are on pre-season tour this week with Bayern Munich on Friday, after finishing fourth and securing Champions League.",Champions League confirmed,Villa finished 4th last season. Bayern Munich in pre-season on Friday.,"Fourth place.
Champions League.",Villa are on pre-season tour. Bayern on Friday. CL football next season confirmed.,,"[""Tell him Villa are playing Bayern on Friday, which should start a conversation about next season."", ""Fourth place means Champions League, so the summer mood should still be good despite some pre-season losses."", ""Ask him: does the pre-season form matter, or does it all reset once the season starts?""]",,f,,f,,395,"Villa finished fourth in the Premier League last season with 65 points, which means Champions League football next year. Pre-season hasn't been smooth on tour though: a 2-4 loss to Real Sociedad last Monday, then a 1-2 defeat to Porto before that. They play BG Pathum United in Thailand on Tuesday, then Bayern Munich on Friday. Rough opposition for a friendly, but the CL place is what matters."
292bfa48-182a-4b97-b3fa-4ebf33641721,bournemouth,t,sunday_brief,routine,,archived,t,2026-08-02 09:20:27.572895+00,2026-08-02 11:20:27.572895,2026-08-02 09:20:27+00,2026-08-02 09:20:30.166+00,2026-08-02 11:20:30.166,0.04321841666666666667,11,,,,Bournemouth beat Augsburg 5-2 in pre-season and hold sixth place from last season's brilliant campaign.,"Sixth place, Europe secured",Bournemouth beat Augsburg 5-2 in pre-season. Genoa at home Tuesday.,"Sixth place.
Europe next year.",57 points last season. Pre-season win over Augsburg. European football confirmed.,,"[""Let him know Bournemouth are in Europe next season, then watch his face."", ""They beat Augsburg 5-2 in pre-season last Wednesday, so today is a good day to bring it up."", ""Ask him: will European nights at the Vitality feel real to him yet?""]",,f,,f,,387,"Bournemouth had a great 2025/26 season, finishing sixth with 57 points and securing a place in European football next year. Pre-season is going well too: a 5-2 win over FC Augsburg on Wednesday was exactly the kind of result to keep the mood light. This week brings Genoa at home on Tuesday, then Real Betis away next Saturday. Relaxed week overall, but the fixture list is entertaining."
0860cd61-04fe-4732-a5f2-ad9a5e53aa35,brentford,t,sunday_brief,routine,,archived,t,2026-08-02 09:20:35.738247+00,2026-08-02 11:20:35.738247,2026-08-02 09:20:35+00,2026-08-02 09:20:38.517+00,2026-08-02 11:20:38.517,0.04631255000000000000,11,,,,Brentford head into pre-season quietly after a solid ninth-place finish last season on 53 points.,"Ninth place, Rennes Saturday",Brentford finished 9th last season. First pre-season game vs Rennes on Saturday.,"Ninth place.
Rennes Saturday.",53 points last season. Pre-season starts with Rennes away this Saturday.,,"[""Tell him Rennes away is this Saturday if he hasn't clocked the pre-season schedule."", ""Ninth place and 53 points last season. Not a lot to complain about from where they were."", ""Ask him: any summer business he's hoping for before the transfer window closes?""]",,f,,f,,364,"Brentford ended the 2025/26 Premier League season in ninth place with 53 points, a solid if unfussy campaign. Pre-season proper gets going soon: Rennes away next Saturday is the first real outing, then Eintracht Frankfurt at home the week after. Nothing to set the pulse racing just yet, but if he follows them, ninth place is a fine foundation for the new season."
0da3941d-f55b-4cd3-96d2-0900c25160e2,brighton,t,sunday_brief,routine,,archived,t,2026-08-02 09:20:44.109179+00,2026-08-02 11:20:44.109179,2026-08-02 09:20:43+00,2026-08-02 09:20:46.508+00,2026-08-02 11:20:46.508,0.03998035000000000000,11,,,,Brighton beat Strasbourg 4-3 in pre-season yesterday and have AS Roma at the Amex this Saturday.,Brighton beat Strasbourg 4-3,Eighth place last season. AS Roma at the Amex this Saturday.,"Eighth place.
Roma Saturday.",Brighton beat Strasbourg 4-3 on Saturday. Roma at the Amex this Saturday.,,"[""Tell him Brighton beat Strasbourg 4-3 yesterday, which he'll probably already know."", ""AS Roma come to the Amex this Saturday, which is a decent enough pre-season test."", ""Ask him: does eighth place feel like a success for Brighton at this stage of the club?""]",,f,,f,,376,"Brighton had another decent campaign in 2025/26, finishing eighth with 53 points. Pre-season has already produced a proper match: a 4-3 win over Strasbourg on Saturday was an entertaining one if he was watching. This week is relatively quiet, with AS Roma the next fixture at the Amex on Saturday. Not a bad warmup for the new season, and the style of football is still there."
b0310c43-c5b2-4829-b40f-a4a8b57b65ab,burnley,f,sunday_brief,routine,,archived,t,2026-08-02 09:20:51.961411+00,2026-08-02 11:20:51.961411,2026-08-02 09:20:51+00,2026-08-02 09:20:53.576+00,2026-08-02 11:20:53.576,0.02690981666666666667,11,,,,"Burnley's Premier League chapter is closed: 19th place and 22 points meant relegation, Championship ahead.",Relegated. Torino today.,Burnley went down 19th last season. Pre-season continues with Torino at home today.,"Relegated.
Championship ahead.","Burnley finished 19th on 22 points. Pre-season underway, Championship football next.",,"[""Today's pre-season game vs Torino is on if he wants something to watch this afternoon."", ""Worth noting: Burnley vs West Ham on August 16 will be a Championship fixture, two relegated clubs."", ""Ask him: does he think they can bounce straight back up like last time?""]",,f,,f,,408,"Burnley finished 19th in the Premier League last season with just 22 points, which meant relegation. It was a hard campaign. Pre-season is underway though: they drew 2-2 with Espanyol last Tuesday, and today they host Torino at Turf Moor. The Championship season is ahead, and clubs have bounced back from worse. Notts County on Saturday, then a fixture against West Ham on August 16th, both relegated teams."
9720c590-e01d-4054-9200-799440f5b321,chelsea,t,sunday_brief,routine,,archived,t,2026-08-02 09:20:59.417257+00,2026-08-02 11:20:59.417257,2026-08-02 09:20:59+00,2026-08-02 09:21:01.263+00,2026-08-02 11:21:01.263,0.03076238333333333333,11,,,,"Chelsea lost to Spurs in pre-season yesterday, but Juventus and AC Milan are coming to Stamford Bridge this week.","Lost to Spurs, Juventus next",Chelsea lost 1-2 to Spurs on Saturday. Juventus at Stamford Bridge this Wednesday.,"Lost to Spurs.
Juventus next.","1-2 to Tottenham on Saturday. Juventus at Stamford Bridge Wednesday, then AC Milan.",,"[""Mention the Spurs result to read the room, then pivot quickly to Juventus on Wednesday."", ""He'll have an opinion on whether losing a pre-season friendly to Spurs matters. He is wrong either way."", ""Ask him: should Chelsea be aiming higher than 10th this season?""]",,f,,f,,395,"Chelsea finished 10th last season with 52 points, which is not where the club aims to be. Pre-season hasn't started brilliantly either: a 1-2 loss to Tottenham on Saturday will have stung, even if it means nothing officially. The good news is Juventus visit Stamford Bridge on Wednesday, then AC Milan on Saturday. Italian opposition makes for a much more interesting warmup than most clubs get."
09e52ec0-572a-42d2-bebd-d9cc068fd432,crystal_palace,t,sunday_brief,routine,,archived,t,2026-08-02 09:21:06.104254+00,2026-08-02 11:21:06.104254,2026-08-02 09:21:05+00,2026-08-02 09:21:08.167+00,2026-08-02 11:21:08.167,0.03437910000000000000,11,,,,Crystal Palace won 3-1 in pre-season on Thursday and face Fulham in a London friendly this Friday.,Palace face Fulham on Friday,Won 3-1 in pre-season Thursday. London derby friendly vs Fulham on Friday.,"Mid-table.
Fulham on Friday.",Crystal Palace finished 15th with 45 points. Pre-season friendly vs Fulham this Friday.,,"[""Tell him Palace are playing Fulham in a pre-season friendly on Friday."", ""Worth knowing: they beat Al Ula 3-1 last Thursday, so the mood heading into the week is good."", ""Ask him: does 15th place feel steady to him, or does he want more next season?""]",,f,,f,,326,"Palace finished 15th last season with 45 points, comfortably clear of trouble. Pre-season has picked up nicely: a 3-1 win over Al Ula on Thursday was a good run-out. This week brings a local flavour: Fulham away on Friday, a London pre-season friendly that always has a bit of edge. Relaxed week for him, which is about right."
79e30976-dd09-45ea-9ea6-bc4104906d3c,everton,t,sunday_brief,routine,,archived,t,2026-08-02 09:21:13.021534+00,2026-08-02 11:21:13.021534,2026-08-02 09:21:12+00,2026-08-02 09:21:14.68+00,2026-08-02 11:21:14.68,0.02764110000000000000,11,,,,Everton beat Hamburg 2-1 in pre-season yesterday and travel to VfB Stuttgart this Saturday.,Everton beat Hamburg 2-1,"13th last season, solid pre-season start. Stuttgart away on Saturday.","13th place.
Beat Hamburg.",Everton beat Hamburg 2-1 in pre-season Saturday. Stuttgart away this week.,,"[""Tell him Everton beat Hamburg 2-1 yesterday, he might not have caught it."", ""Stuttgart away this Saturday is the next one, so the pre-season tour continues."", ""Ask him: what's his realistic ambition for Everton next season?""]",,f,,f,,354,"Everton ended 2025/26 in 13th place with 49 points, a steady if unglamorous season. The new pre-season is off to a solid start though: a 2-1 win over Hamburger SV in Germany yesterday was a clean result. This week the focus is Stuttgart on Saturday, another away trip in Europe. Not a lot to set pulses racing, but the form is calm and consistent enough."
2416f5b2-7e30-4738-a72f-cf0748ae52a4,fulham,t,sunday_brief,routine,,archived,t,2026-08-02 09:21:19.792189+00,2026-08-02 11:21:19.792189,2026-08-02 09:21:19+00,2026-08-02 09:21:22.398+00,2026-08-02 11:21:22.398,0.04343018333333333333,11,,,,Fulham beat Farense 2-1 in Portugal yesterday and host Crystal Palace at Craven Cottage this Friday.,Palace at the Cottage Friday,Fulham beat Farense 2-1 in pre-season. Crystal Palace at home this Friday.,"11th place.
Palace on Friday.",Fulham finished 11th with 52 points. Crystal Palace at Craven Cottage this Friday.,,"[""Tell him Crystal Palace come to the Cottage on Friday, good excuse to make plans."", ""Worth knowing: Fulham beat Farense 2-1 in Portugal yesterday, clean pre-season run."", ""Ask him: does he think Fulham can push above 11th next season?""]",,f,,f,,335,"Fulham finished 11th last season on 52 points, keeping their mid-table footing comfortably. Pre-season has them in Portugal: they beat Farense 2-1 on Saturday, which was a tidy result. This week brings Crystal Palace to Craven Cottage on Friday, a London pre-season friendly that always has a little edge. Good week to be a Fulham fan."
902c95ad-a4de-4f6c-8756-48d979d73b18,leeds,t,sunday_brief,routine,,archived,t,2026-08-02 09:21:28.275911+00,2026-08-02 11:21:28.275911,2026-08-02 09:21:27+00,2026-08-02 09:21:30.617+00,2026-08-02 11:21:30.617,0.03901815000000000000,11,,,,"Leeds host Liverpool in a pre-season friendly at Elland Road today, after a solid first season back in the Premier League.",Leeds host Liverpool today,"Elland Road hosts Liverpool in pre-season today. 14th place last season, solid return.","Leeds vs Liverpool.
Today.",Leeds host Liverpool in pre-season today. Finished 14th last season on their PL return.,,"[""There's a game today: Liverpool at Elland Road. Worth mentioning before he checks the scores."", ""Leeds finished 14th on their return to the Premier League, so the season delivered what it needed to."", ""Ask him: does he think Leeds can push higher next season now they know the league again?""]",,f,,f,,406,"Leeds returned to the Premier League in 2025/26 and finished 14th with 47 points, which was a respectable first campaign back. Pre-season has been encouraging: a 1-0 win over Sunderland last Thursday was a tidy result. Today is the interesting one though: Liverpool visit Elland Road, which will feel significant regardless of what is at stake. RB Leipzig on Saturday, then Man Utd the following Wednesday."
d56ed39c-6825-4f66-b4ec-3d9f9f0339bb,liverpool,t,sunday_brief,routine,,archived,t,2026-08-02 09:21:35.368317+00,2026-08-02 11:21:35.368317,2026-08-02 09:21:35+00,2026-08-02 09:21:37.36+00,2026-08-02 11:21:37.36,0.03319471666666666667,11,,,,Liverpool face Leeds at Anfield in pre-season today after finishing fifth last season and securing European football.,Leeds at Anfield today,"Liverpool host Leeds in pre-season today. Fifth last season, European football secured.","Fifth place.
Leeds today.",Liverpool finished 5th with 60 points. Leeds at Anfield in pre-season today.,,"[""There's a game on today: Leeds at Anfield. Worth mentioning if you're making plans."", ""Fifth place and European football next season, which is exactly where he'd want them."", ""Ask him: is fifth place the new normal for Liverpool, or is he expecting a push for the top?""]",,f,,f,,360,"Liverpool ended 2025/26 in fifth place with 60 points, which keeps them in the European places. Pre-season is ticking along: a 1-0 win over Wrexham on Wednesday, and Leeds come to Anfield today. Monaco are next Sunday, so the schedule builds nicely. He will be in that quiet summer football mood, half watching, half wondering what this season could look like."
3812b44b-1a2f-4d4f-8a89-2a403195e5f0,man_city,t,sunday_brief,routine,,archived,t,2026-08-02 09:21:43.66728+00,2026-08-02 11:21:43.66728,2026-08-02 09:21:43+00,2026-08-02 09:21:45.228+00,2026-08-02 11:21:45.228,0.02601200000000000000,11,,,,Man City drew 1-1 with Inter in pre-season and head to South Korea for the K-League Stars on Wednesday.,City drew with Inter 1-1,Runners-up last season. K-League Stars away Wednesday. Arsenal on August 16.,"Runners-up.
Arsenal coming.","City finished 2nd on 78 points. K-League Wednesday, Atletico next Sunday, Arsenal Aug 16.",,"[""Worth flagging: City play Arsenal on August 16th at the Emirates. He is already thinking about it."", ""They drew 1-1 with Inter on Saturday, steady start to pre-season."", ""Ask him: does City finishing second feel like failure, or is it just what Arsenal were this year?""]",,f,,f,,426,"City finished second in the Premier League last season with 78 points, seven behind Arsenal. Champions League football is confirmed. Pre-season is underway: a 1-1 draw with Inter on Saturday was a solid run-out. This week they head to South Korea for the K-League Stars on Wednesday, then Atletico Madrid at the Etihad next Sunday. And pencil in August 16th: Arsenal away at the Emirates. He will not be casual about that one."
9a907e30-7be2-4439-8d11-f0a3739c4153,man_utd,t,sunday_brief,routine,,archived,t,2026-08-02 09:21:50.221842+00,2026-08-02 11:21:50.221842,2026-08-02 09:21:49+00,2026-08-02 09:21:51.678+00,2026-08-02 11:21:51.678,0.02426930000000000000,11,,,,Man Utd beat Atletico Madrid 2-1 in pre-season yesterday and host PSG at Old Trafford this Saturday.,"Beat Atletico, PSG this week",Man Utd won 2-1 vs Atletico in pre-season. PSG at Old Trafford this Saturday.,"Third place.
PSG this Saturday.",United beat Atletico 2-1 on Saturday. PSG at Old Trafford this Saturday in pre-season.,,"[""Tell him United beat Atletico 2-1 yesterday if he hasn't already checked."", ""PSG at Old Trafford this Saturday is worth watching: two clubs with a point to prove."", ""Ask him: is third place a sign United are back, or just a better season than usual?""]",,f,,f,,365,"United finished third in the Premier League last season with 71 points, securing Champions League football. Pre-season is going well: a 2-1 win over Atletico Madrid yesterday was a strong result and will have lifted the mood. This week PSG visit Old Trafford on Saturday, which will feel like a statement even as a friendly. Then Leeds away on Wednesday after that."
e9bac5a7-c484-455f-8d28-b0815e1e5ce9,newcastle,t,sunday_brief,routine,,archived,t,2026-08-02 09:21:57.147394+00,2026-08-02 11:21:57.147394,2026-08-02 09:21:56+00,2026-08-02 09:21:58.978+00,2026-08-02 11:21:58.978,0.03051010000000000000,11,,,,Newcastle lost 4-1 to Bristol City in pre-season last week and head to Valencia this Saturday.,Lost to Bristol City 4-1,Newcastle lost 4-1 to Bristol City in pre-season. Valencia away this Saturday.,"Lost to Bristol City.
Valencia next.",Newcastle lost 4-1 in pre-season Tuesday. Valencia away this Saturday.,,"[""Tell him Newcastle lost 4-1 to Bristol City in pre-season, then watch his reaction."", ""Valencia away on Saturday is the next chance to see whether that was a blip or a concern."", ""Ask him: does 12th place feel like where Newcastle should be right now?""]",,f,,f,,353,"Newcastle finished 12th last season with 49 points, a flat end to a season that promised more. Pre-season has started poorly: a 4-1 loss to Bristol City last Tuesday was the kind of result that stings even in July. Valencia away this Saturday is a step up in quality and will say more about where they actually are. He will have opinions about that one."
22d67e77-0c35-441c-8713-39269f1b1cb1,nottm_forest,t,sunday_brief,routine,,archived,t,2026-08-02 09:22:05.178673+00,2026-08-02 11:22:05.178673,2026-08-02 09:22:04+00,2026-08-02 09:22:06.556+00,2026-08-02 11:22:06.556,0.02295545000000000000,11,,,,"Nottingham Forest face Barcelona and Udinese in pre-season this Saturday, after a mixed week in Portugal.",Forest face Barcelona Saturday,"16th place last season, safe. Barcelona away in pre-season this Saturday.","16th place.
Barcelona Saturday.",Forest finished 16th safely. Barcelona away in a pre-season tournament this Saturday.,,"[""Tell him Forest play Barcelona in a pre-season tournament on Saturday, that'll spark something."", ""Worth knowing: they beat Portimonense 2-1 and lost to Sporting 4-1 on Friday, it was a full-on pre-season day."", ""Ask him: can Forest push on from 16th, or is staying up enough ambition right now?""]",,f,,f,,387,"Forest finished 16th last season with 44 points, enough to stay up comfortably. Pre-season has taken them to Portugal: they beat Portimonense 2-1 on Friday but lost 4-1 to Sporting CP the same day, which evens out to a busy and eventful trip. This Saturday brings two fixtures: Udinese and then Barcelona, likely in a mini-tournament. The City Ground faithful will take a Barcelona trip."
e1cc0173-eef8-4ce6-ac94-ae4c693665ab,spurs,t,sunday_brief,routine,,archived,t,2026-08-02 09:22:11.39522+00,2026-08-02 11:22:11.39522,2026-08-02 09:22:11+00,2026-08-02 09:22:12.78+00,2026-08-02 11:22:12.78,0.02307966666666666667,11,,,,Spurs survived the drop in 17th last season and started pre-season with a 2-1 win over Chelsea.,Survived. Beat Chelsea 2-1.,"Spurs finished 17th, two above the drop. Beat Chelsea 2-1 in pre-season Saturday.","17th place.
Survived.",Spurs finished 17th on 41 points. Beat Chelsea 2-1 in pre-season on Saturday.,,"[""Tell him Spurs beat Chelsea 2-1 in pre-season yesterday, that'll set the mood."", ""Worth noting: they finished 17th last season, so survival was the actual result."", ""Ask him: was last season a blip, or is 17th closer to where Spurs are right now?""]",,f,,f,,354,"Tottenham finished 17th last season with 41 points, just two clear of the relegation zone. They survived, but it was close enough to feel uncomfortable. Pre-season is off to a better start: a 2-1 win over Chelsea on Saturday will have gone down well. Getafe come to the Lane this Saturday. He'll be cautiously optimistic, which is fair given last season."
872c4c12-fc12-44b9-915a-0f6e7e1bdd8e,sunderland,t,sunday_brief,routine,,archived,t,2026-08-02 09:22:19.311396+00,2026-08-02 11:22:19.311396,2026-08-02 09:22:18+00,2026-08-02 09:22:20.675+00,2026-08-02 11:22:20.675,0.02272673333333333333,11,,,,Sunderland play Wrexham today after a historic first Premier League season that ended in seventh place and European football.,"Sunderland: 7th, Europe secured","Sunderland play Wrexham today. Historic first PL season: 7th place, European football.","Seventh place.
Europe confirmed.",Sunderland finished 7th in their first PL season. European football secured. Wrexham away today.,,"[""Tell him Sunderland are at Wrexham today if he wants something to follow this afternoon."", ""Seventh place and European football in their first season back up. He'll still be talking about that."", ""Ask him: did he expect Sunderland to finish seventh when they got promoted?""]",,f,,f,,390,"Sunderland's first season back in the Premier League ended in seventh place with 54 points, a remarkable result that brings European football to the Stadium of Light. Pre-season hasn't been perfect: a 0-1 loss to Leeds last Thursday, but the mood should still be high. They're at Wrexham today, then face Lens in France next Saturday. A genuinely feel-good summer for anyone following them."
a5248ff6-a393-4517-9bf9-a8a02dd26efd,west_ham,f,sunday_brief,routine,,archived,t,2026-08-02 09:22:26.37671+00,2026-08-02 11:22:26.37671,2026-08-02 09:22:26+00,2026-08-02 09:22:27.694+00,2026-08-02 11:22:27.694,0.02195483333333333333,11,,,,"West Ham are in the Championship after finishing 18th last season with 39 points, relegated from the bottom three.",Relegated. Championship ahead.,"West Ham are down in 18th. Portsmouth at home Saturday, Championship season starting.","18th place.
Championship.",West Ham finished 18th and are relegated. Championship football ahead.,,"[""He'll know they went down, but it's worth noting August 16 vs Burnley will be a Championship game."", ""West Ham drew 1-1 with Magdeburg yesterday, pre-season quietly underway."", ""Ask him: is this a one-season drop, or does he see a longer rebuild ahead?""]",,f,,f,,412,"West Ham's 2025/26 season ended in 18th place with 39 points, which was not enough to climb out of the bottom three and avoid relegation. Pre-season has them drawing 1-1 with FC Magdeburg on Saturday, and Portsmouth come to the London Stadium next Saturday. Then on August 16th, Burnley away, another relegated club: that one will be a Championship fixture. Tough to process, but the task now is getting back up."
e81483ea-0d4a-4cdd-a588-051433de0481,wolves,f,sunday_brief,routine,,archived,t,2026-08-02 09:22:33.485308+00,2026-08-02 11:22:33.485308,2026-08-02 09:22:33+00,2026-08-02 09:22:35.067+00,2026-08-02 11:22:35.067,0.02636153333333333333,11,,,,"Wolves finished bottom of the Premier League last season with 20 points, and the Championship is next.",Bottom club. Championship next.,"Wolves finished 20th last season. Won 3-0 in pre-season Saturday, Port Vale Friday.","20th place.
Championship.","Wolves finished bottom with 20 points. Pre-season win Saturday, Port Vale at Molineux Friday.",,"[""Tell him Wolves won 3-0 in pre-season yesterday, a small bit of warmth for a tough summer."", ""Port Vale at Molineux on Friday is the next one, Championship-level fare from here."", ""Ask him: does he think Wolves can bounce straight back to the Premier League?""]",,f,,f,,389,"Wolves ended 2025/26 as the bottom club in the Premier League with 20 points, which meant automatic relegation. Pre-season has given something to smile about though: a 3-0 win over Racing Santander on Saturday was a tidy result. This week Port Vale visit Molineux on Friday, then Blackburn the following Thursday. Championship-level opposition feels fitting right now. There is work to do."
3dba3b23-3fe3-455e-af81-2cf91e6dca0c,bournemouth,t,news,routine,,archived,t,2026-08-02 22:42:48.532282+00,2026-08-03 00:42:48.532282,2026-08-02 22:42:47+00,2026-08-02 22:42:52.231+00,2026-08-03 00:42:52.231,0.06164530000000000000,00,,,,Bournemouth finalising £11.1m deal for right-back Juanlu from Sevilla. New manager Marco Rose is putting the squad together fast.,Squad taking shape,Bournemouth are finalising a £11.1m deal for Sevilla right-back Juanlu. Rose builds fast.,"bournemouth.
juanlu incoming.
rose's rebuild.",Like a new flatmate who repainted before you'd even unpacked. This is Rose's squad now.,Bournemouth are finalising a move for right-back Juanlu from Sevilla for £11.1m. New manager Marco Rose is building his squad ahead of the new season.,"[""Tell him Bournemouth are about to sign a right-back from Sevilla for £11.1m. New manager, busy window."", ""Ask him: is Marco Rose the manager to take Bournemouth even higher than last season?"", ""He'll probably say something about their run last year. They finished sixth, and Rose doesn't seem done yet.""]",exciting,f,,f,{bournemouth},257,"Bournemouth are about to add another new face. A right-back called Juanlu is joining from Sevilla for £11.1m, and new manager Marco Rose is clearly not hanging around. Pre-season's barely started and he's already got his squad moving in the right direction."
70be08ad-2eba-40e8-835c-9b12d502e60b,chelsea,t,news,routine,,archived,t,2026-08-02 22:47:42.268708+00,2026-08-03 00:47:42.268708,2026-08-02 22:47:41+00,2026-08-02 22:47:45.199+00,2026-08-03 00:47:45.199,0.04883820000000000000,00,,,,Chelsea sign Argentina left-back Valentín Barco from Strasbourg on a seven-year deal.,Stories incoming,Chelsea sign left-back Barco on 7 years. He clashed with Bellingham this summer.,"barco.
seven years. chelsea.
his summer drama.",Like adding to the group chat the person from that viral row everyone saw this summer.,Chelsea have signed Argentina left-back Valentín Barco from their sister club Strasbourg on a seven-year deal. Xabi Alonso is building his squad quickly ahead of the new Premier League season.,"[""Tell him Chelsea signed the Argentine left-back Barco today on a seven-year deal. The one who got into it with Bellingham at the World Championship."", ""Ask him: does signing someone with that kind of tournament drama say something about the squad Alonso's building?"", ""He'll have thoughts on the Bellingham moment. Pour him a drink and let him get into it.""]",exciting,t,Chelsea sign Argentina left-back Valentín Barco from Strasbourg on a seven-year deal.,f,{chelsea},469,"Valentín Barco is Chelsea's latest signing. The Argentina left-back joined from Strasbourg, Chelsea's sister club in France, on a seven-year deal. Xabi Alonso (Chelsea's new manager) is putting the squad together quickly. Barco's not a quiet arrival. He got into a very public, viral row with Jude Bellingham (England's star midfielder) during the World Championship semi-final this summer. If [his name] watched the tournament, he'll have plenty to say about this one."
7d476df9-8a87-40d7-adc7-3e7c86e4a41e,liverpool,t,news,routine,,archived,t,2026-08-02 22:50:51.80042+00,2026-08-03 00:50:51.80042,2026-08-02 22:50:50+00,2026-08-02 22:50:56.37+00,2026-08-03 00:50:56.37,0.07615966666666666667,00,,,,Liverpool led Leeds 2-0 at half-time in their pre-season US tour. They lost 4-2.,He'll be baffled,"Liverpool led Leeds 2-0 at half, lost 4-2. He needs to vent about this one.","liverpool 2-4 leeds.
2-0 up at half.
don't ask how.",Like texting someone a perfect message and autocorrect mangling the last word to something truly unexpected.,Liverpool led 2-0 at half-time against Leeds in their US pre-season tour and lost 4-2. He'll be processing this one for a while.,"[""Tell him Liverpool were 2-0 up at half and lost 4-2 to Leeds. He'll want to know every detail of what went wrong."", ""Ask him: is this a pre-season blip or something to actually worry about heading into the season?"", ""He'll go through it goal by goal. Let him. It's how he processes these things.""]",bad_news,t,Liverpool led Leeds 2-0 at half-time in their US pre-season tour and lost 4-2.,f,"{liverpool,leeds}",350,"Liverpool were winning this one comfortably. 2-0 up at half-time against Leeds in their pre-season tour in the United States. Then somehow they lost 4-2. It's pre-season, so it won't go in the record books. But if [his name] is a Liverpool fan, a second-half collapse like this is the kind of thing that stays with you until the proper season starts."
2667263e-264e-4b9d-b6c0-53175780a3ba,man_utd,t,news,routine,,archived,t,2026-08-02 22:57:10.706195+00,2026-08-03 00:57:10.706195,2026-08-02 22:57:09+00,2026-08-02 22:57:14.013+00,2026-08-03 00:57:14.013,0.05511341666666666667,00,,,,"Rashford returns to Man Utd after Barcelona loan, Flick says he'll 'miss' him",He's back from Barcelona,"Rashford's loan at Barça is done. He's back at United, and Flick said he'll miss him.","the lad who went to
barça and came back
a different player","Like your mate who did a gap year in Barcelona and came back with opinions about pressing space, and their old boss actually admitted they'd miss having them around.",Rashford spent last season on loan at Barcelona and earned glowing words from their manager on his way out. He returns to United with more confidence heading into the new campaign.,"[""Flick literally said he'll 'miss' Rashford, what does that tell you about how the loan went?"", ""Do you reckon Rashford might have wanted to stay longer at Barcelona?"", ""Does a successful loan in Spain change how [his name] sees Rashford's future at United?""]",exciting,f,,f,{man_utd},346,"Marcus Rashford is back at Man Utd after his loan spell at Barcelona came to an end. The forward had a successful stint in Spain, and Barcelona boss Hansi Flick wasn't shy about the goodbye, he said he'll 'miss' Rashford. Pre-season is in its final stretch and [his name] will have an opinion on whether this is the right time for him to be back."
fa101839-d42a-40f3-94e7-9d61386c63f1,sunderland,t,news,routine,,archived,t,2026-08-02 23:01:21.141213+00,2026-08-03 01:01:21.141213,2026-08-02 23:01:20+00,2026-08-02 23:01:24.079+00,2026-08-03 01:01:24.079,0.04896311666666666667,01,,,,"Sunderland beat Wrexham 1-0 in Philadelphia, pre-season done, European football next",Pre-season W before Europe,"Sunderland beat Wrexham 1-0 in Philadelphia, warming up for a first-ever European season.","pre-season done
1-0 in philadelphia
european next","Like winning the warm-up game before the most important match of your career, everything points up.",Sunderland rounded off pre-season with a 1-0 win over Wrexham in Philadelphia. Next up: European football for the first time in the club's history.,"[""They're going into European football for the very first time this season, how excited is [his name] about that?"", ""Seventh in their first season back in the Premier League, was that better than he expected?"", ""Do you think the European campaign will excite or distract them from the league?""]",exciting,f,,f,{sunderland},306,"Sunderland wrapped up pre-season with a 1-0 win over Wrexham in Philadelphia. A clean sheet and three points to take into what is, remarkably, only their second Premier League season, and their first ever in European football. If [his name] is a Sunderland fan, the buzz around this club right now is real."
49ef6d02-11b4-4f8c-a8bd-310878db75a8,arsenal,t,news,routine,,archived,t,2026-08-03 06:47:43.152293+00,2026-08-03 08:47:43.152293,2026-08-03 06:47:42+00,2026-08-03 06:47:48.222+00,2026-08-03 08:47:48.222,0.08449511666666666667,08,,,,"Arteta (Arsenal's manager) says more signings are expected before the window closes, while staying quiet on any specific targets.",He might have opinions,Arsenal's manager says more signings are coming. Who's next? He's not saying.,"arteta.
not done yet.
more to come.",Like your friend who posted 'done shopping' and then appeared two hours later with four more bags. Arteta's window isn't closed.,Arsenal's manager says the summer isn't over yet. He's expecting more signings before the transfer window closes. The squad could look different by the time the season starts.,"[""Tell him Arteta said more signings are coming this summer. He'll start speculating immediately."", ""Ask him: does he think Arsenal need another big name, or is the squad already good enough?"", ""He's probably already got his own list of who they should sign. This is his invitation to share it.""]",exciting,f,,f,{arsenal},320,"Arteta was asked about reports linking Arsenal with a big-name winger and he refused to confirm anything. What he did say: he expects more Arsenal signings before the summer window closes.

For a squad that already looks strong, that's interesting news. More new faces could still be on the way before the season starts."
96134148-d26a-4cc8-848a-ab97e561703e,chelsea,t,news,routine,,archived,t,2026-08-03 06:48:13.626946+00,2026-08-03 08:48:13.626946,2026-08-03 06:48:12+00,2026-08-03 06:48:15.657+00,2026-08-03 08:48:15.657,0.03383423333333333333,08,,,,Xabi Alonso (Chelsea's new manager) says the Real Madrid experience left a mark but it's healed. He chose Chelsea on instinct and he's all in.,He'll have a whiteboard out,Chelsea's new boss Alonso says the Real Madrid chapter is closed. He's all in.,"alonso.
over madrid.
all chelsea.",Like blocking your ex on Instagram and two months later realising you genuinely don't miss them. Alonso's done processing Madrid. He's here now.,Chelsea's new manager says his difficult experience at his last club is behind him. Xabi Alonso chose Chelsea on instinct and sees it as a genuine opportunity.,"[""Tell him Alonso said he followed his gut to Chelsea and has no regrets."", ""Ask him: does he think Alonso has the right profile for what Chelsea are building?"", ""Did you know Chelsea's new manager had a difficult spell at his last club? He's been pretty open about it.""]",exciting,f,,f,{chelsea},337,"Xabi Alonso gave his first proper account of why he chose Chelsea. He said the 'scar' from his time at Real Madrid has healed, and he trusted his instinct when Chelsea came calling.

He sees it as an exciting opportunity. No reservations. For Chelsea fans, that's the kind of commitment you want from a new manager heading into a season."
70662f23-2ac8-4a66-aced-c0242c72069f,man_city,t,news,routine,,archived,t,2026-08-03 06:48:31.308677+00,2026-08-03 08:48:31.308677,2026-08-03 06:48:30+00,2026-08-03 06:48:34.465+00,2026-08-03 08:48:34.465,0.05260538333333333333,08,,,,Antoine Semenyo (Manchester City's new forward) says new manager Maresca's style is 'music to my ears'. Early pre-season signs are good.,He'll have thoughts on this,Man City new signing Semenyo says Maresca's style is 'music to my ears'. He's a fan.,"semenyo loves it.
maresca's setup.
music, he says.",Like starting a new job and within a week DMing the group chat 'okay this place is actually sick.' Semenyo's not hedging. He's sold.,Manchester City's new forward has joined and immediately praised the new manager's style of play. Early pre-season signs are positive under Maresca.,"[""Tell him Semenyo called Maresca's style 'music to my ears'. He'll have a view on whether that's realistic."", ""Ask him: does he think Maresca is the right fit for Man City?"", ""Did you know Man City already have new signings praising the new manager publicly? Semenyo's smitten.""]",exciting,f,,f,{man_city},298,"Antoine Semenyo has joined Manchester City, and he's already sold on new manager Enzo Maresca's (the new City boss) way of playing. He called it 'music to my ears' after getting his first look at the new setup in pre-season.

Early days, but the new players and the new manager seem to be clicking."
483a7cfd-78cd-478c-bb6f-1298b3c414ec,newcastle,t,news,routine,,archived,t,2026-08-03 06:48:50.660661+00,2026-08-03 08:48:50.660661,2026-08-03 06:48:49+00,2026-08-03 06:48:52.967+00,2026-08-03 08:48:52.967,0.03843898333333333333,08,,,,Newcastle are being described as a club at a crossroads this summer. Key players have left and new manager Matthias Jaissle faces a significant rebuild.,He might be nervous,Newcastle are described as 'a club at a crossroads'. Jaissle walks into a real rebuild.,"newcastle.
at a crossroads.
jaissle's task.","It's like a group chat where three of the funniest people go quiet and someone new joins. Same group, completely different energy. Jaissle's walking into that.",Newcastle have lost key players and their previous manager this summer. New boss Jaissle faces an unusual challenge rebuilding the squad and the team's identity from scratch.,"[""Tell him Newcastle are being called 'a club at a crossroads' this summer. He'll probably agree."", ""Ask him: does he think Jaissle can actually turn things around?"", ""Did you know Newcastle have lost several key players and their previous manager this summer? It's a full rebuild.""]",drama,f,,f,{newcastle},375,"Analysis published today paints Newcastle as a club that's lost a lot this summer. Key players are gone, the previous manager Eddie Howe has left, and new boss Matthias Jaissle (appointed last week) is starting from a difficult base.

The question, as one piece puts it, is whether Jaissle can find a new way for a club that looks like it's in decline. It's a real challenge."
fba60075-710a-419c-bce0-53c5dacd9efd,spurs,t,news,routine,,archived,f,2026-08-03 06:49:07.956657+00,2026-08-03 08:49:07.956657,2026-08-03 06:49:07+00,,,,,,,,Spurs have reportedly made an approach for striker Victor Osimhen. Liverpool forward Cody Gakpo is also said to be in positive talks with them.,He might have a list,"Spurs reportedly targeting Osimhen and Gakpo this summer. Big names, nothing confirmed.","spurs eye two.
osimhen. gakpo.
big if true.",Like when two people slide into your DMs on the same day after months of nothing. Things can move fast. Spurs' summer just got very interesting.,"Tottenham are reportedly targeting two high-profile forwards this summer, Osimhen and Gakpo. Both moves are unconfirmed but the interest is there. Spurs have money to spend.","[""Tell him Spurs are reportedly going after both Osimhen and Gakpo this summer. He'll have a strong take."", ""Ask him: would Osimhen or Gakpo be the better signing for Spurs?"", ""Did you know Spurs could potentially add two big attacking names if these rumours come off? Worth watching.""]",exciting,f,,f,"{spurs,liverpool}",396,"Monday's transfer papers have two big Spurs names. Reports say Tottenham have made an approach for striker Victor Osimhen. Separately, Liverpool forward Cody Gakpo is said to be in positive talks with the club.

Both are unconfirmed and in the rumour stage. But if either or both come off, manager De Zerbi's (Spurs boss) attacking options would look very different by the time the season starts."
4017be47-28da-42de-89af-55187ff7a296,arsenal,t,news,routine,,archived,f,2026-08-03 22:44:45.802834+00,2026-08-04 00:44:45.802834,2026-08-03 22:44:44+00,,,,,,,,Arsenal had their first bid for Bruno Guimarães (Newcastle midfielder and captain) rejected today. Newcastle turned down an offer of around £70m.,"Arsenal bid, rejected",Newcastle turned down Arsenal's opening offer for Bruno Guimaraes.,"arsenal want
guimaraes.
newcastle said no.",It's like sliding into someone's DMs and getting instantly left on read. Arsenal made their move. Newcastle didn't even open the message.,"Arsenal made a formal bid for Newcastle's captain Bruno Guimarães today and were turned down. The offer was reportedly around £70m. Guimarães showed up to Newcastle training, complicating the picture further.","[""Tell him Arsenal were turned down flat for Newcastle's captain. £70m and Newcastle said no."", ""He showed up to Newcastle training this week. That's either loyalty or a negotiating tactic. He'll have a read on which."", ""Ask him: does he think Guimaraes ends up leaving for Arsenal, or staying put?""]",drama,t,Newcastle reject Arsenal's opening bid for captain Bruno Guimarães.,t,"{arsenal,newcastle}",446,"Arsenal have officially made their move for Bruno Guimarães, Newcastle's captain and midfielder. Newcastle turned it down. The offer, reportedly around £70m, was rejected, and Guimarães himself showed up to Newcastle's pre-season training camp today. That is either loyalty or a very pointed negotiating signal.

This is the opening bid. It will not be the last. Arsenal's manager has made clear more signings are coming before the window closes."
6ebb69d1-c865-414e-a0b7-c7376c4e8d8d,brighton,t,news,routine,,archived,t,2026-08-03 22:45:41.920952+00,2026-08-04 00:45:41.920952,2026-08-03 22:45:41+00,2026-08-03 22:45:45.085+00,2026-08-04 00:45:45.085,0.05273413333333333333,00,,,,Brighton are in Europe this season. They've just found out they'll face CFR Cluj or Tromso in the Conference League play-off round to reach the group stage.,European nights incoming,Brighton are in Europe. They face CFR Cluj or Tromso in the Conference League play-off.,"brighton.
european football.
play-off round.","It's like checking your bracket for a tournament you've been building toward all year, then realising your first match is genuinely winnable.",Brighton have discovered their Conference League play-off opponents. They'll face either Romanian side CFR Cluj or Norwegian club Tromso. Win through and they're in European group stage football.,"[""Tell him Brighton found out their European opponents. He'll have already looked both clubs up."", ""Ask him: does he rate Brighton's chances of getting through the play-off and into the group stage?"", ""CFR Cluj and Tromso are two clubs Brighton have never faced. European nights at the Amex are almost here.""]",exciting,f,,f,{brighton},324,"Brighton have learned their European route this season. They'll face either CFR Cluj or Tromso in the Conference League play-off round, with a place in the group stage on the line.

It's the kind of milestone moment fans have been waiting for. Win those play-off matches and European football comes home to the Amex Stadium."
0a084a27-5020-4445-a4e7-0a03eaa805ad,chelsea,t,news,routine,,archived,t,2026-08-03 22:46:25.087423+00,2026-08-04 00:46:25.087423,2026-08-03 22:46:24+00,2026-08-03 22:46:27.995+00,2026-08-04 00:46:27.995,0.04845961666666666667,00,,,,Chelsea signed former Liverpool captain Jordan Henderson on a free. They also sold defender Trevoh Chalobah to Como for around £27.5m.,This is a strange one,"Chelsea signed Jordan Henderson, the former Liverpool captain, on a free.","henderson.
now at chelsea.
from liverpool.","Former Liverpool captain at Chelsea. It's like your ex's ride-or-die best friend asking to be your flatmate, and somehow it's actually happening.","Jordan Henderson, who captained Liverpool, has signed for their rivals Chelsea on a free transfer. Chelsea also sold defender Trevoh Chalobah to Italian club Como for around £27.5m on the same day.","[""Tell him Chelsea signed the former Liverpool captain today. Watch him work out how he feels about that."", ""They also sold Trevoh Chalobah (Chelsea defender) to Italian club Como for around £27.5m. Busy day at Stamford Bridge."", ""Ask him: is signing a veteran midfielder worth it even if it's on a free?""]",drama,t,Chelsea sign former Liverpool captain Jordan Henderson on a free. Trevoh Chalobah sold to Como.,f,"{chelsea,liverpool}",430,"Jordan Henderson, who spent years as Liverpool's captain, has signed a two-year deal with Chelsea on a free transfer. His contract with Brentford was mutually ended first.

On the same day, Chelsea sold defender Trevoh Chalobah to Italian side Como, managed by Cesc Fabregas, for around £27.5m.

Henderson and Liverpool share a significant history, which makes this one of those transfers that tends to generate a strong reaction."
6bcb8e76-b641-49c4-a5d6-8900a1e1c4a2,fulham,t,news,routine,,archived,t,2026-08-03 22:46:55.822304+00,2026-08-04 00:46:55.822304,2026-08-03 22:46:55+00,2026-08-03 22:46:58.525+00,2026-08-04 00:46:58.525,0.04504493333333333333,00,,,,"Fulham have signed two Real Madrid players in one day: striker Gonzalo Garcia and Cesar Palacios, both on five-year deals.",He'll have thoughts,"Fulham signed two Real Madrid players today. Garcia and Palacios, both on five-year deals.","fulham.
two from real madrid.
five years.",Two Real Madrid players in one window. It's like two of those gorgeous Hinge matches you'd given up on both swiping right on the same afternoon.,Fulham have signed two players from Real Madrid on the same day: striker Gonzalo Garcia and Cesar Palacios. Both are on five-year deals. It's one of the most impressive days of business in Fulham's recent history.,"[""Tell him Fulham just signed two Real Madrid players in one day. He'll want to pick that apart."", ""Gonzalo Garcia (striker) and Cesar Palacios, both on five-year deals. Fulham mean business this summer."", ""Ask him: does this make Fulham a genuine top-half threat this season?""]",exciting,t,Fulham sign Gonzalo Garcia and Cesar Palacios from Real Madrid. Both on five-year deals.,f,{fulham},399,"Fulham have had a very good Monday. They signed both Gonzalo Garcia and Cesar Palacios from Real Madrid on the same day, both on five-year contracts.

Garcia reportedly cost around £34m. Signing two players from one of the world's biggest clubs in a single window, let alone on the same day, is a statement.

Fulham have been building steadily and this feels like a proper push for something bigger."
d3ffc7c7-2f34-4690-a917-c527a1531b9b,man_utd,t,news,routine,,archived,f,2026-08-03 22:47:28.481058+00,2026-08-04 00:47:28.481058,2026-08-03 22:47:27+00,,,,,,,,Rashford (Man Utd winger) is reportedly being targeted by Fenerbahce. Turkish club eyeing a big offer. His future at Old Trafford remains unresolved.,"Rashford rumours, again",Fenerbahce reportedly making a big move for Rashford. His Man Utd future is unresolved.,"rashford.
fenerbahce calling.
man utd wait.",Rashford just got back from a loan abroad and there's already a Turkish club waving at him. It's like posting 'I'm back' on Instagram and immediately getting a DM from someone you kind of forgot existed.,"Marcus Rashford reportedly has interest from Turkish club Fenerbahce, who are said to be eyeing a significant offer. He only recently returned to Man Utd from a loan. His future remains unclear.","[""Tell him there's a new twist in the Rashford saga. A Turkish club is reportedly ready to make a big offer."", ""He's only just back at Man Utd after a loan stint. Now Fenerbahce are apparently in the picture."", ""Ask him: should Man Utd look to sell Rashford this summer or try to get something out of him?""]",drama,f,,f,{man_utd},392,"Marcus Rashford is reportedly on the radar of Turkish club Fenerbahce, who are said to be eyeing a significant offer.

Rashford only recently returned to Man Utd after a loan spell. His future at the club remains unclear, with speculation continuing to swirl about his next move.

Nothing is confirmed, so take the gossip for what it is. But Fenerbahce would be a notable change of direction."
0022f3c1-0cc7-4737-9e3a-0794d6acd769,newcastle,t,news,routine,,archived,t,2026-08-03 22:47:55.710374+00,2026-08-04 00:47:55.710374,2026-08-03 22:47:54+00,2026-08-03 22:47:58.955+00,2026-08-04 00:47:58.955,0.05407710000000000000,00,,,,"Newcastle have signed goalkeeper Lukas Hornicek from Braga for £25.7m. Their rebuild is under way, three days after Eddie Howe's departure.","New era, first move",Newcastle signed goalkeeper Hornicek from Braga for £25.7m. Their rebuild has started.,"newcastle.
new keeper, new era.
£25.7m.",Newcastle signed a goalkeeper three days after their manager walked out. It's like updating your LinkedIn the same day you clear your desk.,Newcastle have signed goalkeeper Lukas Hornicek from Braga for £25.7m. It is their first signing since manager Eddie Howe's departure and marks the beginning of a new era at the club.,"[""Tell him Newcastle have made their first signing since Eddie Howe left. A goalkeeper from Braga, £25.7m."", ""Ask him: is this the kind of move that signals a serious rebuild, or just filling a gap?"", ""Three days after their manager leaves and they're already signing players. He'll have a read on whether that's reassuring or just papering over the cracks.""]",drama,t,Newcastle sign Lukas Hornicek from Braga for £25.7m as post-Eddie Howe rebuild begins.,f,{newcastle},354,"Newcastle have made their first signing since manager Eddie Howe left the club. Goalkeeper Lukas Hornicek joins from Portuguese club Braga for £25.7m.

The signing comes three days after Howe's departure, signalling the new regime is moving quickly. Newcastle are at a crossroads this summer, but buying a goalkeeper is a clear first statement of intent."
9b56a125-8702-4a44-b5d7-c125dc4f9848,wolves,f,news,routine,,archived,t,2026-08-03 22:48:24.258774+00,2026-08-04 00:48:24.258774,2026-08-03 22:48:23+00,2026-08-03 22:48:26.684+00,2026-08-04 00:48:26.684,0.04042043333333333333,00,,,,"Wolves manager Cesar Peixoto says his squad isn't carrying the weight of last season's struggles. 'It's a new era, the past is the past.'",Cautious optimism,Wolves' manager says the squad has moved on from last season's relegation. New era.,"wolves.
new era.
peixoto.","It's like the friend who spent all last year venting about their job just announced a vision board, a 6am run, and 'we don't look back anymore.'",Wolves manager Cesar Peixoto says his squad are focused on the future and are not scarred by recent difficult seasons. The new era begins next week with a League Cup fixture.,"[""Tell him Wolves' manager has officially drawn a line under last season. He'll either believe it or he won't."", ""Peixoto says his squad isn't scarred by the past few years at Molineux. Ask him: does he buy it, or is this just pre-season manager talk?"", ""Every team says 'new era' before the season starts. He'll know if Wolves really mean it when the results come in.""]",exciting,f,,f,{wolves},501,"Wolves head coach Cesar Peixoto has spoken publicly about the mindset in his dressing room. He says his squad are looking to the future and are not scarred by the past few seasons of difficulty at Molineux.

'It's a new era, the past is the past' is the message. For a team that finished bottom last season, that's the kind of thing the manager has to say. Whether the results will back it up is another question.

Wolves' first competitive fixture of the new season comes in the League Cup next week."
00a08fc7-a9ca-43de-a5cd-d69cbbf326d6,arsenal,t,news,routine,,archived,t,2026-08-04 06:40:13.724135+00,2026-08-04 08:40:13.724135,2026-08-04 06:40:12+00,2026-08-04 06:40:17.928+00,2026-08-04 08:40:17.928,0.07006441666666666667,08,,,,"Tzolis (Arsenal's £34m winger, signed from Club Brugge) says he's fighting fit and ready to prove himself after rebuilding his career abroad.",He's smiling at his phone,"Arsenal winger Tzolis says it's his time. £34m from Brugge, fit and ready.","tzolis.
£34m from brugge.
it's his time.","The Sabrina Carpenter arc. She spent years being the 'not quite there' one, went away and did the work, came back impossible to ignore. Tzolis did it with Belgium instead of country pop.","Arsenal's new winger Tzolis had a difficult time at Norwich, rebuilt himself at Club Brugge in Belgium, and returned to England as a £34m Arsenal signing. He says he's a more complete player now and ready to help Arsenal defend the title.","[""He's been tracking Arsenal's pre-season. Drop 'Tzolis says it's his time' and see if he backs it."", ""Ask him: does Tzolis go straight into the starting eleven, or does he need a settling-in period?"", ""Did you know Tzolis had a tough time at Norwich before going to Belgium? He came back as Arsenal's £34m signing.""]",exciting,f,,f,{arsenal},460,"Arsenal signed Christos Tzolis (winger) from Club Brugge this summer for £34m. He had a tough time in England before, playing for Norwich, then went to Belgium and says he came back a more complete player.

This week he's been clear about his ambition. He thinks it's his time and he's confident Arsenal can defend the title.

[His name] will have a view on whether Tzolis can actually deliver at this level. New arrivals at big clubs always divide fans early."
c552000e-4eb3-4287-9979-cd866b2835ce,arsenal,t,news,routine,,archived,f,2026-08-04 06:40:44.304888+00,2026-08-04 08:40:44.304888,2026-08-04 06:40:43+00,,,,,,,,"Real Madrid are reportedly resuming talks with Vinicius Jr this week, with Arsenal reportedly waiting in the wings.",He might have opinions,Real Madrid and Vinicius Jr back in talks. Arsenal reportedly waiting to pounce.,"vinicius jr.
real madrid talks.
arsenal watching.",Like refreshing your ex's Instagram story views to see if you pop up at the top. Arsenal are refreshing. Real Madrid might just keep him.,Vinicius Jr is one of the best players in the world. Real Madrid are trying to renew his contract. Arsenal are reportedly watching from a distance to see if there's an opening. It could be nothing. It could be huge.,"[""Tell [him] Vinicius Jr's contract talks with Real Madrid are back on and Arsenal are reportedly watching. See what he makes of it."", ""Ask him: do Arsenal have a realistic shot here, or is this just transfer window noise?"", ""He'll probably have a strong opinion on whether Arsenal could even afford to make this happen.""]",drama,t,"Real Madrid resuming talks with Vinicius Jr, with Arsenal reportedly monitoring the situation.",t,{arsenal},454,"Real Madrid and Vinicius Jr (their Brazilian winger, widely considered one of the best players in the world) are resuming contract negotiations this week. Arsenal are reportedly keeping a close eye on how it plays out.

If Real Madrid fail to keep him, Arsenal could make their move. If the deal holds, the story goes quiet.

This is pure 'wait and see' territory for now. But [his name] will absolutely have a take on whether this could actually happen."
e658a126-a80a-4a7a-80a0-f18ce6f658ff,aston_villa,t,news,routine,,archived,t,2026-08-04 06:44:35.312349+00,2026-08-04 08:44:35.312349,2026-08-04 06:44:34+00,2026-08-04 06:44:38.514+00,2026-08-04 08:44:38.514,0.05336085000000000000,08,,,,"Aston Villa, Europa League winners, face PSG (Champions League winners) in the UEFA Super Cup on 12 August. European royalty, both of them.",He's going to lose it,Villa face PSG in the Super Cup on 12 August. He'll want to clear his diary.,"villa vs psg.
super cup.
12 august.",Winning your heat and drawing Beyonce in the final. Villa drew Beyonce.,Aston Villa won the Europa League last season. PSG won the Champions League. On 12 August they meet in the UEFA Super Cup. Villa are the underdogs. But they earned the right to be there.,"[""Tell [him] Villa face PSG in the Super Cup on 12 August. Then step back."", ""Ask him: does Villa have a chance against PSG, or is this more of a celebration than a contest?"", ""He'll already have the Super Cup XI sorted in his head. Probably before you finish the sentence.""]",exciting,t,Europa League winners Aston Villa face Champions League winners PSG in the UEFA Super Cup on 12 August.,t,{aston_villa},386,"Aston Villa won the Europa League last season, beating SC Freiburg 3-0 in the final. PSG won the Champions League. Now the two clubs meet in the UEFA Super Cup on 12 August.

This is the one European honour Villa haven't won yet. And they're going in as a proper contender, not a tourist.

[His name] will be very excited about this one. It's a big stage and Villa are absolutely on it."
6bcbe2fc-d431-424b-8dcc-e56c632f66ad,liverpool,t,news,routine,,archived,t,2026-08-04 06:51:31.078714+00,2026-08-04 08:51:31.078714,2026-08-04 06:51:29+00,2026-08-04 06:51:36.042+00,2026-08-04 08:51:36.042,0.08272143333333333333,08,,,,Liverpool right-back Jeremie Frimpong came off injured vs Leeds. Manager Iraola says he's hopeful the injury is not serious.,Crisis averted,Frimpong came off injured vs Leeds. Iraola says it looks hopeful. Not serious.,"frimpong.
came off vs leeds.
iraola: hopeful.","Sore throat before the Hinge date, deciding it's just hay fever. Iraola decided.",Liverpool's Frimpong came off injured in their pre-season defeat to Leeds. Manager Iraola says he hopes the problem is minor. Liverpool fans are keeping everything crossed.,"[""Drop 'Iraola says Frimpong's injury looks hopeful' and see if that calms him down."", ""Ask him: is Frimpong that important to Liverpool's plans this season?"", ""Did you know Liverpool lost 4-2 to Leeds in pre-season after being 2-0 up at half-time? He might still be sitting with that.""]",drama,f,,f,{liverpool},387,"Liverpool's Jeremie Frimpong (right-back) came off 13 minutes from the end of their pre-season loss to Leeds. For a moment, it looked like bad news.

But manager Andoni Iraola (Liverpool's new head coach) says he's hopeful the problem isn't serious. Nothing confirmed either way yet.

[His name] might have already heard. If he seems twitchy about it, tell him Iraola says it looks fine."
e3caf983-9139-4a7e-963f-811749437b93,man_city,t,news,routine,,archived,t,2026-08-04 06:51:36.813882+00,2026-08-04 08:51:36.813882,2026-08-04 06:51:36+00,2026-08-04 06:51:38.424+00,2026-08-04 08:51:38.424,0.02683530000000000000,08,,,,"Mateo Kovacic (Man City midfielder) says the club 'count on him' this season, despite summer rumours linking him with a move away.",He'll have opinions,Man City's Kovacic says the club count on him. He's staying put this season.,"kovacic, city.
count on me.",The Hinge match who went quiet for two weeks and suddenly replies with 'hey.' Kovacic just replied.,"Mateo Kovacic is staying at Manchester City. He says the club count on him, and despite a summer of rumours about a move away, he's committed to the new project under manager Enzo Maresca.","[""Tell [him] Kovacic says City count on him and he's not going anywhere. See what he makes of it."", ""Ask him: does Kovacic fit into what Maresca is building at City?"", ""He'll probably already have a ranking of which City midfielders he'd keep or sell. Ask him where Kovacic falls.""]",drama,f,,f,{man_city},398,"Manchester City midfielder Mateo Kovacic has spoken out this week, saying the club 'count on him' despite summer noise about a potential exit. His message is clear: he's not going anywhere.

City have a new manager in Enzo Maresca. Kovacic wants to be part of what comes next.

[His name] will have a take on whether this is reassuring news or just transfer window PR. Either way, it's a statement."
6c87fc56-38a4-4803-be2d-c105c66ea8de,newcastle,t,news,routine,,archived,t,2026-08-04 06:51:39.369833+00,2026-08-04 08:51:39.369833,2026-08-04 06:51:38+00,2026-08-04 06:51:41.599+00,2026-08-04 08:51:41.599,0.03715278333333333333,08,,,,Newcastle captain Bruno Guimarães (Brazil midfielder) is at training this week. The club turned down a £70m Arsenal bid for him.,Stories incoming,Newcastle's captain Guimaraes is at training. They turned down £70m from Arsenal for him.,"guimaraes.
at training.
arsenal said no.",The ex who got headhunted by a way bigger company and just... showed up Monday anyway. Guimaraes showed up Monday.,"Arsenal put in a £70m bid for Newcastle's captain Bruno Guimarães. Newcastle said no. Guimarães arrived at training anyway. For now, he's a Newcastle player.","[""Tell [him] Guimaraes showed up at training despite Arsenal coming in with £70m. Newcastle said no. He'll have thoughts."", ""Ask him: does Guimaraes stay all season or does Arsenal come back with a bigger offer?"", ""He'll probably have a strong view on whether Newcastle can actually hold onto their best players now.""]",drama,t,Newcastle reject Arsenal's £70m opening bid for captain Bruno Guimarães. He turned up at training.,t,"{newcastle,arsenal}",414,"Bruno Guimarães, Newcastle's captain and Brazil midfielder, has arrived at the club's training camp this week. That matters because Arsenal, the Premier League champions, put in a £70m bid for him. Newcastle said no.

Guimarães turning up at training is a statement. He's not pushing to leave, at least for now.

For [his name], this is either great news (captain's staying) or a reminder this saga isn't finished."
5fa54682-4d96-4bcf-b9dd-f3ecf1fb8290,brighton,t,news,routine,,archived,t,2026-08-04 22:47:29.980844+00,2026-08-05 00:47:29.980844,2026-08-04 22:47:28+00,2026-08-04 22:47:33.243+00,2026-08-05 00:47:33.243,0.05436926666666666667,00,,,,Brighton sold keeper Carl Rushworth to Coventry for a club-record £22.5m. He was on loan there last season and they made it permanent.,Neat business,Brighton sold keeper Rushworth to Coventry for £22.5m. Good money for their backup.,"rushworth signed.
coventry paid up.
£22.5m.","Like finally buying the secondhand Dyson you've been borrowing from your flatmate all year. Everyone's happy, no one's surprised.","Brighton sold goalkeeper Carl Rushworth to Coventry for a club-record £22.5m. He was on loan there last season, and the deal is now permanent. Brighton pocket a nice fee heading into their Conference League season.","[""Tell him Brighton cashed in on their backup keeper for £22.5m. Ask if he thinks they'll replace him before the season starts."", ""Ask him: does Brighton need to sign another goalkeeper now, or do they already have their number one sorted?"", ""He was on loan at Coventry all last season, and they bought him permanently. That's a try-before-you-buy deal, see if [his name] agrees that's clever business.""]",exciting,f,,f,{brighton},406,"Coventry have paid a club record £22.5m to sign 25-year-old goalkeeper Carl Rushworth permanently from Brighton. He was on loan there last season and impressed enough for them to pay up.

For Brighton, it's clean business. They've cashed in on a keeper who wasn't first choice and now have funds to spend. Conference League season incoming, they'll want their goalkeeping sorted before the campaign starts."
c7bd6fd4-6423-4ad7-8ccc-b886f2106194,chelsea,t,news,routine,,archived,t,2026-08-04 22:47:49.092611+00,2026-08-05 00:47:49.092611,2026-08-04 22:47:48+00,2026-08-04 22:47:51.842+00,2026-08-05 00:47:51.842,0.04582315000000000000,00,,,,Chelsea winger Mudryk could be back from his ban on Wednesday. Chelsea face Juventus in pre-season the same day.,He might be back,Chelsea's Mudryk could return from his ban on Wednesday. They face Juventus in pre-season.,"mudryk.
back wednesday.
chelsea vs juve.",Like when your colleague who was off on an extended leave comes back right before the team's biggest project of the year. Nobody quite knows what to expect.,"Chelsea winger Mudryk could return from his ban on Wednesday, the same day Chelsea take on Juventus in pre-season. A timely boost for Xabi Alonso's squad.","[""Tell him Mudryk might be back for the Juventus game on Wednesday. He'll have a strong take on what that means for Chelsea's attack."", ""Ask him: do you think Mudryk can get back to his best this season under Xabi Alonso?"", ""He's been out for a while. Mudryk's return either fixes Chelsea's wide play or adds to the season's drama. Either way, [his name] will be watching closely.""]",exciting,f,,f,{chelsea},358,"Mykhailo Mudryk (Chelsea winger) has been serving a ban, and reports suggest he could return to action as early as Wednesday. Chelsea face Juventus in pre-season that same day, so he might even feature.

For Chelsea fans, it's a boost. Xabi Alonso's first big pre-season match and one of their forwards could be back in the picture. Worth mentioning tonight."
74204b1c-e7e7-4413-a165-17a8c3941e0c,ipswich,t,news,routine,,archived,t,2026-08-04 22:48:04.683734+00,2026-08-05 00:48:04.683734,2026-08-04 22:48:03+00,2026-08-04 22:48:06.668+00,2026-08-05 00:48:06.668,0.03307110000000000000,00,,,,Ipswich have signed Portuguese midfielder Florentino Luis from Burnley. Newly promoted and already building their Premier League squad.,Ipswich are building,Ipswich signed midfielder Florentino from Burnley. Their PL return squad is taking shape.,"ipswich back up.
florentino signed.
from burnley.",Like updating your whole LinkedIn the day you get the offer letter. Ipswich just got promoted and they're already signing people.,Newly promoted Ipswich have signed Portuguese midfielder Florentino Luis from Burnley. They're back in the Premier League and getting their squad together quickly.,"[""Tell him Ipswich are back in the Premier League and already signing players. He'll have strong opinions on whether they can stay up."", ""Ask him: is Florentino the kind of midfielder you build a Premier League team around?"", ""Did you know Ipswich were only just promoted? This is their first top-flight signing. Ask [his name] if he thinks they'll survive the season.""]",exciting,f,,f,{ipswich},374,"Newly promoted Ipswich Town have completed the signing of Portuguese midfielder Florentino Luis from Burnley for an undisclosed fee. They're back in the Premier League and wasting no time putting the squad together.

Florentino Luis (Portuguese midfielder, formerly of Burnley) gives them experience in the middle of the park. First signing confirmed, more likely to follow."
e1852fe5-9c1e-444c-b729-df9609d98a19,liverpool,t,news,routine,,archived,t,2026-08-04 22:48:23.830556+00,2026-08-05 00:48:23.830556,2026-08-04 22:48:22+00,2026-08-04 22:48:27.339+00,2026-08-05 00:48:27.339,0.05847406666666666667,00,,,,"Liverpool's Szoboszlai (midfielder) says the captain's armband dispute with Jones and Tsimikas is sorted. 'We are cool,' he says.","Drama, then nothing","Liverpool had a dressing room row over the captain's armband. All cool now, apparently.","liverpool row.
captain's armband.
cool, they say.",Like two mates who both put their names forward to be maid of honour and then issued a joint 'we're fine' statement two hours later. Nobody's fully buying it.,"Liverpool midfielder Szoboszlai has played down a pre-season dispute between himself, Curtis Jones, and Kostas Tsimikas over the captain's armband. All three say things are sorted.","[""Tell him Liverpool had a falling-out over who wears the captain's armband, and they've gone on record saying it's all sorted. Ask if he believes them."", ""Ask him: who should actually be Liverpool's captain this season?"", ""He'll probably say players argue over the armband all the time in pre-season. But three of them going public about it is a bit unusual, ask [his name] if that's a worry or a nothing.""]",drama,f,,f,{liverpool},445,"Dominik Szoboszlai (Liverpool midfielder) has spoken out to calm things down after he, Curtis Jones, and Kostas Tsimikas apparently clashed over the captain's armband during pre-season. 'We are cool,' he said, insisting the situation is cleared.

But where there's smoke there's usually a conversation waiting to happen. Pre-season, new manager, everyone jostling for the armband, [his name] will have thoughts on who should actually be captain."
aa02e83f-f451-4beb-837a-af36c4d17ed5,liverpool,t,news,routine,,archived,f,2026-08-04 22:48:44.498021+00,2026-08-05 00:48:44.498021,2026-08-04 22:48:43+00,,,,,,,,"Mohamed Salah, who left Liverpool after nine years, is in talks to sign for Turkish club Trabzonspor. Medical expected on Wednesday.",Salah's next chapter,"Salah, who left Liverpool after nine years, is close to signing for Trabzonspor in Turkey.","salah.
out of liverpool.
trabzonspor.",Like when a cornerstone of the group chat finally moves cities for good and everyone says 'it was time' while also feeling a bit weird about it.,"Mohamed Salah has left Liverpool after nine years, and Turkish club Trabzonspor are reportedly in talks to sign him. A medical is expected on Wednesday.","[""Tell him Salah's nine years at Liverpool are over and he's heading to Turkey. He'll want to talk about the legacy."", ""Ask him: where does Salah rank among Liverpool's all-time greats?"", ""Did you know Trabzonspor are one of Turkey's biggest clubs? It's not the career ending you might expect, but it's still a goodbye. Ask [his name] how he feels about it.""]",drama,t,Mohamed Salah set to join Turkish club Trabzonspor after leaving Liverpool,t,{liverpool},368,"Mohamed Salah has left Liverpool after nine years, and Turkish club Trabzonspor say they have begun negotiations to sign him. The club chairman says he hopes the deal is done this week, with a medical expected on Wednesday.

For Liverpool fans, it's a strange feeling. Nine years at Anfield, then this. [his name] will have a lot of feelings about where Salah ends up."
31056ea9-b70d-47d5-b796-46c41f5621c1,southampton,f,news,routine,,archived,t,2026-08-04 22:49:12.750867+00,2026-08-05 00:49:12.750867,2026-08-04 22:49:12+00,2026-08-04 22:49:14.919+00,2026-08-05 00:49:14.919,0.03613555000000000000,00,,,,Southampton midfielder Flynn Downes says they have a 'chip on their shoulder' and will win the Championship this season.,Chip on shoulder,Southampton's Downes says they'll win the Championship. He's confident after relegation.,"southampton.
chip on shoulder.
championship.","Like when your friend didn't get into their first-choice uni, chose their second, and then absolutely smashed it. Southampton are in that energy right now.",Southampton midfielder Flynn Downes says the squad have a chip on their shoulder after relegation and believes they can win the Championship this season. Bold words heading into the new campaign.,"[""Tell him Southampton's Flynn Downes said they'll WIN the Championship. Not just stay up. Win it. He'll either agree or tear that apart."", ""Ask him: do you think Southampton can bounce straight back up this season?"", ""Did you know Southampton were relegated last season? Downes says the whole squad has a chip on their shoulder about it. Ask [his name] if that kind of attitude actually works.""]",exciting,f,,f,{southampton},376,"Southampton midfielder Flynn Downes says he and his team-mates are carrying a 'chip on their shoulder' after last season's relegation, and he believes that mentality will help them win the Championship.

It's a bold call. They're not just talking about bouncing back, they're calling the whole division. [his name] will have thoughts on whether Saints can actually back it up."
cfb450c7-fe60-487d-aa3b-5b0a42af7281,west_ham,f,news,routine,,archived,t,2026-08-04 22:50:46.217358+00,2026-08-05 00:50:46.217358,2026-08-04 22:50:45+00,2026-08-04 22:50:50.368+00,2026-08-05 00:50:50.368,0.06917736666666666667,00,,,,"West Ham co-chair Daniel Kretinsky has sold a small stake in the club, a move that could block Amanda Staveley's planned investment.",Club drama off the pitch,"West Ham's Kretinsky sold a stake, possibly blocking Staveley's investment bid.","west ham.
kretinsky sells.
staveley blocked.","Like when you're about to accept a great job offer and your current company quietly changes the terms to make it harder to leave. The door's still open, just narrower.","West Ham co-chair Daniel Kretinsky has sold a small stake in the club, a move that could block Amanda Staveley's planned investment in the Championship side.","[""Tell him there's a shake-up happening at West Ham behind the scenes. Kretinsky sold a stake and it might block new investment coming in."", ""Ask him: does it matter who owns West Ham when they're trying to get back up to the Premier League?"", ""Did you know Amanda Staveley was trying to invest in West Ham? A move by the current co-chair might have blocked it. Ask [his name] what he makes of the ownership situation.""]",drama,f,,f,{west_ham},328,"West Ham's co-chair Daniel Kretinsky has sold a small stake in the club. The move could end Amanda Staveley's hopes of investing, who was previously understood to be interested in the club.

West Ham are in the Championship now, and who owns them matters for investment into the squad. [his name] might already be tracking this."
f7b0bbef-3c39-4b9b-852b-6c9900a34c45,arsenal,t,news,routine,,archived,f,2026-08-05 06:37:45.528118+00,2026-08-05 08:37:45.528118,2026-08-05 06:37:44+00,,,,,,,,Arsenal reportedly agreed an £80m deal to sign Guimarães (Newcastle midfielder and captain). He's waiting for the green light to travel and complete the move.,He might go quiet for a bit,"Arsenal reportedly agreed £80m for Guimaraes. Not official yet, but it sounds close.","guimaraes.
arsenal agreed.
£80m deal.","It's like seeing the 'order placed' email after refreshing the checkout for three days. Not arrived yet, but you know it's coming.",Arsenal reportedly agreed an £80m deal to sign Guimarães from Newcastle. He's said to be waiting on the final green light to complete the move.,"[""Tell him the Guimarães saga has moved on from 'rejected bid' to 'agreement reached.' Ask him if he thinks it'll actually happen."", ""Ask him: does he think Newcastle can hold on to their best players when Arsenal come calling?"", ""He'll have a strong view on whether £80m is too much for a midfielder. Let him explain.""]",exciting,t,"Arsenal reportedly agreed a deal for Bruno Guimarães (Newcastle midfielder and captain) for around £80m, after having an earlier bid rejected.",f,"{arsenal,newcastle}",285,"Two days ago, Newcastle turned down Arsenal's opening bid. Now Sky Sports report the two clubs have reached an agreement. Guimarães is reportedly waiting on the final go-ahead before heading to London to complete the deal. At £80m he'd be a real statement from the defending champions."
e0223cec-f1a3-4f6c-82f1-f87b551da6fb,bournemouth,t,news,routine,,archived,t,2026-08-05 06:39:18.929742+00,2026-08-05 08:39:18.929742,2026-08-05 06:39:17+00,2026-08-05 06:39:22.124+00,2026-08-05 08:39:22.124,0.05323763333333333333,08,,,,Bournemouth beat Genoa 10-1 in pre-season on Tuesday. Ten goals. The early signs are very good.,Ten goals. T-shirt material.,Bournemouth just beat Genoa 10-1 in pre-season. He's going to be smug about this.,"bournemouth 10-1.
that's ten goals.
pre-season mode.","Ten goals. It's like that group dinner where someone orders the entire menu, everyone gets fed, and there's still leftovers. Bournemouth were that restaurant on Tuesday.",Bournemouth beat Genoa 10-1 in a pre-season friendly on Tuesday. An extraordinary goal tally that has fans feeling very good about the new season.,"[""Tell him the final score from Tuesday's game if he somehow missed it. The 10 goals will do the talking."", ""Ask him: does a pre-season blowout like this actually mean anything for when it counts?"", ""He'll either say 'it's only pre-season' or he'll be buzzing. Either way you've got a conversation starter.""]",exciting,f,,f,{bournemouth},197,"If you needed a mood-lifter, here it is. Bournemouth hammered Genoa 10-1 in pre-season on Tuesday. It's only a friendly, but the goals are flowing and the squad looks sharp ahead of the new season."
6441b281-cc5e-4f42-a494-e8ae2f0f1427,liverpool,t,news,routine,,archived,f,2026-08-05 06:42:21.372945+00,2026-08-05 08:42:21.372945,2026-08-05 06:42:20+00,,,,,,,,Liverpool are reportedly preparing to make Bradley Barcola (France and PSG winger) their third £100m signing of the summer.,He might have a spreadsheet,Liverpool reportedly targeting Barcola from PSG. Could be their third £100m signing.,"barcola.
liverpool's third.
£100m target.","It's like buying two pairs of shoes in the Zara sale and spotting a third one on the rack thinking 'well, the sale ends today.' Liverpool are at the rack.",Liverpool are reportedly ready to make Bradley Barcola from PSG their third £100m signing of the summer. Barcola is a winger for France and Paris Saint-Germain.,"[""Tell him Liverpool might be spending £100m on a PSG winger called Barcola. He'll have a lot to say about whether that's smart money."", ""Ask him: is there a point where a club spends too much in one summer?"", ""He'll probably have clocked this already. Ask him if Barcola would actually make it work at Liverpool.""]",exciting,t,"Liverpool reportedly targeting PSG winger Bradley Barcola for around £100m, which would make him their third nine-figure signing of the summer.",f,{liverpool},242,The summer spending is not done at Anfield. BBC Sport report Liverpool are ready to make winger Bradley Barcola their third £100m signing of the window. Barcola plays for PSG and France and would add serious pace and creativity to the attack.
620f063b-4d70-49e1-966f-8241a8ed8baf,man_city,t,news,routine,,archived,f,2026-08-05 06:43:21.500665+00,2026-08-05 08:43:21.500665,2026-08-05 06:43:20+00,,,,,,,,Barcelona are reportedly looking to sign Rodri (Man City's midfielder) ahead of Real Madrid in the race to sign him.,He might go very quiet,"Barcelona reportedly want to sign Rodri from Man City, ahead of Real Madrid.","rodri.
barca or madrid.
both want him.",It's like finding out two different people slid into your ex's DMs the same week. Except your ex is one of the best midfielders in the world.,"Barcelona are reportedly trying to sign Rodri from Manchester City, beating Real Madrid to the front of the queue. Rodri has been one of Europe's best midfielders.","[""Tell him Barcelona are apparently ahead of Real Madrid in a race to sign Rodri from City. Watch the face."", ""Ask him: would City even sell Rodri, or is he too important?"", ""He'll have a theory about who buys him. Let him go.""]",drama,t,"Barcelona reportedly want to sign Rodri from Manchester City, and are said to be ahead of Real Madrid in the chase.",f,{man_city},294,"This one is big. Reports suggest Barcelona are in the running to sign Rodri from Manchester City, and they're reportedly ahead of Real Madrid in the race. Rodri has been central to City's success in recent years. It's all still speculation, but his name being linked with a move is significant."
85f2552c-90f3-4d5c-b124-9bd4de8fa775,newcastle,t,news,routine,,archived,f,2026-08-05 06:44:43.052448+00,2026-08-05 08:44:43.052448,2026-08-05 06:44:41+00,,,,,,,,Newcastle reportedly close to losing captain Guimarães to Arsenal for around £80m. The clubs have apparently reached an agreement.,He might need a minute,Newcastle reportedly agreed to sell Guimaraes to Arsenal for £80m. Not official yet.,"guimaraes.
arsenal agreed.
newcastle lose him?",It's like losing your most reliable housemate right when you're redecorating and don't know where anything goes. Except he was also the one keeping the peace.,Newcastle are reportedly close to losing captain Guimarães to Arsenal for £80m. The Brazilian midfielder is said to be waiting for the green light to complete the move.,"[""Tell him the Guimarães story has moved from 'rejected bid' to 'agreement reached.' Ask him how he feels about that."", ""He'll want to know what Newcastle do with the money. Ask him who they should replace him with."", ""Ask him: is Newcastle's rebuild still going the right way without their captain?""]",bad_news,f,,f,"{newcastle,arsenal}",342,"A week ago, Newcastle turned down a £70m bid from Arsenal for Bruno Guimarães. Now, reports suggest the two clubs have reached an agreement at around £80m. Guimarães is reportedly waiting for the green light to travel and complete the move. Losing their captain mid-rebuild would be a huge blow for a club already going through major changes."
f0098e61-c294-46ed-b39f-ac2515b24a23,arsenal,t,news,routine,,archived,t,2026-08-05 22:42:26.206602+00,2026-08-06 00:42:26.206602,2026-08-05 22:42:24+00,2026-08-05 22:42:31.689+00,2026-08-06 00:42:31.689,0.09137330000000000000,00,,,,Arsenal agree £75m for Bruno Guimarães (Newcastle's captain). He's been given permission to travel and complete the move.,He's going to lose it,Arsenal settled on £75m for midfielder Guimarães. Newcastle said yes. He's on his way.,"guimarães.
£75m. done.
he's coming.","It's like asking someone out, getting a no, and then them texting three days later saying they've changed their mind. Newcastle said no. Then they said yes.","Arsenal and Newcastle agreed a £75m deal for Bruno Guimarães, Newcastle's captain and midfielder. He's been given permission to leave their pre-season camp and travel to complete the move.","[""Tell him Arsenal got Guimarães for £75m. He'll probably say it was a bargain."", ""Ask him: is Guimarães the missing piece from last season?"", ""He's been following this all week. He'll love that you already know it's done.""]",exciting,t,Arsenal agree £75m deal for Newcastle captain Bruno Guimarães. He's on his way to complete the move.,t,"{arsenal,newcastle}",348,Arsenal had their opening offer of £70m knocked back earlier in the week. Newcastle eventually settled at £75m. Guimarães has been given permission to leave their pre-season camp in Spain and travel to Arsenal to complete the paperwork. He's Newcastle's captain and the player their fans least wanted to lose. [his name] is about to be unreachable.
0f24f9cd-be9a-4965-9eda-4a6cd6fee9dd,arsenal,t,news,routine,,archived,t,2026-08-05 22:43:00.37792+00,2026-08-06 00:43:00.37792,2026-08-05 22:42:59+00,2026-08-05 22:43:03.205+00,2026-08-06 00:43:03.205,0.04711800000000000000,00,,,,Christian Nørgaard (Arsenal's Danish midfielder) has completed a move to Everton for a reported £7m fee on a two-year contract.,One out,"Nørgaard left Arsenal for Everton. £7m, two-year deal. He'll have an opinion on the fee.","nørgaard out.
everton's man.
£7m. done.","It's like the solid colleague who never called in sick, then quietly posts on LinkedIn they've taken a new role. You didn't even know they were looking.",Arsenal have sold midfielder Christian Nørgaard to Everton for a reported fee of £7m on a two-year contract.,"[""Mention Nørgaard has left for Everton. Ask him if he thinks £7m was fair."", ""He probably knew this was coming. Ask him if Nørgaard was a regular or squad rotation."", ""Did you know Nørgaard was at Arsenal when they won the title? Now he's at Everton.""]",,f,,f,"{arsenal,everton}",277,Arsenal sold midfielder Christian Nørgaard to Everton for a reported £7m. He's signed a two-year contract at Goodison Park. Nørgaard was a reliable presence in the Arsenal midfield over several seasons. A quiet departure on what is otherwise a big transfer day at the Emirates.
15f09538-a9c8-45f3-b085-5ffa06c55adb,aston_villa,t,news,routine,,archived,f,2026-08-05 22:44:24.974055+00,2026-08-06 00:44:24.974055,2026-08-05 22:44:23+00,,,,,,,,"Aston Villa have reportedly reached an agreement to sign Matteo Ruggeri, according to BBC Sport.",He might have heard,Villa reportedly agreed a deal for new signing Ruggeri. Could amount to nothing yet.,"ruggeri.
villans want him.
reports say done.",It's like that Sunday morning text from a friend saying they matched with someone on Hinge and it's already going really well. Could be something. Could be vibes.,Reports suggest Aston Villa have agreed a deal for Matteo Ruggeri. No official confirmation yet from the club.,"[""Tell him there are reports of a new Villa signing called Ruggeri. He'll probably fill you in."", ""Ask him: is Villa still actively shopping this summer?"", ""He's been keeping an eye on Villa's transfer window. This one's just come in.""]",exciting,f,,f,{aston_villa},236,BBC Sport's transfer gossip column reports that Aston Villa have reached an agreement to sign Matteo Ruggeri. No official confirmation from the club yet. Villa are in pre-season ahead of their UEFA Super Cup clash with PSG on 12 August.
d6776ae9-5726-4fdb-9830-dd2f58e2887c,chelsea,t,news,routine,,archived,t,2026-08-05 22:47:36.5862+00,2026-08-06 00:47:36.5862,2026-08-05 22:47:35+00,2026-08-05 22:47:39.16+00,2026-08-06 00:47:39.16,0.04289666666666666667,00,,,,Mykhailo Mudryk (Chelsea winger) made an emotional comeback after a 20-month doping ban. Chelsea lost 0-1 to Juventus in a Hong Kong pre-season friendly.,He's smiling at his phone,Chelsea winger Mudryk is back after 20 months. Came on vs Juve. Cue the comeback hype.,"mudryk.
back from the ban.
hong kong.",It's like when your friend went dark on Instagram for 20 months and came back with a whole new aesthetic. The comeback is always the interesting bit.,Chelsea winger Mykhailo Mudryk made his return from a 20-month doping ban in a pre-season friendly against Juventus in Hong Kong. Chelsea lost 0-1 but his return was the main story.,"[""Tell him Mudryk came on tonight, first game in nearly two years. He'll have a take."", ""Ask him: does he think Mudryk can still get back to his best?"", ""Did you know Mudryk had been banned for 20 months? He came on as a sub tonight and that's his first game back.""]",drama,t,Mykhailo Mudryk returns to action for Chelsea after 20-month doping ban in pre-season friendly vs Juventus.,f,{chelsea},326,"Mykhailo Mudryk came on as a substitute in Chelsea's pre-season loss to Juventus in Hong Kong. His first appearance in 20 months, following a doping ban. Chelsea lost 0-1 to Juventus but for many of their fans tonight was about Mudryk being back. Xabi Alonso (Chelsea's manager) now has that headache in the best possible way."
4045c82e-9aae-4af9-aa0b-7654ac288491,crystal_palace,t,news,routine,,archived,f,2026-08-05 22:48:47.568217+00,2026-08-06 00:48:47.568217,2026-08-05 22:48:46+00,,,,,,,,Crystal Palace set to sign Tomiyasu on a free after a trial. They're also reportedly considering winger March.,Palace's summer shopping,Tomiyasu set to join on a free. Palace also reportedly considering winger March.,"tomiyasu.
free transfer.
march next?","It's like going to a sample sale and spotting two things you like, but you're only sure about one of them. The other one's in the maybe pile.","Crystal Palace are reportedly set to sign defender Takehiro Tomiyasu on a free transfer after a trial, and are considering a move for winger Solly March.","[""Tell him Palace are reportedly signing Tomiyasu on a free. Ask if he knows the player."", ""Ask him: is Palace shopping well this summer or just patching gaps?"", ""Did you know they're also considering winger March? Could be a busy end to the window.""]",exciting,f,,f,{crystal_palace},279,Crystal Palace have reportedly completed a trial for Takehiro Tomiyasu and are set to sign the defender on a free transfer. They're also said to be considering a move for winger Solly March. Two potential additions as Palace continue to shape their squad ahead of the new season.
b170983d-c534-4b84-92c6-a2f40746043a,everton,t,news,routine,,archived,t,2026-08-05 22:49:43.409959+00,2026-08-06 00:49:43.409959,2026-08-05 22:49:42+00,2026-08-05 22:49:46.842+00,2026-08-06 00:49:46.842,0.05720068333333333333,00,,,,Everton have completed the signing of Christian Nørgaard (Denmark midfielder) from Arsenal on a two-year contract for a reported £7m fee.,One in,"Everton signed midfielder Nørgaard from Arsenal. £7m, two-year deal. New face.","nørgaard.
from arsenal.
everton's man.",It's like when someone leaves a corporate job and their old company's biggest rival immediately hires them. Everton didn't hesitate.,Everton have signed Danish midfielder Christian Nørgaard from Arsenal for a reported £7m on a two-year deal.,"[""Tell him Everton signed Nørgaard from Arsenal for £7m. He might have opinions on the price."", ""Ask him: is this the kind of signing Everton needed for the new season?"", ""Did you know Nørgaard just left Arsenal's title-winning squad to join Everton? Quite a contrast.""]",exciting,f,,f,"{everton,arsenal}",255,Everton have completed the signing of Christian Nørgaard from Arsenal for a reported £7m. The Danish midfielder joins on a two-year contract. Nørgaard was a reliable part of Arsenal's title-winning squad. Everton have landed experience from the champions.
addea0d4-e04c-4d17-82a9-b25686c75fa1,leicester,f,news,routine,,archived,t,2026-08-05 22:51:43.269133+00,2026-08-06 00:51:43.269133,2026-08-05 22:51:42+00,2026-08-05 22:51:45.343+00,2026-08-06 00:51:45.343,0.03456445000000000000,00,,,,Jeremy Monga (Leicester winger) has joined Manchester City in a £10m move. He debuted for City today and rejected Arsenal to get there.,He'll know this one,Leicester's Monga debuted for Man City today. £10m move. Rejected Arsenal to get there.,"monga.
from leicester.
man city debut.",It's like your former intern showing up on TikTok with a million followers after you introduced them to the platform. You saw it coming. Just not this soon.,Leicester's Jeremy Monga has moved to Manchester City for £10m and made his debut today. He rejected Arsenal to make the move.,"[""Tell him Leicester's Monga debuted for Man City today. He'll probably know exactly who he is."", ""Ask him: does Leicester do well at developing young talent?"", ""Did you know Monga actually rejected Arsenal to sign for City? The BBC says he's aiming to emulate Hazard.""]",drama,f,,f,"{leicester,man_city}",250,"Jeremy Monga left Leicester for Manchester City for £10m this summer. The teenager made his debut for City today, and the BBC calls his move one that may have gone under the radar. He rejected a move to Arsenal to join City instead. He's aiming high."
0bdaf6ed-1dba-4593-ae8a-ba3b5571c114,liverpool,t,news,routine,,archived,f,2026-08-05 22:55:25.678467+00,2026-08-06 00:55:25.678467,2026-08-05 22:55:24+00,,,,,,,,Mohamed Salah opens up on sacrifice and determination in Guardian book extract: 'Chasing a dream I had to reach',Mo's own words,"His new book extract is out. Nine years, one dream, Salah tells it in his own words.","the egyptian king
in his own words
nine years of drive","A footballer's memoir is to their career what behind-the-scenes footage is to a favourite film: the same story, but now you see all the takes that didn't make the cut.",Mohamed Salah spent nine years at Liverpool and became one of the greatest players in Premier League history. His new book gives fans a rare look at the sacrifice and drive behind the goals.,"[""The book is called 'Chasing a Dream', what do you think drove him more, ambition or needing to prove people wrong?"", ""He started at Al Mokawloon Al Arab in Egypt. He'd have had no idea nine years at Liverpool was coming."", ""Melissa Reddy has covered him closely for years. If anyone can tell this story properly, it's her.""]",,t,Mohamed Salah's new book extract published: 'Chasing a dream I had to reach',f,{liverpool},466,"Mohamed Salah's story is being told in a new book, with The Guardian publishing an exclusive extract today. Authored by Melissa Reddy, it traces the Egyptian King's early years, from the imposing gates of Al Mokawloon Al Arab's youth sector to the top of world football. 'Chasing a dream I had to reach' captures the single-minded focus and personal sacrifice that defined his nine years at Anfield. For Liverpool fans, it's a rare look behind the goal celebrations."
dec9e342-3661-48ca-93ad-267b74805c81,newcastle,t,news,routine,,archived,t,2026-08-05 22:59:36.417106+00,2026-08-06 00:59:36.417106,2026-08-05 22:59:35+00,2026-08-05 22:59:39.301+00,2026-08-06 00:59:39.301,0.04806490000000000000,00,,,,"Matthias Jaissle officially installed as Newcastle head coach, paying over £9m compensation: 'There is a clear vision'","Welcome to St James', boss",Newcastle's new head coach is in. 'This is an incredibly compelling place to be.',"the new boss
arrives at
st james' park","A new manager's first day is like starting a new job where the whole team already know each other, and the person you're replacing was well-liked.",Matthias Jaissle becomes Newcastle's new head coach after Eddie Howe's departure. He arrives with Newcastle paying over £9m compensation to secure his services.,"[""He paid over £9m to get out of his last job to come here, that's how much he wanted this."", ""He used the phrase 'clear vision' in his first statement. Worth asking him what that actually means for the team."", ""He's inheriting a squad where the captain just left. Big test of how he handles the rebuild.""]",exciting,f,,f,{newcastle},391,"Matthias Jaissle has been officially announced as Newcastle's new head coach, succeeding Eddie Howe. The German signed his deal after Newcastle paid more than £9m in compensation to his previous club. 'There is a clear vision,' Jaissle said. 'This is an incredibly compelling place to be.' He takes charge of a club mid-rebuild, with the Guimarães sale landing them a £75m windfall to spend."
404ebfe0-14e3-46ed-8e65-ecbe76917061,newcastle,t,news,routine,,archived,t,2026-08-05 23:00:02.505722+00,2026-08-06 01:00:02.505722,2026-08-05 23:00:01+00,2026-08-05 23:00:06.567+00,2026-08-06 01:00:06.567,0.06768796666666666667,01,,,,Bruno Guimarães given permission to leave Newcastle and complete his £75m move to Arsenal,The captain's gone,Guimarães has been given permission to travel and join Arsenal. The £75m deal is done.,"the captain
says goodbye
to tyneside","Losing a captain to a rival is the football equivalent of your group's most reliable friend moving cities, everyone knows it'll be fine eventually, but it stings right now.",Bruno Guimarães spent three years as Newcastle's captain and was central to their Champions League push under Eddie Howe. His £75m departure marks the end of an era for the club.,"[""They turned down £70m on Monday and got £75m by Wednesday. Not a bad few days' negotiating."", ""He was the heartbeat of that team. Ask him how he thinks they recover from losing a captain mid-rebuild."", ""Arsenal also just appointed Jaissle next door. This summer is genuinely eventful for the rivalry.""]",bad_news,t,Bruno Guimarães leaves Newcastle for Arsenal in a confirmed £75m deal,t,"{newcastle,arsenal}",398,"Bruno Guimarães, Newcastle's captain and midfielder, has been given permission to travel from Newcastle's Spain training camp to join Arsenal in a £75m deal. The clubs agreed a fee after Newcastle rejected an opening offer of £70m on Monday. The Brazilian leaves as arguably Newcastle's most important player of recent years, a symbol of the Saudi-era ambition that briefly put them back in Europe."
4381dd1d-b117-489e-8696-1c7bb095d30d,arsenal,t,news,routine,,archived,t,2026-08-06 06:47:36.660697+00,2026-08-06 08:47:36.660697,2026-08-06 06:47:35+00,2026-08-06 06:47:40.65+00,2026-08-06 08:47:40.65,0.06648838333333333333,08,,,,Arsenal lost 1-3 to Real Betis in their Dublin friendly. Arteta (Arsenal manager) said his players were fuming about the sloppy performance.,He will come round,Arsenal lost 1-3 to Real Betis in Dublin. Arteta said his players were fuming.,"arsenal 1-3.
players fuming.
dublin was rough.",Like the Bake Off baker who walks into the Technical confident and burns everything. Arsenal burned it in Dublin last night.,"Arsenal had a tough night in Dublin. They lost 1-3 to Real Betis in a pre-season friendly, and manager Arteta said his players were fuming with themselves. Pre-season - but the squad is already feeling it.","[""Drop Arsenal looked sloppy in Dublin and let him channel his frustration for you."", ""Ask him: is this a pre-season blip, or does it worry him ahead of the new season?"", ""He will probably say it is fine - it is just pre-season. He might half-believe it.""]",bad_news,f,,f,{arsenal},307,"It was a rough night in Dublin. Arsenal were beaten 1-3 by Spanish side Real Betis in a pre-season friendly, and Arteta did not hide it. He revealed his players were fuming about the sloppy showing. Pre-season means it does not count - but it is the sort of result that stays in the dressing room for a bit."
971ecdf5-3436-41e8-9e29-15b4d24edde3,chelsea,t,news,routine,,archived,f,2026-08-06 06:47:56.112144+00,2026-08-06 08:47:56.112144,2026-08-06 06:47:54+00,,,,,,,,Chelsea are reportedly closing in on a deal for Pep Chavarria (Rayo Vallecano defender) for around 16.3 million pounds. Nothing signed yet.,He might have opinions,Chelsea reportedly nearing a 16.3m deal for Rayo defender Chavarria. Nothing confirmed.,"chelsea eyeing.
a rayo defender.
not confirmed yet.",Like adding someone to your group chat before you have properly met. Could work out. Chelsea are in that phase.,Chelsea are reportedly close to signing Spanish defender Pep Chavarria from Rayo Vallecano for around 16.3 million pounds. It is not confirmed yet - but it looks like Xabi Alonso is building his squad at the back.,"[""Tell him Chelsea are reportedly closing in on a defender from Rayo Vallecano. He will probably have an opinion on whether they need one."", ""Ask him: does he think Chelsea need more defensive cover under Xabi Alonso?"", ""If he already knows about Chavarria, mention it anyway. He will enjoy talking transfers.""]",drama,f,,f,{chelsea},245,"Chelsea are reportedly closing in on a deal for Spanish defender Pep Chavarria from Rayo Vallecano, with a fee of around 16.3 million pounds being discussed. Nothing is confirmed yet - so treat this as a watch this space rather than a done deal."
64d4ae26-d720-410a-9420-21d0b6fd0f23,liverpool,t,news,routine,,archived,f,2026-08-06 06:48:34.126313+00,2026-08-06 08:48:34.126313,2026-08-06 06:48:31+00,,,,,,,,Mohamed Salah (former Liverpool forward) has been given a hero welcome in Turkey as Trabzonspor prepare to officially confirm his signing.,Salah is on his way,Trabzonspor set to confirm Salah signing. He got a hero welcome in Turkey.,"salah.
hero welcome.
it is nearly done.",Like following your ex on Instagram and seeing they have already been adopted by their new friend group. The pictures are lovely. You are fine.,"Mohamed Salah, who left Liverpool after nine years, is set to have his Trabzonspor signing officially confirmed. He arrived to a hero welcome from Turkish fans - a fitting send-off for one of the game greatest players.","[""Tell him Salah landed in Turkey to a proper hero welcome - Trabzonspor fans went all out."", ""Ask him: how is he actually feeling about this chapter closing now that it is official?"", ""He might have made peace with Salah leaving weeks ago. Or he might still be stung. Either way, it is worth a mention.""]",drama,t,Mohamed Salah set to officially sign for Trabzonspor after arriving to a hero welcome in Turkey.,f,{liverpool},322,"It is really happening. Mohamed Salah, who spent nine years at Liverpool, is set to be officially confirmed as a Trabzonspor player. He is a free agent so no transfer fee is involved - but the Turkish fans gave him an incredible reception. Liverpool followers get to see him go with plenty of goodwill from the other side."
8f70b846-105d-4304-a78e-515fe71a264b,man_city,t,news,routine,,archived,t,2026-08-06 06:49:11.614073+00,2026-08-06 08:49:11.614073,2026-08-06 06:49:08+00,2026-08-06 06:49:18.122+00,2026-08-06 08:49:18.122,0.10846545000000000000,08,,,,"Jeremy Monga (teenager, joined City from Leicester for 10m this summer) made his debut in City 3-1 win this week. He turned down Arsenal to come here.",He will be all over this,City teenage signing Monga made his debut. He chose City over Arsenal this summer.,"monga.
debut, city 3-1.
rejected arsenal.",Like the graduate who turned down the Deloitte offer and joined the start-up instead. The risk is in. Now we find out.,"Jeremy Monga, a teenage winger who joined Man City from Leicester for 10 million pounds, made his City debut in a 3-1 pre-season win this week. He turned down Arsenal to sign here and says he wants to be like Eden Hazard.","[""Tell him a teenager who rejected Arsenal just made his City debut. That will get the conversation going."", ""He might already know about Monga - if not, the Hazard comparison is the one to mention."", ""Ask him: is a 10 million pound teenager worth the hype this early in pre-season?""]",exciting,f,,f,"{man_city,arsenal}",293,"Jeremy Monga quietly made his debut in City pre-season win this week - City beat K-League Stars 3-1. The teenager joined from Leicester for 10 million pounds this summer, turning down Arsenal to do it. He wants to emulate his idol Eden Hazard - so City fans are already paying close attention."
da3e4b08-e324-4096-b63e-8aaaf139e28f,man_utd,t,news,routine,,archived,f,2026-08-06 06:49:35.477314+00,2026-08-06 08:49:35.477314,2026-08-06 06:49:33+00,,,,,,,,Manchester United are reportedly set to offload two goalkeepers as Michael Carrick (Man Utd manager) continues reshaping the squad this summer.,He is going to have opinions,Man Utd reportedly offloading two goalkeepers. Carrick rebuild is moving fast.,"man utd.
two keepers out.
carrick summer.",Like the new flatmate on day one who starts moving the kitchen around before anyone has settled in. Carrick is in full rearrangement mode at Old Trafford.,"Manchester United are reportedly set to offload two goalkeepers as Carrick continues to reshape the squad. They signed Karl Darlow earlier in the window, and now the clear-out is picking up pace.","[""Tell him Man Utd are reportedly shifting two goalkeepers as Carrick reshapes the squad. He will have a view."", ""Ask him: does he think Carrick rebuild is going in the right direction?"", ""He might already be tracking every United move. Drop Karl Darlow name and see what he knows.""]",drama,f,,f,{man_utd},255,Michael Carrick squad rebuild at Man Utd is picking up speed. The club signed goalkeeper Karl Darlow earlier this summer and are reportedly now set to offload two more from the squad. It is starting to feel like a proper overhaul of what was there before.
5b16a2a4-e063-4d40-b6b4-e4054fbff7c3,newcastle,t,news,routine,,archived,f,2026-08-06 06:50:07.745391+00,2026-08-06 08:50:07.745391,2026-08-06 06:50:03+00,,,,,,,,"Alan Shearer (Newcastle legend, MOTD pundit) says he is worried about what comes next at Newcastle. He called it challenging times for his old club.",He will have a whiteboard out,Shearer says Newcastle are in for challenging times. He is not hiding his concern.,"shearer worried.
what next
for newcastle?",Like when your most reliable least-dramatic friend texts can we talk. You know something is actually up. Shearer does not panic - but he is panicking a bit.,"Newcastle legend Alan Shearer has said he is genuinely worried about what comes next for the club after a big summer of changes. Manager Eddie Howe has left, and captain Bruno Guimaraes is heading to Arsenal.","[""Tell him Shearer has gone on record saying Newcastle have challenging times ahead. That will get a reaction."", ""He is probably already in a group chat about this. Ask him what he actually thinks about the summer overall."", ""Ask him: does he share Shearer worry, or is he confident the new manager is the right call?""]",drama,f,,f,"{newcastle,arsenal}",340,"Even Alan Shearer is worried. After a summer of upheaval - manager Eddie Howe gone, captain Bruno Guimaraes heading to Arsenal - Shearer says he is concerned about what comes next for Newcastle. He is not predicting disaster, just that it will be a challenge. And when Shearer raises an eyebrow about his old club, fans tend to take notice."
b352c628-2594-4b95-b582-4bddf5c30a92,spurs,t,news,routine,,archived,f,2026-08-06 06:50:51.820675+00,2026-08-06 08:50:51.820675,2026-08-06 06:50:48+00,,,,,,,,De Zerbi (Spurs manager) says he loves the transfer window and wants to drag Spurs back up the table. Gakpo (Liverpool forward) is reportedly on his radar.,He will have a whiteboard out,Spurs manager De Zerbi says he loves the transfer window. He is making moves.,"de zerbi.
the shark.
spurs are hunting.",Like a new Hinge match who opens with I know what I want and I am not wasting time. De Zerbi is in that energy right now at Spurs.,Spurs manager Roberto de Zerbi says he wants to drag the club back up the Premier League table - and he plans to do it through the transfer window. Liverpool forward Gakpo is reportedly one of his targets.,"[""Tell him Spurs manager De Zerbi has said he loves the transfer window. He will be watching every move."", ""He probably already has opinions on the Gakpo link. Drop it and see what he thinks."", ""Ask him: does he trust De Zerbi to get the right signings, or is he still a sceptic?""]",drama,f,,f,"{spurs,liverpool}",345,"De Zerbi came to Spurs with a plan, and the transfer window is clearly a big part of it. The Tottenham boss - nicknamed Shark for his love of recruitment - says he wants to drag Spurs back up the Premier League table. Liverpool forward Cody Gakpo is reportedly one target. Whether it is Gakpo or someone else, De Zerbi is not wasting any summer."
8569ae48-e695-475d-aa62-6eb1d2db1aaa,arsenal,t,news,routine,,archived,t,2026-08-06 22:51:21.539571+00,2026-08-07 00:51:21.539571,2026-08-06 22:51:20+00,2026-08-06 22:51:25.565+00,2026-08-07 00:51:25.565,0.06709048333333333333,00,,,,"Vinicius Jr has signed a new six-year deal with Real Madrid, ending Arsenal's hopes of signing the Brazil winger this summer.",He'll be a bit gutted,Vinicius Jr signed a new deal with Real Madrid. Arsenal's summer target is gone.,"vinicius jr.
signed real madrid.
arsenal out.","Orbiting someone on Instagram all summer. The day you DM, they post they're off the market.","Arsenal had been watching Vinicius Jr all summer. He's just signed a new six-year deal with Real Madrid, ending that pursuit for good.","[""Tell him Vinicius Jr signed a new deal with Real Madrid. He'll already have the next move mapped out."", ""Ask him: who does Arsenal target now instead?"", ""He's been tracking this one all summer. Tell him it's officially over.""]",bad_news,t,"Vinicius Jr signs new six-year deal with Real Madrid, ending speculation over his future.",f,{arsenal},263,"Vinicius Jr has signed a new six-year contract with Real Madrid. Arsenal had been watching with interest, but his new deal puts an end to that pursuit.

It's officially off the table now. Arsenal will need to look elsewhere to strengthen their attack this summer."
83e30e1c-70ca-4a9d-bb78-398664a8b19e,bournemouth,t,news,routine,,archived,t,2026-08-06 22:51:54.349237+00,2026-08-07 00:51:54.349237,2026-08-06 22:51:53+00,2026-08-06 22:51:56.482+00,2026-08-07 00:51:56.482,0.03554605000000000000,00,,,,Bournemouth have signed Spanish right-back Juanlu Sanchez from Sevilla in a deal worth up to £11.1m.,Solid business,Bournemouth signed right-back Juanlu from Sevilla for up to £11.1m. Good business.,"juanlu sanchez.
in from sevilla.
£11m, done.",The Vinted find that arrives in perfect condition. Nobody else bidding. Bournemouth had that.,Bournemouth have signed Spanish right-back Juanlu Sanchez from Sevilla for up to £11.1m. He played in La Liga and brings quality and experience to their defence.,"[""Tell him Bournemouth signed a right-back from Sevilla for up to £11.1m. He'll have a verdict on whether it's smart business."", ""Ask him: is Bournemouth's recruitment as tidy as their pre-season results suggest?"", ""He's been watching Bournemouth's summer closely. Tell him this one counts as a solid addition.""]",exciting,f,,f,{bournemouth},252,"Bournemouth have announced the signing of right-back Juanlu Sanchez from Spanish club Sevilla in a deal worth up to £11.1m.

Clean, quiet business from Bournemouth. They've brought in a player from a big Spanish club and barely made any noise doing it."
36103033-360e-4244-bec1-f406a574413f,man_city,t,news,routine,,archived,t,2026-08-06 22:52:13.610333+00,2026-08-07 00:52:13.610333,2026-08-06 22:52:12+00,2026-08-06 22:52:15.887+00,2026-08-07 00:52:15.887,0.03794445000000000000,00,,,,"Jeremy Doku (Manchester City winger) has signed a new contract with the club until 2031, committing his future to the Premier League champions.",He's smiling at his phone,Manchester City winger Doku signed a new deal until 2031. He's not going anywhere.,"doku signed.
city through 2031.",Turning down the LinkedIn recruiter to stay at the startup where she loves the team. Doku stayed.,"Jeremy Doku has signed a new Manchester City contract until 2031. The Belgian winger commits his future to the Premier League champions, turning down whatever interest there might have been elsewhere.","[""Tell him Doku signed a new City deal through 2031. He'll know what that means for their attack this season."", ""Ask him: is keeping Doku the most important thing City could have done this window?"", ""He's been keeping an eye on City's transfer news. Tell him the Doku situation is settled and watch him relax.""]",exciting,f,,f,{man_city},241,"Jeremy Doku has signed a new contract with Manchester City until 2031. He's the latest City player to commit his future to the club this summer.

For City fans, it's exactly the kind of news that makes the pre-season feel a bit more settled."
8f2099c1-9f82-436d-bdf2-8506d56eb708,man_city,t,news,routine,,archived,t,2026-08-06 22:55:03.440148+00,2026-08-07 00:55:03.440148,2026-08-06 22:55:00+00,2026-08-06 22:55:06.144+00,2026-08-07 00:55:06.144,0.04506420000000000000,00,,,,"Manchester City have sold goalkeeper James Trafford to Leeds United in a deal worth up to £45m, with a 20 per cent sell-on clause in the agreement.",Solid business,Man City sold goalkeeper Trafford to Leeds for up to £45m. Cue the replacement hunt.,"trafford out.
£45m to leeds.",When you sell the thing you bought on Depop for triple what you paid. Manchester City energy.,,"[""Ask him: is £45m good business for a keeper who barely played for City?"", ""City kept a 20% sell-on clause, so they still profit if Leeds flip him later."", ""Leeds are splashing serious money in their first PL window back. Bold or reckless?"", ""Who steps up as City's back-up keeper now Trafford is gone?""]",exciting,t,James Trafford joins Leeds from Man City in a deal worth up to £45m.,f,"{man_city,leeds}",348,"Manchester City have sold goalkeeper James Trafford to Leeds United in a deal worth up to £45m. City kept a 20 per cent sell-on clause in the deal, so they stand to benefit if Leeds move him on in the future. Trafford, who spent last season on loan at Burnley, heads to Elland Road as Leeds look to strengthen after returning to the Premier League."
dd16c335-7d0b-4274-9828-4e2c200f887a,southampton,f,news,routine,,archived,t,2026-08-06 22:57:21.461087+00,2026-08-07 00:57:21.461087,2026-08-06 22:57:20+00,2026-08-06 22:57:24.756+00,2026-08-07 00:57:24.756,0.05491521666666666667,00,,,,Southampton are prepared for director Tonda Eckert to receive an FA ban after the club was caught snooping on play-off opponents Middlesbrough and two others.,Saints in proper trouble,Saints director Tonda Eckert faces an FA ban after the club was caught spying on rivals.,"saints caught
spying.",Like peeking at your rival's exam answers. Southampton got caught.,,"[""Ask him: what actually is 'spygate', Southampton got caught watching rivals' training sessions before the play-offs?"", ""Eckert took the hit publicly and the owner is standing by him. Big loyalty moment."", ""Southampton got caught spying on three teams. Brave strategy given the stakes."", ""Will an FA ban affect who's running things at Southampton this season?""]",drama,f,,f,{southampton},410,"Southampton are bracing for their director Tonda Eckert to be handed an FA ban following the so-called 'spygate' scandal. The club was caught snooping on Championship play-off semi-final opponents Middlesbrough, as well as two other clubs. Eckert accepted full responsibility for what happened, and owner Dragan Solak publicly declared his backing for him. The FA are expected to announce a formal ruling soon."
8cab0806-406e-47d6-a619-2150e99f9599,spurs,t,news,routine,,archived,f,2026-08-06 22:57:37.426339+00,2026-08-07 00:57:37.426339,2026-08-06 22:57:36+00,,,,,,,,Micky van de Ven is close to agreeing a new five-year contract with Tottenham Hotspur.,He's staying put,Micky van de Ven is close to signing a new five-year deal at Spurs. Fingers crossed.,"van de ven.
signing on.",Like when your favourite show gets renewed for five more seasons. Rare Spurs joy.,,"[""Ask him: is Van de Ven committing long-term a sign that Spurs are finally building something serious?"", ""Five years is a big deal at Spurs, their best players don't usually stick around this long."", ""Nothing is signed yet, so it's not done. How long until this gets officially confirmed?"", ""Van de Ven has been Spurs' best defender, does keeping him change their season expectations?""]",exciting,f,,f,{spurs},341,"Micky van de Ven is edging closer to committing his future to Tottenham, with reports suggesting he is close to agreeing a new five-year contract at the club. The Dutch defender has been one of Spurs' standout players and keeping him long-term would be a real statement of intent. Nothing is official yet, but the signs are looking positive."
3ebeeeaf-8d74-4dc0-8e32-8df7395f429b,wolves,f,news,routine,,archived,t,2026-08-06 22:57:51.597332+00,2026-08-07 00:57:51.597332,2026-08-06 22:57:50+00,2026-08-06 22:57:53.429+00,2026-08-07 00:57:53.429,0.03052780000000000000,00,,,,"Raul Jimenez has returned to Wolverhampton Wanderers, with Sky Sports calling it 'the most romantic signing of the summer'.",He came back,Raul Jimenez is back at Wolves. The iconic No 9 has come home. Football can be beautiful.,"the no 9
is home.",Like your ex coming back and everyone agreed it was actually right this time.,,"[""Ask him: what does Jimenez coming back mean to Wolves fans, is this a nostalgia move or a real statement?"", ""Sky Sports called it 'the most romantic signing of the summer'. Even football has its love stories."", ""Jimenez is 35. Some Wolves fans grew up watching him. What a full-circle moment for the club."", ""How does a returning legend fit into Wolves' plans for getting back to the Premier League?""]",exciting,f,,f,{wolves},348,"Raul Jimenez is back at Molineux. Sky Sports described it as 'the most romantic signing of the summer', and for Wolves fans, it is hard to disagree. For a generation of supporters, Jimenez is the club's No 9. He is not so much a returning player as a chapter of their own lives coming back. He may be 35, but the welcome will be anything but quiet."
1ab83d85-8581-44e4-aa4b-f5d7c41dd735,arsenal,t,news,routine,,archived,t,2026-08-07 06:40:54.844041+00,2026-08-07 08:40:54.844041,2026-08-07 06:40:53+00,2026-08-07 06:41:00.478+00,2026-08-07 08:41:00.478,0.09389931666666666667,08,,,,"Arsenal manager Arteta says the club has 'big hopes' for O'Neill, a young Northern Ireland international midfielder who impressed in pre-season.",He's found one to back,Arteta named midfielder O'Neill as a 'big hope' this season. He'll track this now.,"arteta.
big hopes for o'neill.",Like when your boss sends a Slack about you to the whole team before your probation's even up. O'Neill just got the Arteta stamp.,"Arsenal's manager Arteta called O'Neill, the young Northern Ireland international, one of the club's 'big hopes' this season. When a manager names someone publicly in pre-season, it usually means real minutes are coming.","[""Tell him Arteta specifically mentioned O'Neill as one to watch this pre-season. See if he's already clocked him."", ""Did you know O'Neill is a Northern Ireland international? Arteta doesn't usually give these shoutouts for nothing."", ""Ask him: is O'Neill the kind of player who could break through under Arteta this season?""]",exciting,f,,f,{arsenal},304,"Arteta has publicly backed Ceadach O'Neill, a Northern Ireland international midfielder, as one of Arsenal's 'big hopes' ahead of the new season. He's been impressing in pre-season. Managers don't usually single someone out like this unless they're planning to play them. Worth dropping his name tonight."
bc000aec-a95a-49c6-b01c-80f4e3fffa71,chelsea,t,news,routine,,archived,t,2026-08-07 06:43:24.910893+00,2026-08-07 08:43:24.910893,2026-08-07 06:43:24+00,2026-08-07 06:43:28.008+00,2026-08-07 08:43:28.008,0.05161845000000000000,08,,,,Chelsea have 41 players in their first-team squad with 25 days left in the transfer window to trim it down.,He'll have a spreadsheet,Chelsea have 41 squad players and 25 days to shift them. He'll be ranking every exit.,"chelsea.
41 players.
window closing.",Like when you're moving flat and realize you've somehow collected 41 handbags with 25 days to Vinted some of them.,"Chelsea have 41 players in their first-team squad with 25 days left to trim the window. The exits are coming, it's just a question of who and when.","[""Tell him Chelsea have 41 players in their squad. See how long his list of who should leave is."", ""Did you know the transfer window only has 25 days left? Chelsea have a lot to sort out in a hurry."", ""Ask him: is it better to have too many players or too few going into a new season?""]",drama,t,Chelsea have 41 players in their squad with 25 days left in the transfer window.,f,{chelsea},250,"Chelsea have 41 players in their senior squad right now. With the transfer window closing in 25 days, the exits need to start. BBC Sport looked at who could be heading out. It's a lot to sort. [his name] will have opinions on every name on that list."
9a2b3a1f-2f5a-4046-aba0-235756ea8541,liverpool,t,news,routine,,archived,f,2026-08-07 06:46:06.893415+00,2026-08-07 08:46:06.893415,2026-08-07 06:46:06+00,,,,,,,,Tottenham are reportedly interested in Liverpool forward Cody Gakpo. BBC Sport ran an analysis on whether it could happen.,He might have thoughts,Spurs are reportedly eyeing Liverpool's Gakpo. Nothing confirmed yet. He'll have a view.,"gakpo.
spurs want him.
maybe.",Like finding out your ex's new partner has been asking your mutual friends about you. Nothing confirmed. But the question is out there.,"Spurs are reportedly interested in Liverpool's Dutch winger Gakpo, and BBC Sport ran an analysis piece on how he might fit into their new system. Nothing confirmed yet, but the interest seems real.","[""Tell him Spurs are reportedly after Gakpo. Then stand back."", ""Did you know BBC Sport ran a full analysis on how Gakpo could fit at Spurs? It's serious enough to write about."", ""Ask him: is Gakpo someone Liverpool can afford to lose this summer?""]",drama,t,Tottenham are reportedly interested in Liverpool forward Cody Gakpo.,f,"{liverpool,spurs}",401,"BBC Sport published a full analysis piece on whether Tottenham could sign Cody Gakpo, Liverpool's Netherlands international forward. Spurs are reportedly interested in him. Nothing is confirmed, and there's been no bid announced, but when BBC Sport is running the data on a possible move, the interest is real enough to take seriously. [his name] will have a strong opinion on whether Gakpo should go."
dcc8ebdc-9ac3-4f6e-babd-8fad590fee6e,man_city,t,news,routine,,archived,f,2026-08-07 06:47:43.096235+00,2026-08-07 08:47:43.096235,2026-08-07 06:47:42+00,,,,,,,,Rodri (Man City midfielder) has reportedly given Barcelona the green light to start talks. City are said to be willing to sell for around £60m.,He might need a minute,Rodri reportedly told Barça they can talk to Man City. City may sell for £60m.,"rodri.
barcelona green light.
city willing.",Like when your colleague asks HR if they can start the handover process and you haven't even posted the job yet. Rodri's ready to go.,"Rodri, Man City's Spain and World Championship captain, has reportedly told Barcelona they can open talks with the club. City are reportedly ready to sell for about £60m. Real Madrid were in the race but have gone quiet.","[""Tell him Rodri has reportedly given Barcelona the green light. He'll have thoughts on whether City can replace him."", ""Did you know City are reportedly willing to sell Rodri for around £60m? That's lower than many expected for a World Championship winner."", ""Ask him: who does Man City bring in if Rodri leaves?""]",drama,t,Rodri has reportedly given Barcelona the green light to open talks with Man City.,t,{man_city},491,"Rodri, Man City's Spain captain and World Championship-winning midfielder, has reportedly given Barcelona the go-ahead to start negotiations with the club. A source confirmed the green light to several outlets. The Guardian reported that City are willing to let him go for around £60m. Real Madrid had been in the race but talks stalled. Now Barcelona have moved ahead. Nothing is done yet, but this is the clearest sign yet that Rodri is heading for the exit. [his name] will feel this one."
09887e1f-f43d-4b31-965e-baf74bf5b927,nottm_forest,t,news,routine,,archived,t,2026-08-07 06:55:59.214911+00,2026-08-07 08:55:59.214911,2026-08-07 06:55:57+00,2026-08-07 06:56:03.048+00,2026-08-07 08:56:03.048,0.06388481666666666667,08,2026-08-08 19:00:00+00,,,Nottingham Forest take on Barcelona in a pre-season friendly tomorrow as they prepare for the new Premier League season.,Big test tomorrow,Forest face Barcelona in pre-season tomorrow. He'll definitely be awake for this one.,forest meet the giants,"Like your favourite comfort show getting a crossover episode with the biggest series on TV, technically a throwaway, but you're absolutely watching it.","Nottingham Forest are playing Barcelona in a pre-season friendly tomorrow. After a steady 16th-placed finish in the Premier League, it's the kind of summer test that gives a squad a real sense of where they stand.","[""He'll have a take on whether Forest can hold their own against Barca, ask him"", ""Which Forest player does he think will have the most to prove tomorrow?"", ""Does he think a pre-season friendly matters, or does he save the nerves for when it counts?""]",exciting,f,,f,{nottm_forest},582,"Nottingham Forest go up against Barcelona in a pre-season friendly tomorrow, and it doesn't get much bigger than that in the summer. It's the headline match of Forest's pre-season tour, which has already included wins over Blackburn and Notts County and a draw against Portuguese side Guimaraes.

Forest survived in the Premier League last season, finishing 16th on 44 points, and will be aiming to build on that in 2026-27. Getting a run-out against one of Europe's biggest clubs, even in a friendly, is a chance to take stock of where the squad stands heading into the new season."
f88060ef-6c06-4f4e-b480-3f16fefffd54,wolves,f,news,routine,,archived,t,2026-08-07 06:56:21.688255+00,2026-08-07 08:56:21.688255,2026-08-07 06:56:20+00,2026-08-07 06:56:24.057+00,2026-08-07 08:56:24.057,0.03947908333333333333,08,2026-08-07 18:45:00+00,1567419,,"Wolves host Port Vale at Molineux tonight in the League Cup, kicking off their competitive season with Raul Jimenez back at the club.",First game back tonight,Wolves host Port Vale tonight (6:45pm). Jimenez is back. Feels like a new era.,jimenez is home,"Like when someone finally comes back to the friend group after months away, the first night out together is always a bit electric, even if you're just at the local.","Wolves host Port Vale tonight in the League Cup, their first competitive match since relegation. Raul Jimenez has just returned to Molineux, and the atmosphere will be different tonight.","[""Jimenez just came back, what does that signing mean to him compared to a flashy new face?"", ""Is tonight the kind of low-key cup game he watches with one eye, or is he fully in?"", ""They were bottom last season, what would a decent first year back in the Championship actually look like to him?""]",exciting,f,,f,{wolves},571,"Wolves begin competitive football again tonight, hosting Port Vale at Molineux in the League Cup (kick-off 6:45pm). It's their first match since relegation, and it comes just days after Raul Jimenez's return to the club, Sky Sports called it 'the most romantic signing of the summer'.

Wolves finished bottom of the Premier League last season on 20 points, but the mood around Molineux has shifted with Jimenez back. Tonight is a League Cup round of 128 match against lower-league opposition, but for a squad looking to rediscover their identity, every first win matters."
a50ebdf7-a087-4ae0-987e-ef6c0c9b262b,west_ham,f,news,routine,,archived,t,2026-08-07 06:56:54.733555+00,2026-08-07 08:56:54.733555,2026-08-07 06:56:54+00,2026-08-07 06:56:57.585+00,2026-08-07 08:56:57.585,0.04752408333333333333,08,,,,"West Ham host Portsmouth in the League Cup tomorrow, their first competitive match since being relegated from the Premier League.",First game since going down,West Ham play Portsmouth tomorrow in the League Cup. Their first game since relegation.,hammers' fresh start,"Like when your favourite series gets cancelled and quietly comes back as a spin-off, it's different, it's smaller, and you're genuinely not sure yet if that's a good thing.","West Ham host Portsmouth in the League Cup tomorrow, their first competitive match since relegation. For a club adjusting to life outside the Premier League, every game this season carries extra weight.","[""How is he feeling about West Ham being in the Championship, denial, acceptance, or somewhere in between?"", ""Portsmouth isn't a glamour tie, but does he think the League Cup matters more now they need wins?"", ""What does he think West Ham would need to do to come straight back up?""]",,f,,f,{west_ham},506,"West Ham kick off competitive football again tomorrow when they host Portsmouth in the League Cup. It's the Hammers' first proper match since they were relegated last season, finishing 18th on 39 points after a difficult run to the end of the campaign.

The ownership picture off the pitch has had its complications too, with questions around the club's direction. But on the pitch, tomorrow is a reset, a first win of the season and something to build on as the Championship campaign starts to take shape."
bdda5ea9-02ec-41b6-877b-3eeee8aed4fe,sunderland,t,news,routine,,archived,t,2026-08-07 06:58:57.05144+00,2026-08-07 08:58:57.05144,2026-08-07 06:58:56+00,2026-08-07 06:59:00.379+00,2026-08-07 08:59:00.379,0.05545933333333333333,08,,,,"Sunderland head into their second Premier League season with a Europa League campaign to prepare for, after a remarkable 7th-place finish last year.",Europa League bound,Sunderland finished 7th in their first PL season. They're in Europe now. He'll be buzzing.,the comeback season,"Like the friend who disappears for a few years to find themselves and comes back with a new job, a new energy, and an actual plan, you're rooting for them and genuinely a bit bewildered at how well it went.","Sunderland finished 7th in their first Premier League season back and qualified for European football. For a club that spent years outside the top flight, it's a result that will take a while to properly sink in.","[""7th in their first season back, does he think that's the ceiling or just the start?"", ""Europa League football at the Stadium of Light, when did he last think that was possible?"", ""Who does he think they'll need to add before the window closes to handle Europe and the league?""]",exciting,f,,f,{sunderland},603,"Sunderland's first Premier League season since their long spell in the Championship ended with something nobody quite predicted: 7th place, 54 points, and a Europa League spot to show for it. It's the kind of debut season that football writers will come back to for years.

They're now in pre-season ahead of 2026-27, facing French clubs Lens and Rennes in coming friendlies as they prepare for both the Premier League and European competition. The recent summer series saw them beat Wrexham, with tougher tests against Leeds and Liverpool reminding them that the step up doesn't get easier in year two."
d34eaee0-769f-44b7-afd0-9ed2309bc056,arsenal,t,news,routine,,archived,t,2026-08-07 22:43:01.841758+00,2026-08-08 00:43:01.841758,2026-08-07 22:43:00+00,2026-08-07 22:43:06.714+00,2026-08-08 00:43:06.714,0.08120403333333333333,00,,,,Lewis-Skelly (Arsenal's teenage left-back) is pushing to start in midfield this season. Arsenal's manager has a decision to make.,He'll bring this up tonight,"Arsenal teenager Lewis-Skelly wants midfield, not left-back. He'll want to talk tactics.","lewis-skelly.
wants midfield.
manager decides.",The support act politely asking to headline. Lewis-Skelly wants his run at midfield.,"Myles Lewis-Skelly broke into Arsenal's first team at left-back, but he wants to play midfield this season. The manager has a decision to make.","[""Tell him Lewis-Skelly's pushing to start in midfield this season, not left-back. He'll know what that means for the lineup."", ""Ask him: does he think Lewis-Skelly's good enough to start in midfield, or is left-back still his best position?"", ""He's always preferred midfield but broke into Arsenal's first team at left-back. This season could finally be different.""]",drama,f,,f,{arsenal},290,"Myles Lewis-Skelly broke into Arsenal's first team playing left-back. But the BBC report that midfield has always been his preference, and he's pushing to start there this season. Arsenal's manager has a call to make: keep him where he's proven himself, or give him the run he's been after."
74b9befc-7313-4f76-9f06-f9f493f56675,crystal_palace,t,news,routine,,archived,t,2026-08-07 22:49:11.068625+00,2026-08-08 00:49:11.068625,2026-08-07 22:49:09+00,2026-08-07 22:49:14.268+00,2026-08-08 00:49:14.268,0.05332291666666666667,00,,,,Crystal Palace have signed Takehiro Tomiyasu (Japan defender) after a successful pre-season trial.,He'll know this one,Palace signed Japan defender Tomiyasu after a trial. He'll have an opinion.,"tomiyasu.
passed the trial.
palace signed.",The summer intern who got the job offer on their last day. Tomiyasu passed the audition.,Crystal Palace have signed Japan defender Takehiro Tomiyasu after a pre-season trial. They got a good look at him before committing.,"[""Tell him Palace officially signed Tomiyasu after a pre-season trial. He'll know the name."", ""Ask him: does he think Tomiyasu's a good fit for Crystal Palace this season?"", ""It was a trial turned deal, so Palace got a long look at him before committing. Not a signing made in a rush.""]",exciting,f,,f,{crystal_palace},211,"Crystal Palace have officially completed the signing of Takehiro Tomiyasu (Japan defender) after giving him a pre-season trial first. The BBC confirmed the deal today. It's a considered signing, not a panic buy."
96c65dea-a436-4090-8d80-d07832d4f8ea,fulham,t,news,routine,,archived,t,2026-08-07 22:51:34.834631+00,2026-08-08 00:51:34.834631,2026-08-07 22:51:33+00,2026-08-07 22:51:37.787+00,2026-08-08 00:51:37.787,0.04920615000000000000,00,,,,Garcia and Palacios (two new Fulham signings) made their debuts today but Fulham lost 1-2 to Crystal Palace.,He'll be a bit gutted,Fulham lost 1-2 to Palace. Garcia and Palacios made their debuts. He'll have notes.,"garcia and palacios.
losing debut.
fulham 1-2.","The new housemates, moving day, boiler's already broken. Garcia and Palacios today.","Two of Fulham's new arrivals, Garcia and Palacios, made their debuts in a 1-2 pre-season loss to Crystal Palace. Not the start they wanted.","[""Tell him Garcia and Palacios both made their Fulham debuts today. He'll have immediate thoughts on how they looked."", ""Ask him: did either of the new signings impress despite the loss?"", ""It's only pre-season, so a 1-2 loss is not a crisis. But two new signings debuting at once is a good excuse to watch the next game with him.""]",bad_news,f,,f,"{fulham,crystal_palace}",276,"Two new Fulham arrivals, Garcia and Palacios, made their first appearances for the club today in a pre-season friendly against Crystal Palace. It did not go to plan, with Fulham losing 1-2. Pre-season results matter less than how the new faces look, but he will have opinions."
60fe15e2-9d52-41a1-9a3e-00fc2c161d26,liverpool,t,news,routine,,archived,t,2026-08-07 22:55:43.856904+00,2026-08-08 00:55:43.856904,2026-08-07 22:55:42+00,2026-08-07 22:55:47.579+00,2026-08-08 00:55:47.579,0.06203493333333333333,00,,,,Liverpool snap up Barcelona's Ronald Araujo on loan for the season in a surprise defensive move,Liverpool raid Barcelona's bench,"They've agreed a surprise loan deal for centre-back Ronald Araujo, straight from Camp Nou.","liverpool snap up
araujo on loan","It's the football equivalent of borrowing your best friend's designer jacket for a whole season, temporary, but you're absolutely making the most of it while you've got it.",Ronald Araujo is a Uruguayan defender who's spent the last several years at one of the world's biggest clubs. A loan to Liverpool is the kind of business that keeps transfer deadline day interesting.,"[""Liverpool just signed a Barcelona defender on loan, did you see that coming?"", ""Is Araujo meant to be a starter or just cover for injuries?"", ""Do you think they're done in the transfer market, or is there more to come?""]",exciting,f,,f,{liverpool},392,"Liverpool have agreed a loan deal for Barcelona defender Ronald Araujo for the full season, Sky Sports reports, and even the outlet called it a ""surprise"" move. The Uruguayan centre-back adds real defensive depth to Arne Slot's squad ahead of a busy autumn. With the window still open, fans are already wondering whether this is the last piece of business or just the start of another flurry."
936c6c9f-1bb6-465d-9b46-c39676ed5d9e,man_utd,t,news,routine,,archived,t,2026-08-07 22:57:52.4377+00,2026-08-08 00:57:52.4377,2026-08-07 22:57:51+00,2026-08-07 22:57:57.067+00,2026-08-08 00:57:57.067,0.07715500000000000000,00,,,,"Marcus Rashford's loan spell at Barcelona is over, the club declined to make it permanent, leaving his future wide open",Rashford back from Barcelona,His loan there ended without a permanent deal. His Man Utd future is suddenly wide open.,"rashford's barcelona
dream ends here","Think of it as a gap year that didn't turn into a permanent move, he went to Barcelona, it was exciting, but now home is calling him back and the welcome is... complicated.","Marcus Rashford grew up in Manchester and came through United's academy. His Barcelona loan was one of the most talked-about transfers of last summer, but now the chapter is closing without a fairy-tale ending.","[""Ask him: do you think Carrick actually wants Rashford, or is he looking to sell?"", ""Do you think Carrick would actually use him if he stays at United?"", ""Is this good news for United, getting Rashford back, or just a headache?""]",drama,t,"Barcelona didn't buy Rashford, now his future is anyone's guess",f,{man_utd},393,"Marcus Rashford's loan spell at Barcelona has come to an end with the Catalan club declining to make his move permanent. The England forward is now back in Manchester United's hands with his future unclear, a question that's keeping fans and pundits guessing as the new season approaches. Whether manager Michael Carrick has plans for him or a sale is still on the cards, nobody is saying yet."
834ae2bb-6d01-422c-8998-77b1c3c92ae4,newcastle,t,news,routine,,archived,t,2026-08-07 22:58:52.188336+00,2026-08-08 00:58:52.188336,2026-08-07 22:58:51+00,2026-08-07 22:58:54.749+00,2026-08-08 00:58:54.749,0.04267773333333333333,00,,,,"Newcastle reveals their captain was 'very emotional' about wanting to join Arsenal, he pushed for the move himself","He wanted out, Newcastle admits","'He was very emotional', Newcastle confirms Guimaraes asked to leave for Arsenal.","he was emotional.
newcastle lets go","It's like when a flatmate decides to move out, even if you knew they were restless, hearing them say 'I really wanted to leave' still hits differently than just a quiet departure.","Bruno Guimaraes was Newcastle's captain and one of their most important players, signed from Lyon in 2022. His departure to Arsenal marks the end of a significant chapter for the club.","[""Who fills the Guimaraes gap at Newcastle now, does he have anyone in mind?"", ""Does it change how he feels about the transfer, knowing Guimaraes pushed to go himself?"", ""Is this the end of an era for Newcastle, or just a bump in the road?""]",drama,f,,f,"{newcastle,arsenal}",433,"Newcastle United sporting director Ross Wilson has lifted the lid on Bruno Guimaraes' departure, revealing the captain was ""very emotional"" about his desire to join Arsenal. The club hadn't planned to sell their leader, Wilson said, but Guimaraes made it clear he wanted the move. It's the kind of behind-the-scenes admission that reframes the whole story, sometimes the player wants to go just as much as the buying club wants them."
1c63e207-975b-46b8-a7fa-235a694df7a1,spurs,t,news,routine,,archived,f,2026-08-07 23:00:15.587588+00,2026-08-08 01:00:15.587588,2026-08-07 23:00:14+00,,,,,,,,"Atletico Madrid hold talks with Tottenham over signing captain Cristian Romero, who is expected to leave this summer",Romero's future in the air,Atletico Madrid have held talks with Spurs about signing their captain Cristian Romero.,"the captain might
be heading out","It's like when the most dependable person in the group suddenly starts sending their CV to other companies. You knew things might change, but it still stops you cold.","Cristian Romero is Tottenham's Argentinian captain and one of the best defenders in the Premier League when fit. Atletico Madrid are one of Europe's biggest clubs, which makes this a genuinely significant story.","[""Ask him, if Romero goes, who fills that captaincy void at Spurs?"", ""Does he think this is actually happening, or just transfer window noise?"", ""Is the Spurs rebuild back at square one if the captain leaves?""]",drama,f,,f,{spurs},365,"Atletico Madrid have held talks with Tottenham over a possible move for captain Cristian Romero, who is expected to leave the club this summer, BBC Sport reports. Losing your captain mid-window is never just a football story, it signals something bigger is shifting. Spurs have been rebuilding after a difficult few years, so this one will sting if it goes through."
e7980bd6-cf97-4819-a6a3-f4f14bb36ccc,west_ham,f,news,routine,,archived,t,2026-08-07 23:01:17.742831+00,2026-08-08 01:01:17.742831,2026-08-07 23:01:16+00,2026-08-07 23:01:20.219+00,2026-08-08 01:01:20.219,0.04126948333333333333,01,,,,West Ham co-owner David Sullivan is set to attend Saturday's Cup tie despite being advised to stay away from the stadium,The owner they'd rather not see,"Sullivan's attending the Cup game on Saturday, despite being told to stay away.","the owner they'd
rather not see","It's the awkward guest who shows up to the party anyway, technically they have every right to be there, but you can't help watching the door all night.",West Ham were relegated from the Premier League after the 2025-26 season and are now starting life in the Championship. Their first competitive match is a League Cup tie against Portsmouth.,"[""Ask him, what's the mood like among West Ham fans about the Sullivan situation?"", ""Do you think this kind of ownership drama is what's been holding the club back?"", ""With everything going on off the pitch, how optimistic is he about the Championship season?""]",drama,f,,f,{west_ham},406,"David Sullivan, West Ham's co-owner, is expected to attend Saturday's EFL Cup first-round tie against Portsmouth despite being advised against appearing at home matches at the London Stadium, BBC Sport reports. It adds another layer to an already complicated chapter for the club, their first season in the Championship after relegation, with questions still hanging over the ownership and what comes next."
a0c261db-2130-48ec-ae10-4f374d814a2b,wolves,f,matchday,routine,,archived,t,2026-08-07 23:03:09.668987+00,2026-08-08 01:03:09.668987,2026-08-07 23:03:08+00,2026-08-07 23:03:16.137+00,2026-08-08 01:03:16.137,0.10780021666666666667,01,,,,"Wolves beat Port Vale 3-0 in the League Cup to open their Championship season, all three goals came before half-time",3-0. Wolves mean business.,"Wolves beat Port Vale 3-0 in the Cup, three goals, done by half-time.","back to business.
wolves 3, vale 0","Three goals, no reply, all done before half-time. That's not just a result, that's a mood.",Wolves were relegated from the Premier League after the 2025-26 season and started their Championship campaign in the League Cup against Port Vale. A 3-0 win is exactly what the doctor ordered.,"[""Three goals before half-time, ask him if he thinks this is the year Wolves come straight back up."", ""Jimenez is back at the club now, did he get on the scoresheet?"", ""What does he make of watching a Premier League team in the Championship for a change?""]",exciting,f,,f,{wolves},359,"Wolves opened their Championship season in emphatic fashion, beating Port Vale 3-0 in the League Cup on Friday evening, with all three goals arriving before half-time. It's a statement of intent for a side with serious ambitions to bounce back to the Premier League. With Raul Jimenez back at the club, the feel-good factor around Molineux is building nicely."
a910ba56-1bbf-47a7-81ff-3c84a5054230,arsenal,t,news,routine,,archived,f,2026-08-08 06:40:20.455325+00,2026-08-08 08:40:20.455325,2026-08-08 06:40:19+00,,,,,,,,"Newcastle chief Ross Wilson: the club never planned to sell Guimarães (Arsenal's new midfielder), but he was 'very emotional' about wanting to join.",Newcastle on Guimarães,Newcastle's chief says Guimarães begged to join Arsenal. The club never planned to sell.,"guimaraes begged.
newcastle had no plan.","It's like finding out your flatmate had been desperate to move in with her boyfriend for months. She seemed settled, nobody knew, and the second the offer came she was gone by the weekend.","Newcastle's sporting director revealed the club never planned to sell Guimarães. But their captain was desperate to join Arsenal, and in the end they couldn't say no. The move is done.","[""Tell [his name] Newcastle's own chief admitted they never planned to sell Guimarães. Their captain apparently had to beg them."", ""Ask him: does a player who really wanted the move make it a better or more complicated signing?"", ""He'll have thoughts on how Newcastle handled losing their captain. You've got the inside scoop from their own chief.""]",drama,t,"Newcastle never planned to sell Guimarães, but their captain begged to join Arsenal",f,"{arsenal,newcastle}",391,"Newcastle's sporting director Ross Wilson came out with something that reframes the Guimarães transfer. The club never planned to sell their captain. But Wilson says Guimarães was 'very emotional' about wanting the Arsenal move, and in the end Newcastle couldn't stand in his way. Sometimes a big signing tells you as much about a player's desire as it does about the buying club's ambition."
c848294b-75a2-41f4-82b3-870476752d5a,chelsea,t,news,routine,,archived,f,2026-08-08 06:44:09.59917+00,2026-08-08 08:44:09.59917,2026-08-08 06:44:08+00,,,,,,,,Man City are reportedly exploring a deal for Enzo Fernandez (Chelsea midfielder) to replace Rodri at the Etihad. Nothing confirmed yet.,He might have views,Man City reportedly exploring Fernandez from Chelsea to replace Rodri. Nothing agreed.,"city eyeing fernandez.
replacing rodri.",It's like your mate's ex already browsing Hinge the week they break up. City haven't called yet but they're definitely looking at the profile.,"Reports suggest Man City are exploring a bid for Chelsea midfielder Enzo Fernandez, to replace Rodri if he leaves City. It's speculation at this stage, but Chelsea could lose a key player.","[""Tell [his name] Man City are reportedly exploring a bid for Fernandez. Nothing confirmed yet but he'll want to debate it."", ""Ask him: would losing Fernandez be a crisis for Chelsea, or a chance to reshape the midfield?"", ""He'll probably already be tracking this one. But knowing City are specifically looking at Fernandez makes it feel more real.""]",drama,t,Man City reportedly exploring Enzo Fernandez deal from Chelsea to replace Rodri,f,"{chelsea,man_city}",384,"Reports from the BBC and The Independent suggest Man City are looking at Enzo Fernandez, Chelsea's Argentine midfielder, as a potential replacement for Rodri. Rodri could be on his way back to Spain, and City are already doing their homework on who fills that gap. Nothing is agreed. But if Fernandez ends up on his way out of Stamford Bridge, it would be a big departure for Chelsea."
c255bfc9-6568-4418-99e9-db8ed790e1dc,man_city,t,news,routine,,archived,t,2026-08-08 06:47:49.206669+00,2026-08-08 08:47:49.206669,2026-08-08 06:47:47+00,2026-08-08 06:47:52.082+00,2026-08-08 08:47:52.082,0.04792218333333333333,08,,,,Man City agree deal to sign Geronimo Rulli (Argentina goalkeeper) from Marseille.,New keeper sorted,Man City agreed to sign Argentina's Geronimo Rulli from Marseille. He'll have thoughts.,"rulli signed.
from marseille.
city keeper.",Like when your flatmate moves out and you've already screenshotted three new candidates before the week is out. City sorted their keeping situation fast.,"Man City have agreed to sign Argentine goalkeeper Geronimo Rulli from Marseille. Quick business from City, who have now sorted their goal-keeping situation for the new season.","[""Tell [his name] Man City just agreed a deal to sign Argentine goalkeeper Rulli from Marseille. Might be news to him."", ""Ask him: does signing an Argentine keeper from Marseille say anything about City's ambitions this season?"", ""He'll probably have a take on whether Rulli is an upgrade or just cover. Ask him what he makes of it.""]",exciting,f,,f,{man_city},293,"Manchester City have agreed a deal to sign Geronimo Rulli, Argentina's goalkeeper, from Marseille. The move means City have replaced their keeping spot quickly after recent changes to the squad. A quiet but solid piece of business from City, confirming they are not hanging around this summer."
1fe8599e-e6db-4167-91b6-e3a690ca4fd4,man_city,t,news,routine,,archived,f,2026-08-08 06:48:06.477405+00,2026-08-08 08:48:06.477405,2026-08-08 06:48:05+00,,,,,,,,Man City reject Barcelona's £38.5m bid for Rodri (City's Spanish midfield captain). City want more than £60m before they'll let him go.,He might have views,City rejected Barcelona's £38.5m Rodri bid. They want over £60m. Talks continue.,"barcelona bid £38.5m.
city said no.
£60m or nothing.","Like haggling at a market when you already know your price. Barcelona opened at £38.5m, City didn't even blink.","Barcelona bid £38.5m for Man City midfielder Rodri, and City rejected it immediately. City want more than £60m before they consider letting the Spain captain leave.","[""Tell [his name] Barcelona's first offer for Rodri was £38.5m and City rejected it flat. He'll have a take on whether that's a realistic valuation."", ""Ask him: does the £60m asking price feel right for someone like Rodri?"", ""He'll probably say Barcelona will come back with a higher bid. Ask him if City should just keep him.""]",drama,t,"Man City reject Barcelona's £38.5m Rodri bid, demand more than £60m",f,{man_city},290,"Barcelona came in with a first offer of £38.5m for Rodri, Man City's Spanish midfield captain, and City said no. Man City are open to selling, but only if Barcelona meet their £60m-plus valuation. Talks are said to be continuing. Nothing agreed yet, but the numbers are now out in the open."
f5d6d39d-dc08-4afa-a6af-5fd96c8fca0f,newcastle,t,news,routine,,archived,t,2026-08-08 06:50:21.303605+00,2026-08-08 08:50:21.303605,2026-08-08 06:50:20+00,2026-08-08 06:50:23.725+00,2026-08-08 08:50:23.725,0.04035658333333333333,08,,,,"Newcastle's new head coach Matthias Jaissle takes charge of his first game today, a friendly against Valencia. The new era begins.","New era, first game","Newcastle's new manager Jaissle takes charge for the first time today. Valencia, 7pm.","jaissle's first game.
today.
valencia away.","It's like following your new line manager's first Zoom call, not because you have to, but because you want to clock how they operate.","Newcastle's new head coach Matthias Jaissle takes charge of his first game today, a friendly against Valencia. A new chapter begins after a summer of big changes at the club.","[""Tell [his name] Jaissle takes charge of his first Newcastle game today against Valencia. He might want to watch."", ""Ask him: what does he expect from Newcastle under a completely new manager this season?"", ""He's been following all the summer drama at Newcastle. Tell him the new chapter actually starts today.""]",exciting,f,,f,{newcastle},376,"The Jaissle era at Newcastle kicks off today. He will take charge of his first friendly as head coach against Valencia this evening, as a new chapter begins at St James' Park. The club have had a big summer, captain Guimarães gone, new manager in, and now the football actually starts. Today is the first proper look at what Matthias Jaissle's Newcastle is going to look like."
4ee1b732-b155-4289-86b2-f1c6a281b276,southampton,f,news,routine,,archived,f,2026-08-08 06:51:50.257383+00,2026-08-08 08:51:50.257383,2026-08-08 06:51:49+00,,,,,,,,Southampton head coach Tonda Eckert says the image of the Spygate scandal is 'far from truth' and praised owner Dragon Solak for backing him through it.,Southampton's defence,Eckert says Spygate image is 'far from truth'. Owner Dragon Solak is backing him.,"spygate.
eckert fires back.
owner's got him.","It's like your mate getting caught snooping through her ex's messages, then her mum going on a WhatsApp group to say the story's been 'completely twisted.'","Southampton's head coach Tonda Eckert says the Spygate scandal has been misrepresented. Owner Dragon Solak is backing the manager through the controversy, even as an FA ban looms.","[""Tell [his name] Southampton's head coach came out defending himself on the Spygate scandal. The owner's backing him publicly."", ""Ask him: does an owner backing a manager through a scandal make the club look stronger or just more stubborn?"", ""He's probably been following the Southampton chaos. Drop 'the coach says it's all been misrepresented' and see what he says.""]",drama,f,,f,{southampton},347,"Southampton's head coach Tonda Eckert has come out fighting over the Spygate scandal, saying the picture of events is 'far from truth.' Eckert says he is 'grateful' to owner Dragon Solak for standing by him through the controversy. The club was caught spying on play-off opponents, and an FA ban is still expected. But Eckert is not going quietly."
513a591f-c6a8-4a40-9b98-7af7c732b3c7,spurs,t,news,routine,,archived,f,2026-08-08 06:53:21.503731+00,2026-08-08 08:53:21.503731,2026-08-08 06:53:20+00,,,,,,,,Tottenham categorically rejected Arsenal's approach for captain Cristian Romero (Spurs defender) and are now in talks to sell him to Atletico Madrid instead.,Spurs snubbed Arsenal,Spurs rejected Arsenal for Romero and are selling to Atletico. Rivals blocked.,"arsenal tried romero.
spurs said no.
atletico get him.","It's like rejecting a job offer because it's from your ex's company, then immediately taking a call from someone completely different. The terms might be the same. The vibe is very different.","Tottenham rejected an approach from Arsenal for captain Cristian Romero, then opened talks with Atletico Madrid instead. The Romero sale looks likely, but it won't be to their rivals.","[""Tell [his name] Spurs turned down Arsenal specifically for Romero before going to Atletico. He'll love that detail."", ""Ask him: is blocking Arsenal part of the thinking, or is Atletico just the better deal?"", ""He'll probably already know the Romero saga. Drop 'Spurs specifically blocked Arsenal' and watch his reaction.""]",drama,t,Tottenham rejected Arsenal's approach for Romero before opening Atletico talks,f,"{spurs,arsenal}",374,"New detail on the Romero situation: Tottenham didn't just decide to sell their captain, they specifically turned down an approach from Arsenal first. According to the Guardian, Spurs categorically rejected Arsenal's interest in Cristian Romero before opening talks with Atletico Madrid. The Argentina defender is expected to leave, but not to his club's north London rivals."
c199f8f3-7990-4691-b9e8-105ef2acde92,arsenal,t,news,routine,,archived,f,2026-08-08 22:38:54.40269+00,2026-08-09 00:38:54.40269,2026-08-08 22:38:53+00,,,,,,,,"Cristian Romero (Spurs defender) reportedly wants Arsenal, not Atletico. Spurs are in talks to sell him to the Spanish side.",Good gossip,Spurs defender Romero reportedly wants Arsenal. Spurs are selling him to Atletico instead.,"romero.
wants arsenal.
atletico in the mix.",Like a Hinge match who's still technically seeing someone else but keeps texting you. Romero wants Arsenal while Spurs are busy selling him somewhere else.,Spurs defender Cristian Romero reportedly wants to join Arsenal this summer. Spurs are currently in talks to sell him to Atletico Madrid instead. Whether the player gets his preferred destination remains to be seen.,"[""Tell him a Spurs defender is apparently pining for Arsenal. He'll have a take."", ""Ask him: would he actually want Arsenal to sign a Spurs player?"", ""He'll probably say it would be funny but it won't happen. See if he's right.""]",drama,f,,f,"{arsenal,spurs}",300,"There's a bit of transfer drama with a funny twist. Cristian Romero (Spurs' Argentine defender) is reportedly being sold to Atletico Madrid, but here's the thing: the player himself reportedly wants Arsenal instead. Spurs are in talks with Atletico, so whether Romero gets his wish is another matter."
1a1753cd-9eb2-4725-9465-c6a58290a47b,chelsea,t,news,routine,,archived,t,2026-08-08 22:41:44.163072+00,2026-08-09 00:41:44.163072,2026-08-08 22:41:43+00,2026-08-08 22:41:47.393+00,2026-08-09 00:41:47.393,0.05383213333333333333,00,,,,"Chelsea beat AC Milan 3-0 in a pre-season friendly, with Joao Pedro (Chelsea striker) scoring twice. Their best display yet under manager Xabi Alonso.",Crisis averted,Chelsea beat AC Milan 3-0 pre-season. Joao Pedro scored twice. Alonso era is picking up.,"chelsea 3-0 milan.
joao pedro brace.
alonso era begins.","Like the new flatmate who takes a few weeks to settle in, then cooks the best dinner of the year. Chelsea looked shaky in pre-season, then beat AC Milan 3-0.",Chelsea bounced back from two pre-season defeats with their best display under Xabi Alonso yet. Joao Pedro scored twice in a 3-0 win over AC Milan in Jakarta. A good sign with the Premier League starting later this month.,"[""Tell him Chelsea beat AC Milan 3-0 today. After two defeats, he'll want to know if Alonso is settling in."", ""Ask him: is Xabi Alonso the right fit for Chelsea's style?"", ""Did you know Chelsea had back-to-back defeats before this? He'll frame this win differently with that context.""]",exciting,f,,f,{chelsea},279,"After two pre-season losses on the bounce, Chelsea looked a different team. Joao Pedro scored twice and they beat AC Milan 3-0 in Jakarta. Sky Sports called it their best performance under manager Xabi Alonso. It might only be pre-season, but the first time it clicks, it clicks."
71342b97-81da-4a20-af9b-4a53df07f583,man_utd,t,news,routine,,archived,t,2026-08-08 22:45:35.647017+00,2026-08-09 00:45:35.647017,2026-08-08 22:45:34+00,2026-08-08 22:45:38.693+00,2026-08-09 00:45:38.693,0.05076638333333333333,00,,,,"Man Utd drew 1-1 with PSG in Gothenburg. Bryan Mbeumo scored the equaliser, and new signing Tielemans (Man Utd midfielder, £35m) had an impressive debut.",He'll like this one,"United held PSG to a 1-1 draw in pre-season. Mbeumo scored, new boy Tielemans impressed.","man utd 1-1 psg.
mbeumo scored.
tielemans arrived.","Like your mate who starts a new job where everyone already knows each other, walks in, and immediately gets everyone laughing. Tielemans looked right at home.","Man Utd drew 1-1 with PSG in a pre-season friendly, with Bryan Mbeumo scoring United's equaliser. New signing Tielemans made an impressive debut cameo. Manager Carrick saw plenty of encouragement.","[""Tell him United held PSG 1-1 today. Mbeumo scored and new boy Tielemans was impressive off the bench."", ""Ask him: is Mbeumo looking like exactly what United needed in midfield?"", ""He'll probably say a draw with PSG means nothing in pre-season. Watch how much he means it.""]",exciting,f,,f,{man_utd},297,"Good signs from Man Utd in pre-season. They held PSG to a 1-1 draw in Gothenburg, with Bryan Mbeumo scoring the equaliser after PSG went ahead early. The other story was Youri Tielemans (their new £35m signing from Monaco) who manager Carrick said showed 'good signs' in an impressive debut cameo."
379611b3-4d03-4e10-a06f-33867d34200e,man_utd,t,news,routine,,archived,f,2026-08-08 22:46:16.059064+00,2026-08-09 00:46:16.059064,2026-08-08 22:46:15+00,,,,,,,,Marcus Rashford is reportedly set to rejoin Man Utd's pre-season camp in Ireland after Barcelona decided not to make his loan permanent.,He might have thoughts,Rashford reportedly back at United's camp. Barcelona didn't take up the permanent deal.,"rashford's back.
united camp.
barcelona passed.","Like the flatmate who said they were moving out, didn't find anywhere, and has quietly unpacked their stuff again. Rashford's back for pre-season.","Marcus Rashford is reportedly rejoining Man Utd's pre-season camp after Barcelona chose not to sign him permanently. His future at Old Trafford is still unclear, but he'll be with the squad in Ireland while it gets worked out.","[""Tell him Rashford is apparently heading back to United's pre-season camp. He'll have a position on what Carrick should do with him."", ""He'll probably already be thinking about whether Carrick keeps him or ships him out in the window."", ""Ask him: does Rashford deserve another chance at United this season?""]",drama,f,,f,{man_utd},289,"Marcus Rashford's move to Barcelona didn't end in a permanent transfer, so he's back in the picture at Man Utd. Reports say he's set to rejoin their pre-season camp in Ireland to prepare for the new season. What manager Carrick decides to do with him from here is the interesting question."
9ba2f98c-1f59-49f0-ba08-4266cad80683,newcastle,t,news,routine,,archived,t,2026-08-08 22:47:26.479892+00,2026-08-09 00:47:26.479892,2026-08-08 22:47:25+00,2026-08-08 22:47:29.302+00,2026-08-09 00:47:29.302,0.04703513333333333333,00,,,,Newcastle beat Valencia 2-1 away in Matthias Jaissle's first game as head coach. Substitute Wissa (Newcastle forward) scored twice in a comeback win.,He'll love this,Newcastle won 2-1 at Valencia in Jaissle's first game. Wissa scored twice off the bench.,"newcastle 2-1.
jaissle wins it.
wissa off bench.",Like the Hinge date who's thirty minutes late and then somehow saves the whole evening. Wissa came on in the second half and won it.,"Matthias Jaissle won his first game as Newcastle manager, beating Valencia 2-1 away in pre-season. Yoane Wissa came off the bench to score twice in a comeback win. A decent first chapter for the new era.","[""Tell him Newcastle won 2-1 in the new manager's first game, with Wissa coming off the bench to score twice."", ""Ask him: is Wissa the striker Newcastle needed stepping up now Guimaraes has gone?"", ""He'll probably say pre-season wins mean nothing. Watch his face while he says it.""]",exciting,f,,f,{newcastle},261,"New manager, winning start. Matthias Jaissle took charge of his first Newcastle game tonight, away at Valencia, and came away with a 2-1 win. Yoane Wissa came off the bench and scored twice in a comeback. A good sign after losing Guimaraes to Arsenal this week."
e431dd3e-0894-42d0-81cc-b9dd24a6cee5,west_ham,f,news,routine,,archived,t,2026-08-08 22:50:07.599754+00,2026-08-09 00:50:07.599754,2026-08-08 22:50:06+00,2026-08-08 22:50:10.644+00,2026-08-09 00:50:10.644,0.05073743333333333333,00,,,,"West Ham beat Portsmouth 3-1 in the League Cup, their first competitive win since relegation. Taty Castellanos (West Ham striker) scored twice.",First win back,West Ham beat Portsmouth 3-1. Castellanos scored twice. First win since relegation.,"west ham 3-1.
castellanos brace.
first win back.","Like the first proper night out after a really rough patch. Nothing's fully changed, but everyone needed a win. West Ham got theirs.","West Ham beat Portsmouth 3-1 in the League Cup, their first competitive win since relegation from the Premier League. Taty Castellanos scored twice. A positive start to a difficult chapter.","[""Tell him West Ham won 3-1 in the League Cup today. Castellanos scored twice. He's been needing this."", ""He'll probably say it's only Portsmouth in the League Cup. Watch him check the result three more times tonight."", ""Ask him: does a win like this help West Ham's confidence going into the Championship?""]",exciting,f,,f,{west_ham},255,"West Ham's first competitive game since dropping out of the Premier League, and they made it a winning one. They beat Portsmouth 3-1 in the League Cup first round, with striker Taty Castellanos scoring twice. A small bit of good news after a tough summer."
fcf94da1-a6d1-47fb-95bd-28524734062f,wolves,f,news,routine,,archived,t,2026-08-08 22:55:36.325534+00,2026-08-09 00:55:36.325534,2026-08-08 22:55:35+00,2026-08-08 22:55:38.885+00,2026-08-09 00:55:38.885,0.04265776666666666667,00,,,,"Phil Parkes, Wolves legend and former Wolverhampton Wanderers goalkeeper, has died aged 79",He'll be sad about this one,"Phil Parkes, Wolves legend goalkeeper, has died aged 79, BBC Sport reports.","a wolves legend
is gone",,"Phil Parkes was the kind of goalkeeper whose name Wolves fans still say with reverence. He died aged 79, and BBC Sport remembered him as a club legend.","[""Tell him you saw the Phil Parkes news, BBC Sport called him a Wolves legend."", ""Ask him what Parkes meant to the club and what he remembers about him."", ""Did you know Phil Parkes was the goalkeeper who became a Wolverhampton legend? These tributes are how you learn.""]",bad_news,t,Wolves legend Phil Parkes has died aged 79,f,{wolves},263,"Phil Parkes, a former Wolverhampton Wanderers goalkeeper remembered as a Wolves legend, has died at the age of 79. BBC Sport broke the news this morning.

If your Wolves fan seems quieter than usual today, now you know why. These are the names that don't go away."
f28cbb11-3e7c-42cc-80b6-e3a53278e8fd,man_utd,t,news,routine,,archived,t,2026-08-09 06:47:24.375004+00,2026-08-09 08:47:24.375004,2026-08-09 06:47:22+00,2026-08-09 06:47:27.722+00,2026-08-09 08:47:27.722,0.05578326666666666667,08,,,,Mason Mount (Man Utd midfielder) went off injured after 20 minutes against PSG. He's had a string of injury problems at Old Trafford.,He might be stressing,Mount went off after 20 minutes with a foot injury in the PSG friendly. He's injury-prone.,"mount.
another injury scare.
off after 20 mins.",Like a Hinge match who writes brilliantly and says all the right things. Then cancels every plan at the last minute.,Mason Mount was taken off with a foot injury after fewer than 20 minutes in Man Utd's PSG friendly. He's had a difficult injury record since arriving at Old Trafford.,"[""Ask him if he's written Mount off for the start of the season, or thinks this is just a pre-season precaution."", ""Tell him you noticed Mount only lasted 20 minutes. He'll have already read every update."", ""He's probably been quietly excited about Mbeumo. Tell him the new signing scored against PSG and see how he reacts.""]",bad_news,f,,f,{man_utd},531,"Pre-season was going well. Man Utd held PSG to a 1-1 draw in Gothenburg on Saturday, with Bryan Mbeumo scoring to cancel out an early goal and new signing Tielemans looking sharp on debut.

But the result was overshadowed by Mason Mount being taken off with a foot injury after fewer than 20 minutes. He started against PSG but didn't last long.

Mount has been hampered by injury problems throughout his time at Old Trafford since joining from Chelsea. Another scare this early in pre-season is not what anyone at the club wanted."
6f7efbfd-2734-49f4-86df-863c5790f09e,nottm_forest,t,news,routine,,archived,f,2026-08-09 06:48:42.976812+00,2026-08-09 08:48:42.976812,2026-08-09 06:48:41+00,,,,,,,,Forest lost to both Udinese and Barcelona in a three-team pre-season tournament in Italy. Udinese won the cup.,Forest in Italy,Forest lost to Udinese and Barcelona in a three-team pre-season cup. Udinese won the lot.,"forest.
losses to both sides.
udinese topped it.","Like being on the Bake Off lineup and getting knocked out in the technical by a contestant you'd never heard of. Still warm-up rounds, though.","Forest lost to both Udinese and Barcelona in a three-team pre-season cup in Italy. The unusual format sees each team play 45-minute matches against the others. It's pre-season, so low stakes.","[""Ask him if he's ever heard of that three-team format before. It's called a triangular match, where each side plays 45 minutes against the other two."", ""Tell him Forest lost to both Udinese and Barcelona in Italy. He'll have a view on whether the pre-season form matters."", ""He might already know the result. Worth asking who he thinks Forest's biggest threat will be when the season starts.""]",,f,,f,{nottm_forest},462,"It was an unusual weekend for Nottingham Forest. They flew to Italy for the inaugural Friuli Venezia Giulia Cup, a three-team format where each side plays 45-minute matches against the other two.

Forest lost both their matches, going down 1-0 to Udinese and 1-0 to Barcelona. Udinese beat all comers to win the cup.

It's pre-season, so not worth panicking about. But the format itself is one [his name] will find genuinely interesting if he hasn't heard of it."
a9a9c097-9bac-4c00-bcf1-438615aea60c,arsenal,t,sunday_brief,routine,,archived,t,2026-08-09 09:24:34.697015+00,2026-08-09 11:24:34.697015,2026-08-09 09:24:32+00,2026-08-09 09:24:39.099+00,2026-08-09 11:24:39.099,0.07336641666666666667,11,,,,Arsenal host Borussia Dortmund today before the Community Shield against Manchester City next Sunday.,"Dortmund today, City Sunday",Arsenal host Dortmund today. Community Shield vs Man City at Principality next Sunday.,"Dortmund today.
City next Sunday.",Arsenal open the pre-season at home before the Community Shield against Man City.,,"[""Tell him today is a good excuse to watch Arsenal in a lower-stakes setting. Dortmund are decent opposition."", ""Worth knowing: the Community Shield against City is next Sunday. That one counts for atmosphere even if not for the title."", ""Ask him how he thinks Arsenal will approach the new Champions League season after going so close last year.""]",,f,,f,,482,"Arsenal won the Premier League last season with 85 points, though the summer still stings a little: they reached the Champions League Final and lost to PSG on penalties in May. The new season is already close. Today they host Borussia Dortmund at the Emirates, Como visit on Wednesday, then the Community Shield at Principality Stadium against Manchester City on Sunday. That City match will feel like the season opener in everything but name. He will be fully locked in by midweek."
171c5dc4-cef9-44cd-b435-d1daac2bfb59,aston_villa,t,sunday_brief,routine,,archived,t,2026-08-09 09:24:39.707358+00,2026-08-09 11:24:39.707358,2026-08-09 09:24:39+00,2026-08-09 09:24:41.801+00,2026-08-09 11:24:41.801,0.03489403333333333333,11,,,,Aston Villa play PSG in the UEFA Super Cup on Wednesday. They earned it by winning the Europa League last season.,Super Cup vs PSG Wednesday,Villa play PSG in the UEFA Super Cup on Wednesday. Europa League winners last season.,"UEFA Super Cup.
PSG on Wednesday.",Villa won the Europa League. Now they face PSG for the Super Cup on Wednesday.,,"[""Tell him Wednesday is a proper occasion. UEFA Super Cup is real silverware, even if it feels like a bonus after last season."", ""Worth knowing: Villa won the Europa League last season. That is not a sentence many people saw coming."", ""Ask him what his expectations are now that Champions League football is back at Villa Park.""]",,f,,f,,500,"Villa had the season of their lives last year: fourth in the Premier League and Europa League winners. The reward is Wednesday at the UEFA Super Cup against PSG, who won the Champions League. Pre-season has been mixed, with a narrow 2-1 defeat to Bayern Munich on Friday in their last warm-up. None of that matters now. Wednesday is a serious occasion. After that, Borussia Monchengladbach in a friendly on Saturday, then the Premier League opener at Brighton on August 23rd. He has a big week ahead."
8520de99-eb60-4244-98be-4d6f8a60de90,bournemouth,t,sunday_brief,routine,,archived,t,2026-08-09 09:24:42.721493+00,2026-08-09 11:24:42.721493,2026-08-09 09:24:42+00,2026-08-09 09:24:44.652+00,2026-08-09 11:24:44.652,0.03217511666666666667,11,,,,Bournemouth drew 2-2 with Real Betis yesterday. The Premier League opens with a trip to Manchester City on the 23rd.,"Betis drew, City awaits",Bournemouth drew 2-2 yesterday. Premier League opener is away at Man City on the 23rd.,"Betis 2-2.
Man City on the 23rd.",Europa League season ahead. The PL opener is away at Man City.,,"[""Ask him if he saw the 10-1 against Genoa in pre-season. That scoreline does not happen by accident."", ""The PL opener is away at Man City on the 23rd. Not the easiest start, but last season proved Bournemouth can compete."", ""Tell him sixth place and Europa League football is a genuinely exciting place to be right now.""]",,f,,f,,502,"Bournemouth finished sixth last season and head into 2026-27 with Europa League football on the agenda. Pre-season has been impressive: a 5-2 win in Augsburg, an extraordinary 10-1 against Genoa, then a 2-2 draw with Real Betis yesterday. Good momentum, even if the defence had its moments against Betis. One more friendly at Mainz next Saturday, then the Premier League opener: away at Manchester City on August 23rd. That is as tough a start as it gets. He knows. He is already composing his excuses."
30506751-048f-4d31-8253-a4cf62daa11e,brentford,t,sunday_brief,routine,,archived,t,2026-08-09 09:24:45.342797+00,2026-08-09 11:24:45.342797,2026-08-09 09:24:44+00,2026-08-09 09:24:47.362+00,2026-08-09 11:24:47.362,0.03365338333333333333,11,,,,Brentford won 4-2 away at Rennes yesterday. The Premier League opener is at home against Tottenham on the 22nd.,Pre-season ending well,Brentford won 4-2 at Rennes yesterday. Premier League opener at home vs Spurs on the 22nd.,"Rennes 4-2.
Spurs on the 22nd.",Good win yesterday. The Premier League season opens at home against Tottenham.,,"[""Tell him the Rennes result yesterday was a strong way to close out pre-season. 4-2 away, clean-looking performance."", ""The PL opener is at home against Spurs on the 22nd. That is the kind of fixture Brentford should be targeting."", ""Ask him what a realistic ambition looks like for Brentford after ninth last season.""]",,f,,f,,490,"Brentford ended pre-season on a strong note yesterday, winning 4-2 away at Rennes. That is a confident result going into the final stretch before the new season. One more friendly at home against Eintracht Frankfurt next Saturday, then the Premier League opener: Tottenham at Brentford Community Stadium on August 22nd. A home game to start, against a Spurs side that had an uncomfortable 17th-place finish last year. He will want to make the most of that. Good times to be a Brentford fan."
d09a147e-3b0f-4326-956c-4d7e671b1bdc,brighton,t,sunday_brief,routine,,archived,t,2026-08-09 09:24:48.239067+00,2026-08-09 11:24:48.239067,2026-08-09 09:24:47+00,2026-08-09 09:24:49.441+00,2026-08-09 11:24:49.441,0.02003221666666666667,11,,,,Brighton beat Roma 3-0 yesterday in the best result of their pre-season. Aston Villa opens the Premier League on the 23rd.,Brighton beat Roma 3-0,Strong pre-season win yesterday. PL opener is at home vs Aston Villa on the 23rd.,"Roma 3-0 yesterday.
Villa on the 23rd.",Brighton in good form. The Premier League opens at home against Aston Villa.,,"[""Tell him the Roma win yesterday was convincing. 3-0 at home with a clean sheet going into the new season."", ""The PL opener is Aston Villa at home on the 23rd. Villa are coming in after the Super Cup. Not a quiet start."", ""Ask him where he thinks Brighton can push this season after eighth last year and a European run on top.""]",,f,,f,,482,"Brighton are in good shape heading into the new season: 4-3 against Strasbourg last weekend, then a clean 3-0 win over Roma yesterday. Conference League football is on the calendar this autumn after finishing eighth. This week has one more friendly, Bologna at the Amex on Saturday, before the Premier League opener: Aston Villa at home on August 23rd. Villa are arriving straight off the back of the Super Cup, which is quite an opening fixture. He will have a lot to say about it."
82c9704c-ad6b-4167-aae9-2aae31be701c,burnley,f,sunday_brief,routine,,archived,t,2026-08-09 09:24:49.930943+00,2026-08-09 11:24:49.930943,2026-08-09 09:24:49+00,2026-08-09 09:24:51.543+00,2026-08-09 11:24:51.543,0.02686761666666666667,11,,,,Burnley are in the Championship this season. The opening game is at home against West Ham on the 16th.,Championship opens on the 16th,Burnley host West Ham in the Championship opener next Sunday. Both sides came down.,"Championship season.
West Ham at home
on the 16th.",Burnley start their Championship campaign against West Ham on August 16th.,,"[""Tell him opening at home against West Ham is a big Championship game on day one. Two relegated clubs, same ambition."", ""Worth knowing: Burnley have been here before and bounced back. The squad knows what this league asks."", ""Ask him if he thinks Burnley can go straight back up this season.""]",,f,,f,,475,"Burnley were relegated last season after finishing 19th. The Championship campaign begins a week today at Turf Moor against West Ham, who were also relegated from the Premier League. Pre-season has had its moments: a loss to Torino, a penalty draw with Notts County yesterday. Nothing to read too much into. The priority now is the league. West Brom away on the 23rd and Norwich away on the 29th follow the opener. He will be hoping this is a one-season visit. Give him that."
cae79b8b-4ba8-412f-b8c0-f2718d3925db,chelsea,t,sunday_brief,routine,,archived,t,2026-08-09 09:24:52.445787+00,2026-08-09 11:24:52.445787,2026-08-09 09:24:51+00,2026-08-09 09:24:54.307+00,2026-08-09 11:24:54.307,0.03102021666666666667,11,,,,Chelsea beat AC Milan 3-0 yesterday in their best result of pre-season. The Premier League opens at Fulham on the 24th.,Chelsea beat Milan 3-0,Strong result yesterday on tour. Premier League opener is at Fulham on the 24th.,"Milan beaten 3-0.
Fulham on the 24th.",Pre-season ending well. The PL opener is the west London derby at Fulham.,,"[""Tell him the Milan result yesterday was the one that matters. 3-0 is a good note to end the tour on."", ""The PL opener is the west London derby away at Fulham on the 24th. He will have opinions."", ""Ask him honestly where he expects Chelsea to finish this season after a tenth-place run last year.""]",,f,,f,,497,"Chelsea are ending pre-season on a high after beating AC Milan 3-0 yesterday. Earlier results were shakier: a loss to Juventus and a defeat to Spurs in friendlies. They are still on their Asian tour today, a game against Johor Darul Takzim, before flying home. Real Sociedad at Stamford Bridge on Saturday is the final warm-up, then the Premier League opener: away at Fulham on August 24th. A west London derby to start the season. He will be full of thoughts about both sides going into that one."
c11d6a51-64b0-4591-b9f5-3b6039b35bed,crystal_palace,t,sunday_brief,routine,,archived,t,2026-08-09 09:24:55.444673+00,2026-08-09 11:24:55.444673,2026-08-09 09:24:54+00,2026-08-09 09:24:58.694+00,2026-08-09 11:24:58.694,0.05415545000000000000,11,,,,"Crystal Palace beat Fulham 2-1 on Friday. The Premier League opener is away at Everton on the 22nd, then City at home six days later.",Palace start with Everton away,"Beat Fulham 2-1 Friday. PL opens at Everton on the 22nd, then City at home on the 28th.","Everton first.
City six days later.",Palace open the season with two tough games back to back. No easing in.,,"[""Tell him the Fulham win on Friday was a tidy way to end pre-season. They looked sharp."", ""The first two PL games are Everton away and then Man City at home. Straight into the deep end on day one."", ""Ask him what he makes of European football being on the schedule this season given where Palace finished in the league.""]",,f,,f,,457,"Palace had a strong end to last season and head into the new campaign with European football ahead. A 2-1 win over Fulham on Friday was a confident way to close out pre-season at home. One friendly remaining this week: away at SC Freiburg in Germany on Saturday. Then the season begins properly: Everton away on August 22nd, followed by Manchester City at Selhurst Park on August 28th. Two demanding fixtures to open the season. He will be straight into it."
d3e54c80-9eef-4d2a-a7b7-c4f67f7d3ffa,everton,t,sunday_brief,routine,,archived,t,2026-08-09 09:24:59.685682+00,2026-08-09 11:24:59.685682,2026-08-09 09:24:59+00,2026-08-09 09:25:03.145+00,2026-08-09 11:25:03.145,0.05765530000000000000,11,,,,Everton lost 3-1 to Stuttgart yesterday. The Premier League season opens at home against Crystal Palace on the 22nd.,"Stuttgart loss, season looms",Everton lost 3-1 yesterday. Premier League opens at home vs Crystal Palace on the 22nd.,"Stuttgart loss.
Palace at home
the 22nd.",Mixed pre-season. The PL opener is Crystal Palace at Goodison on August 22nd.,,"[""Tell him the Stuttgart result yesterday does not mean much. Pre-season, warm-up, move on."", ""The PL opener is Crystal Palace at home on the 22nd. Palace had a good end to last season, so it is a test from day one."", ""Ask him what a good season looks like for Everton this year after thirteenth last time.""]",,f,,f,,522,"Everton had an up-and-down pre-season. A 2-1 win at Hamburger SV last weekend was encouraging, then yesterday brought a 3-1 defeat to Stuttgart in Germany. Pre-season results are what they are, but Stuttgart are a solid side. Newcastle away on Wednesday and Lille at home on Saturday finish the friendlies before the real thing starts. The Premier League opener is Crystal Palace at Goodison on August 22nd. Palace had a strong finish to last season, so that is not an easy opener. He will manage expectations accordingly."
3d9b4788-3619-4460-8643-acc20c8f0541,fulham,t,sunday_brief,routine,,archived,t,2026-08-09 09:25:03.776465+00,2026-08-09 11:25:03.776465,2026-08-09 09:25:03+00,2026-08-09 09:25:05.392+00,2026-08-09 11:25:05.392,0.02692558333333333333,11,,,,Fulham lost to Crystal Palace 1-2 on Friday. The Premier League opener is Chelsea at home on the 24th.,Chelsea derby opens the season,Fulham lost to Palace on Friday. Premier League opener is Chelsea at home on the 24th.,"Lost to Palace.
Chelsea opens
the season.",Fulham start the season with the west London derby against Chelsea on August 24th.,,"[""Tell him the Palace loss on Friday was just pre-season. Does not count. Chelsea on the 24th is the one."", ""The PL opener is Chelsea at home on the 24th. West London derby straight out of the blocks."", ""Ask him whether he thinks Fulham can push on from eleventh this season with a strong early run.""]",,f,,f,,445,"Fulham went down 1-2 to Crystal Palace on Friday, which is not the way you want to end pre-season, but it is only pre-season. Away at Malaga on Wednesday and VfB Stuttgart at Craven Cottage on Saturday finish the friendly schedule. Then it matters: Chelsea at home on August 24th, a west London derby to open the Premier League season. Craven Cottage full, the rivalry fresh, everything to prove. He will have that one circled for weeks already."
083c18f1-0dd6-4cfd-81a2-c050b8bda26e,leeds,t,sunday_brief,routine,,archived,t,2026-08-09 09:25:05.859763+00,2026-08-09 11:25:05.859763,2026-08-09 09:25:05+00,2026-08-09 09:25:07.829+00,2026-08-09 11:25:07.829,0.03282061666666666667,11,,,,Leeds beat RB Leipzig 2-0 yesterday. Three pre-season wins in a row going into the new season.,Leeds beat Leipzig 2-0,"Three pre-season wins in a row. Man Utd on Wednesday, PL opens at Forest on the 22nd.","Leipzig 2-0.
Forest opens
the season.",Leeds in good form. The PL opener is at Nottingham Forest on August 22nd.,,"[""Tell him three wins on the bounce in pre-season, including against Liverpool. That is a statement of sorts."", ""Man Utd visit for a friendly on Wednesday. Worth watching for the storylines alone."", ""Ask him what he expects from Leeds this season after a solid fourteenth-place finish last year.""]",,f,,f,,457,"Leeds are in the best pre-season form of any Premier League side right now: a win at Sunderland, a 4-2 victory away at Liverpool, then 2-0 against RB Leipzig yesterday. Three consecutive wins, good performances, real momentum. Manchester United visit for a friendly on Wednesday, Augsburg on Saturday, then the Premier League opens: away at Nottingham Forest on August 22nd. Forest vs Leeds is a fixture with history. He will be talking about this all week."
ad332b6c-43d0-45e9-afe8-78cee97ea771,liverpool,t,sunday_brief,routine,,archived,t,2026-08-09 09:25:08.414986+00,2026-08-09 11:25:08.414986,2026-08-09 09:25:08+00,2026-08-09 09:25:10.068+00,2026-08-09 11:25:10.068,0.02755023333333333333,11,,,,Liverpool host Monaco this afternoon. The Premier League opener is away at Newcastle on August 23rd.,Monaco at home today,Liverpool host Monaco this afternoon. PL opener is at Newcastle on the 23rd.,"Monaco today.
Newcastle on
the 23rd.",Liverpool have Monaco today before the season opens at Newcastle on August 23rd.,,"[""Tell him Monaco today is a good opportunity to see the starting shape before the season begins."", ""The PL opener is away at Newcastle on the 23rd. That is not an easy first fixture."", ""Ask him how he rates Liverpool this season now that Champions League football is back in the mix.""]",,f,,f,,489,"Liverpool finished fifth last season and head into 2026-27 with Champions League football on the schedule again. Pre-season has been mixed: wins over Wrexham and Sunderland in July, then a 2-4 loss to Leeds last Saturday. Today they host Monaco, then Como at home next Sunday, before the Premier League opener: away at Newcastle on August 23rd. Newcastle are a physical side and St James is a difficult place to start a season. He will have thoughts about squad readiness going into today."
361fa40e-316a-42dc-b978-77872b0d084a,man_city,t,sunday_brief,routine,,archived,t,2026-08-09 09:25:10.853601+00,2026-08-09 11:25:10.853601,2026-08-09 09:25:10+00,2026-08-09 09:25:12.632+00,2026-08-09 11:25:12.632,0.02963998333333333333,11,,,,"Manchester City face Atletico Madrid today, then the Community Shield against Arsenal at Principality Stadium next Sunday.",City vs Arsenal next Sunday,"Atletico today, then Community Shield vs Arsenal at Principality Stadium next Sunday.","Atletico today.
Arsenal next Sunday.",City face Atletico in a friendly before the Community Shield against Arsenal next week.,,"[""Tell him Atletico today is the last big test before things get serious with Arsenal next Sunday."", ""The Community Shield is against Arsenal at Principality Stadium next Sunday. Seven points separated them last season."", ""Ask him whether he thinks City have the squad depth to close that gap this year.""]",,f,,f,,488,"City finished second last season, seven points behind Arsenal. Pre-season has been solid: a 3-1 win on tour, a penalty draw with Inter. Today they face Atletico Madrid in a friendly before the standout match of the week: Arsenal at Principality Stadium in the Community Shield next Sunday. After that, the Premier League begins at home against Bournemouth on August 23rd. He will be treating the Arsenal game as the opener, whatever the trophy status. The title conversation starts there."
a42278a9-c2b3-4b2b-ba57-8dd569ccf7f2,man_utd,t,sunday_brief,routine,,archived,t,2026-08-09 09:25:13.077843+00,2026-08-09 11:25:13.077843,2026-08-09 09:25:12+00,2026-08-09 09:25:14.448+00,2026-08-09 11:25:14.448,0.02283595000000000000,11,,,,"Manchester United drew 1-1 with PSG yesterday. Leeds on Wednesday, AC Milan on Saturday, then the Premier League opens at Hull City on the 22nd.","PSG draw, Hull City awaits",United drew 1-1 with PSG yesterday. PL opener is away at Hull City on the 22nd.,"PSG drawn 1-1.
Hull City opener
the 22nd.",United end pre-season strong. The PL opens at Hull City on August 22nd.,,"[""Tell him the PSG draw was a decent result. They held their own against one of the best sides in Europe right now."", ""Worth knowing: United play Leeds on Wednesday. That one will have edge even in pre-season."", ""Ask him what he thinks United need most to push from third toward a title challenge this year.""]",,f,,f,,506,"United finished third last season, which means Champions League football again this autumn. Pre-season has been encouraging: a 2-1 win over Atletico Madrid, then a 1-1 draw with PSG yesterday in a high-quality fixture. Leeds away on Wednesday and AC Milan at Old Trafford on Saturday wrap up the friendlies before the Premier League opener: away at Hull City on August 22nd. Hull are back in the top flight this season, which makes the fixture interesting from the start. He will already be thinking ahead."
32ace2d2-d75b-4a64-9bd4-0d8a7a03da43,newcastle,t,sunday_brief,routine,,archived,t,2026-08-09 09:25:15.22836+00,2026-08-09 11:25:15.22836,2026-08-09 09:25:14+00,2026-08-09 09:25:16.893+00,2026-08-09 11:25:16.893,0.02774400000000000000,11,,,,Newcastle beat Valencia 2-1 yesterday in Spain. Three more games this week before the new season begins.,Newcastle beat Valencia,"Won 2-1 in Spain yesterday. Everton on Wednesday, Leverkusen at St James on Saturday.","Valencia beaten.
Leverkusen
on Saturday.",Newcastle winning in pre-season. Three more games this week before the new season.,,"[""Tell him the Valencia win yesterday was the right way to close the Spanish leg of pre-season."", ""Leverkusen at St James on Saturday is a good watch. One of the best sides in Europe last season."", ""Ask him what a good Premier League season looks like for Newcastle after twelfth last year.""]",,f,,f,,490,"Newcastle ended a mixed pre-season on a high yesterday, winning 2-1 at Valencia. Earlier results included a heavy 4-1 loss to Bristol City, so the rebound was needed. This week is a busy final stretch: Everton away on Wednesday, Bayer Leverkusen at St James Park on Saturday, and Strasbourg the following day on Sunday. After that the Premier League begins. He will enjoy this week, three games across a few days with good opposition. The squad will arrive in season shape by the end of it."
101f13fe-3454-4446-bde7-30cb2e79ebd7,nottm_forest,t,sunday_brief,routine,,archived,t,2026-08-09 09:25:17.566092+00,2026-08-09 11:25:17.566092,2026-08-09 09:25:17+00,2026-08-09 09:25:18.842+00,2026-08-09 11:25:18.842,0.02126513333333333333,11,,,,"Nottingham Forest played twice yesterday, losing 1-0 to both Barcelona and Udinese. Leverkusen on Wednesday, Leeds opens the Premier League on the 22nd.",Forest open vs Leeds at home,Two 1-0 losses yesterday to Barca and Udinese. PL opener is Leeds at home on the 22nd.,"Barca and Udinese.
Leeds opens
the season.",Two pre-season losses yesterday. The PL opener is Leeds at home on August 22nd.,,"[""Tell him two losses in one day to Barcelona and Udinese is a lot. But 1-0 each time against that quality is not a collapse."", ""The PL opener is Leeds at home on the 22nd. Forest vs Leeds at the City Ground is always a good atmosphere."", ""Ask him whether sixteenth last season feels like the floor for Forest or if there is more room to move up.""]",,f,,f,,465,"Forest had a heavy Saturday in what appears to have been a pre-season tournament: two games, two 1-0 defeats to Barcelona and Udinese. Not the results they were after, but taking on Barcelona in pre-season and keeping it to one goal is not a disaster. Bayer Leverkusen at the City Ground on Wednesday is next, then Stade Brestois on Sunday, before the Premier League opener: Leeds at home on August 22nd. Forest vs Leeds is a fixture with history. He will be ready."
02b9da5f-a81e-46e0-8522-2a81d26b4948,spurs,t,sunday_brief,routine,,archived,t,2026-08-09 09:25:19.301994+00,2026-08-09 11:25:19.301994,2026-08-09 09:25:19+00,2026-08-09 09:25:20.523+00,2026-08-09 11:25:20.523,0.02035010000000000000,11,,,,Spurs drew 1-1 with Getafe yesterday. Hoffenheim finishes pre-season before the Premier League opener at Brentford on the 22nd.,Spurs open at Brentford,Drew with Getafe yesterday. Premier League opener is away at Brentford on the 22nd.,"Getafe draw.
Brentford on
the 22nd.",Pre-season winding down. Spurs open the PL season away at Brentford.,,"[""Tell him a draw with Getafe is not the worst way to end pre-season. Fitness and shape, that is all it is about now."", ""The PL opener is away at Brentford on the 22nd. That ground can be a difficult early test."", ""Ask him what a successful season means for Spurs after last year. Where does he want them to be by Christmas?""]",,f,,f,,491,"Spurs had a difficult 17th-place finish last season, which put pressure on the whole squad to respond. Pre-season has had positive moments: wins in New Zealand and Australia, a victory over Chelsea in a friendly, then yesterday a draw with Getafe. Hoffenheim at home this week finishes the preparation before the Premier League opens: away at Brentford on August 22nd. Brentford at home is a tough ground to go to on the first day of the season. He will be braced. It matters how they start."
6fd6f79a-8e83-4fe9-a2cb-db340093f76a,sunderland,t,sunday_brief,routine,,archived,t,2026-08-09 09:25:21.214541+00,2026-08-09 11:25:21.214541,2026-08-09 09:25:20+00,2026-08-09 09:25:22.792+00,2026-08-09 11:25:22.792,0.02629098333333333333,11,,,,Sunderland won 2-0 away at Lens yesterday. The Premier League season opens at Ipswich on the 22nd.,Sunderland won at Lens,2-0 away in France yesterday. Premier League opens at Ipswich on the 22nd.,"Lens beaten 2-0.
Ipswich opens
the season.",Strong end to pre-season. Sunderland open the PL campaign at Ipswich on August 22nd.,,"[""Tell him the Lens result yesterday was a strong note to end pre-season on. 2-0 away in France is decent."", ""The PL opener is at Ipswich on the 22nd. Ipswich are back in the Premier League this season."", ""Ask him how he feels about European football being back on the Sunderland calendar.""]",,f,,f,,518,"Sunderland had an outstanding 2025-26 season, finishing seventh and qualifying for European football. Pre-season has been good: a win at Wrexham, then a 2-0 win away at Lens yesterday. Strong end to the preparation. Rennes at home on Saturday is the final friendly before the Premier League opens: away at Ipswich on August 22nd. Ipswich are back in the top flight this season, which adds something to the fixture. He will be in high spirits. Seventh place and Europe is not something Sunderland fans take for granted."
0a2dd6fe-300d-4017-8ca7-da0c62b6e761,west_ham,f,sunday_brief,routine,,archived,t,2026-08-09 09:25:23.259172+00,2026-08-09 11:25:23.259172,2026-08-09 09:25:22+00,2026-08-09 09:25:24.627+00,2026-08-09 11:25:24.627,0.02279713333333333333,11,,,,West Ham are in the Championship this season. The opening game is away at Burnley on the 16th.,Championship starts next Sunday,West Ham open at Burnley in the Championship next Sunday. Both came down last season.,"Championship football.
Burnley away
on the 16th.",West Ham start their Championship campaign away at Burnley on August 16th.,,"[""Tell him the Portsmouth win yesterday was a solid way to end pre-season. Ready as they are going to be."", ""First Championship game is at Burnley on the 16th. Two relegated clubs, both wanting the same thing."", ""Ask him honestly what he thinks it will take for West Ham to come straight back up.""]",,f,,f,,494,"West Ham finished 18th last season and were relegated from the Premier League. The Championship campaign begins a week today, away at Burnley, who also came down from the top flight. Pre-season has been steady: draws against Magdeburg and Rangers, then a 3-1 win over Portsmouth yesterday to end things on a decent note. Charlton at home follows on the 22nd, Watford away on the 29th. He will want a fast start. Bouncing back at the first attempt is the goal. Be gentle with him if it comes up."
9f034d50-a4af-4f89-826e-71f9fa9f0e9c,wolves,f,sunday_brief,routine,,archived,t,2026-08-09 09:25:25.101519+00,2026-08-09 11:25:25.101519,2026-08-09 09:25:24+00,2026-08-09 09:25:26.225+00,2026-08-09 11:25:26.225,0.01872468333333333333,11,,,,Wolves are in the Championship this season. The campaign opens at home against Blackburn on Thursday.,Wolves open at home Thursday,Wolves host Blackburn Thursday in the Championship opener. Preston away on the 22nd.,"Championship starts.
Blackburn at home
Thursday.",Wolves begin the Championship at home against Blackburn on Thursday August 14th.,,"[""Tell him two 3-0 wins in pre-season is a decent platform going into Thursday."", ""The Championship opener is at home against Blackburn on Thursday. Earlier in the week than most."", ""Ask him whether he thinks this is a one-season drop or whether it takes longer to get back.""]",,f,,f,,473,"Wolves finished 20th last season and drop down to the Championship. The new campaign starts earlier in the week than usual: Blackburn at Molineux on Thursday the 14th. Pre-season has been encouraging at least: back-to-back 3-0 wins against Port Vale and Racing Santander. Preston away on the 22nd and Stoke on the 29th follow. He will want a strong start at home on Thursday to set the tone. This is not where Wolves expect to be, but a fast start changes the mood quickly."
46a1721a-2e68-4d48-ae49-5187ba38e667,arsenal,t,news,routine,,archived,t,2026-08-09 22:40:23.46225+00,2026-08-10 00:40:23.46225,2026-08-09 22:40:22+00,2026-08-09 22:40:28.604+00,2026-08-10 00:40:28.604,0.08569583333333333333,00,,,,"Arsenal lost 2-3 to Dortmund today. Six goals in two pre-season games, with the Community Shield against City next Sunday.",Pre-season wobble,Arsenal lost 2-3 to Dortmund today. He'll have plenty to say about the defending.,"dortmund beat arsenal.
2-3 today.
six goals shipped.","Zara dress, broken zip, 20 minutes to leave. Arsenal's defence is the zip.",Arsenal lost 2-3 to Borussia Dortmund in today's Emirates Cup at home. They've now conceded six goals in two pre-season matches. The Community Shield against Manchester City is next Sunday.,"[""He's probably rewatching the goals right now. Ask him: pre-season wobble or a genuine defensive concern?"", ""Tell him Arsenal have shipped six goals in two pre-season games. Watch the eyebrow go up."", ""Did you know the Community Shield against City is next Sunday? He'll have a strong view on whether they're ready.""]",bad_news,t,"Arsenal shipped six goals in two pre-season games, raising defensive concerns ahead of the Community Shield.",f,"{arsenal,man_city}",317,"Arsenal fell to a 2-3 defeat against Borussia Dortmund in the Emirates Cup at home today. Their manager admitted they gave away some 'poor goals', and with six conceded across two pre-season matches, the defence is looking soft heading into the new season. The Community Shield against Manchester City is next Sunday."
da59583f-0dc4-44b9-9c01-136046f25222,arsenal,t,news,routine,,archived,t,2026-08-09 22:41:22.089111+00,2026-08-10 00:41:22.089111,2026-08-09 22:41:21+00,2026-08-09 22:41:24.834+00,2026-08-10 00:41:24.834,0.04574815000000000000,00,,,,"Arteta (Arsenal's manager) called new signing Guimarães a 'warrior' who will 'ignite' the squad, and hinted at more transfers this summer.",He'll read this twice,Arteta called Guimaraes a 'warrior' who'll ignite Arsenal. More signings hinted.,"arteta on guimaraes.
'warrior.'
something different.",Pre-release Charli XCX energy. Arsenal have Guimaraes and haven't even seen him play yet.,Arsenal's manager called new signing Guimarães a 'warrior' who will 'ignite' the squad. He also hinted the club isn't done in the transfer market this summer.,"[""He's been watching Guimaraes highlights all week. Tell him Arteta called him a 'warrior' who'll 'ignite something different.' Watch him nod very seriously."", ""Tell him Arsenal are hinting at more signings this summer. Watch him start listing every position they still need."", ""Ask him: is Guimaraes the missing piece, or does Arsenal still need something else?""]",exciting,f,,f,"{arsenal,newcastle}",309,"At his press conference after today's Emirates Cup loss, Arsenal's manager said the £75 million signing of Bruno Guimarães (midfielder, from Newcastle United) will 'ignite something different' in the squad. He called him a 'warrior' and hinted the club isn't done spending this summer. One to mention tonight."
bd56a5cc-7430-4685-a3b6-2a008f3ae32a,aston_villa,t,news,routine,,archived,t,2026-08-09 22:43:28.099017+00,2026-08-10 00:43:28.099017,2026-08-09 22:43:26+00,2026-08-09 22:43:31.152+00,2026-08-10 00:43:31.152,0.05088305000000000000,00,,,,"Lucas Digne (Villa's French left-back) completed a move to PSG, days before Villa face PSG in Wednesday's UEFA Super Cup.",Well that's awkward,Villa's Digne just signed for PSG. Villa face PSG in the Super Cup on Wednesday.,"digne joined psg.
villa face psg.
wednesday.",Your ex got a job at your Wednesday pitch client. Villa sold Digne to PSG.,"Lucas Digne has left Aston Villa to join Paris St-Germain on a three-year deal. Villa face PSG in the UEFA Super Cup on Wednesday, making the timing rather memorable.","[""Tell him Villa's left-back just signed for PSG. Villa face PSG in the Super Cup on Wednesday. He'll need a moment to process that."", ""He's probably already wondering who plays left-back on Wednesday. Drop 'Villa just sold Digne to the actual opposition' and watch him spiral."", ""Ask him: does having Digne actually give PSG any advantage going into the Super Cup?""]",drama,t,Aston Villa sold left-back Digne to PSG days before facing them in the UEFA Super Cup.,f,{aston_villa},329,"France defender Lucas Digne has completed a move from Aston Villa to Paris St-Germain, signing a three-year deal with the European champions. The timing is something: Villa face PSG in Wednesday's UEFA Super Cup, the game between the Champions League and Europa League winners. He'll have inside knowledge of both dressing rooms."
b7729f68-caa1-4c53-8d3d-24af8c93dce7,chelsea,t,news,routine,,archived,t,2026-08-09 22:46:17.808419+00,2026-08-10 00:46:17.808419,2026-08-09 22:46:16+00,2026-08-09 22:46:20.93+00,2026-08-10 00:46:20.93,0.05202635000000000000,00,,,,"Trevoh Chalobah (Chelsea defender) has been sold to Serie A side Como for more than £30m, as Chelsea continue thinning out their oversized squad.",Squad gets smaller,"Chelsea sold defender Chalobah to Como for £30m+. One down, plenty more to go.","chalobah to como.
£30m out the door.
squad down one.",Three identical black blazers on Vinted. Chelsea are clearing out the extras.,Chelsea defender Trevoh Chalobah has completed a move to Como for more than £30m. He joins a growing list of players leaving the club as manager Xabi Alonso trims the squad ahead of the new season.,"[""Tell him Chelsea just sold Chalobah to Como for over £30m. He'll know exactly where that fits in their squad rebuild."", ""He's probably keeping a mental tally of how many Chelsea players are left to shift this window. This is one down."", ""Ask him: is Chalobah a player Chelsea will actually miss, or was he always a squad player who needed to go?""]",drama,f,,f,{chelsea},299,Trevoh Chalobah has completed his move from Chelsea to Como in a deal worth more than £30m. It's the latest departure from a Chelsea squad that's been notably overloaded with players this summer. Manager Xabi Alonso is working through the list before the Premier League opener at Fulham on the 24th.
cb40b1ab-8e74-471d-b7a6-9bff4cd032eb,crystal_palace,t,news,routine,,archived,f,2026-08-09 22:48:03.534852+00,2026-08-10 00:48:03.534852,2026-08-09 22:47:59+00,,,,,,,,"Crystal Palace and Everton are in talks over a swap: McNeil to Palace, Brennan Johnson (Wales winger) to Everton. Nothing confirmed yet.",Palace transfer rumour,Palace and Everton in talks over a McNeil-for-Johnson swap. Nothing confirmed yet.,"palace and everton.
swap talks.
mcneil for johnson.","Swapping Hinge matches with your mate because they look better on paper. Palace and Everton, basically.",Crystal Palace and Everton are reportedly in talks over a player swap. Winger McNeil could join Palace while Brennan Johnson heads to Everton. Nothing confirmed yet.,"[""He might have a strong view on whether Brennan Johnson is worth selling. Drop 'Palace are in swap talks with Everton' and let him go."", ""Tell him if this goes through, Palace could open the season at Everton with two players who just swapped clubs. Awkward timing."", ""Ask him: is McNeil a decent swap for Johnson, or is Palace getting the rough end of this deal?""]",drama,f,,f,"{crystal_palace,everton}",323,"Everton and Crystal Palace are reportedly in talks about a swap deal that would see Dwight McNeil (Everton winger) join Palace, while Brennan Johnson (Wales international, Palace winger) heads in the opposite direction. Nothing confirmed yet. Worth noting: Palace open the Premier League season away at Everton on the 22nd."
8928cfe3-d216-4e46-870c-8ae0a70cebb1,everton,t,news,routine,,archived,f,2026-08-09 22:49:31.748622+00,2026-08-10 00:49:31.748622,2026-08-09 22:49:30+00,,,,,,,,"Everton and Crystal Palace are in talks about a swap: Dwight McNeil to Palace, Brennan Johnson (Wales winger) to Everton. Nothing done yet.",Everton transfer news,Everton in talks to swap McNeil for Johnson from Palace. Still rumour territory.,"everton and palace.
mcneil swap talk.
johnson the other way.",Swapping Hinge matches with your mate because theirs look better on paper. Everton and Palace doing that with wingers.,Everton and Crystal Palace are reportedly in talks over a player swap. Dwight McNeil could join Palace while Brennan Johnson heads to Everton. Nothing confirmed yet.,"[""He's probably got an opinion on whether McNeil is worth losing. Drop 'Everton are in swap talks with Palace' and let him lead."", ""Tell him if this goes through, Everton could be facing their former winger on the opening day at Goodison. Odd vibes."", ""Ask him: is Brennan Johnson a decent bit of business for Everton, or would he rather keep McNeil?""]",drama,f,,f,"{everton,crystal_palace}",313,"Everton and Crystal Palace are reportedly in talks over a player swap. Dwight McNeil would leave Everton for Palace, while Brennan Johnson (Wales international winger) would head in the opposite direction. Not done yet. It'd be an interesting signing given Palace are Everton's first home league game on the 22nd."
c7aa0068-db51-4502-9571-fbd443460e07,fulham,t,news,routine,,archived,t,2026-08-09 22:51:22.134323+00,2026-08-10 00:51:22.134323,2026-08-09 22:51:21+00,2026-08-09 22:51:24.758+00,2026-08-10 00:51:24.758,0.04372795000000000000,00,,,,"Fulham have agreed a fee of up to £30m for Southampton midfielder Shea Charles, with a five-year contract agreed subject to a medical.",Medical day at Fulham,"Fulham agreed £30m for Southampton's Charles. Five-year deal, medical to confirm.","charles to fulham.
£30m agreed.
five-year deal.",Like saving something on Vinted before the seller responds. Fulham locked it down.,Fulham have agreed a fee of up to £30m for Southampton midfielder Shea Charles. A five-year contract is agreed and the deal is subject to a medical.,"[""Tell him Fulham just agreed £30m for Southampton's Charles. Five-year deal, just a medical left. He'll know if that's good business."", ""He's probably been tracking Fulham's transfer window. This is the latest midfield business to flag."", ""Ask him: is Shea Charles a smart pick-up for Fulham, or is £30m too much for a midfielder from a relegated side?""]",exciting,f,,f,"{fulham,southampton}",284,"Fulham have agreed a fee of up to £30m with Southampton for midfielder Shea Charles. A five-year contract is in place, with a medical the remaining step before the deal is officially done. He arrives as Fulham prepare for the Premier League opener against Chelsea at home on the 24th."
8892fc64-e78f-41fb-9d1e-25f6e3817564,leicester,f,news,routine,,archived,f,2026-08-09 22:52:40.467043+00,2026-08-10 00:52:40.467043,2026-08-09 22:52:39+00,,,,,,,,"Manchester United are reportedly working on a deal to sign Louis Page, a teenage prospect from Leicester City. Nothing confirmed.",Leicester talent watch,Man Utd reportedly working on a deal for Leicester teen Louis Page. Still rumours.,"man utd eye page.
leicester teenager.
still just talks.",The school friend getting headhunted before she's even graduated. Leicester hoping it doesn't happen.,"Manchester United are reportedly interested in signing Louis Page, a teenage prospect from Leicester City. No deal has been confirmed yet.","[""He might already have an opinion on Louis Page. Drop 'Man Utd are working on a deal for a Leicester teenager' and see if he reacts."", ""Tell him this is still just rumours, nothing done yet. He'll have a view on whether Page is worth watching."", ""Ask him: is Louis Page the real deal, or is this Man Utd hedging on a promising youngster?""]",drama,f,,f,"{leicester,man_utd}",250,"Manchester United are reportedly working on a deal to sign Louis Page, a teenager from Leicester City. Nothing is confirmed yet. Leicester are in the Championship this season, so losing a promising youngster to a Premier League giant would be a blow."
966bbd0f-6bd9-4438-8e9a-f326075a7de2,liverpool,t,matchday,routine,,archived,t,2026-08-09 22:58:01.555852+00,2026-08-10 00:58:01.555852,2026-08-09 22:58:00+00,2026-08-09 22:58:04.815+00,2026-08-10 00:58:04.815,0.05431913333333333333,00,,1550626,,"Liverpool throw away another 2-0 lead, losing 2-3 to Monaco at Anfield as Iraola calls the display 'tired'",He's watching through his hands,"They led 2-0, then Monaco scored 3. Iraola called the performance 'tired'.","anfield blows
another lead",Like Sabrina Carpenter releasing a song and then quietly deleting it. So close.,"Liverpool haven't won a home pre-season game this summer, and with the PL opener at Newcastle on August 23rd, Iraola needs that changing fast. They led 2-0 in each of their last two games and let both slip.","[""What does he think Iraola meant by 'we cannot sustain the level we want', concerning or just pre-season honesty?"", ""Ask him which signing he'd prioritise before the Newcastle opener."", ""Does he think the second-half collapses are a fitness thing or a tactical pattern Iraola needs to fix?""]",bad_news,f,,f,{liverpool},551,"Liverpool's pre-season has developed a pattern: they go two up, then the wheels come off. It happened against Leeds on August 2nd (2-4), and today Monaco came back from 2-0 down to win 3-2 at Anfield, Iraola's first home game in charge.

After the final whistle, Iraola didn't sugarcoat it. ""We cannot sustain the level we want,"" he told BBC Sport, admitting the second half was a tired effort.

With the Premier League opener away at Newcastle on August 23rd, there's still time to sort things out, but Liverpool's recruitment clearly isn't done yet."
cf6ee850-7343-47bf-9f32-02a52290f735,man_city,t,matchday,routine,,archived,t,2026-08-09 23:00:14.998019+00,2026-08-10 01:00:14.998019,2026-08-09 23:00:13+00,2026-08-09 23:00:18.082+00,2026-08-10 01:00:18.082,0.05139968333333333333,01,,1589321,,Man City beat Atletico Madrid 3-1 as wide players shine ahead of Community Shield vs Arsenal,They're clicking before the Shield,Man City beat Atletico 3-1. Wide players shone. Arsenal's Community Shield is next Sunday.,"maresca's city
sharp before d-day",Like Olivia Rodrigo's promo photos the week before an album drop. Dialled in.,"Man City beat Atletico 3-1 today in their sharpest pre-season performance yet, with Maresca confirming Rodri should return to training next week. The Community Shield against Arsenal is next Sunday, August 16.","[""What does he reckon, will City win the Community Shield against Arsenal on Sunday?"", ""Ask him which of City's wide players caught his eye most against Atletico."", ""With Rodri expected back next week, how does that change his thinking on Man City's title chances?""]",exciting,f,,f,{man_city},433,"Man City's wide players were the highlight as Maresca's side beat Atletico Madrid 3-1 today, a polished warm-up ahead of the Community Shield against Arsenal next Sunday (August 16).

Maresca also confirmed Rodri is expected back with the squad next week, which should settle any lingering nerves about the midfield situation heading into the new season.

If this performance is anything to go by, Arsenal will have their hands full."
e9c37c90-7457-4505-ae3e-0809856d08da,man_utd,t,news,routine,,archived,f,2026-08-09 23:02:13.597967+00,2026-08-10 01:02:13.597967,2026-08-09 23:02:12+00,,,,,,,,Man Utd working on a deal to sign Leicester teenager Louis Page,Scooping from the relegation pile,"Man Utd are chasing Leicester teen Louis Page. Still in early talks, nothing agreed.","louis page on
united's radar",Like Taylor Swift clocking an opening act's guitarist before anyone knows his name.,"Louis Page is a teenager from relegated Leicester who has caught Manchester United's eye. BBC Sport reports the club are working on a deal, though nothing has been agreed with the season opener at Hull City on August 22nd approaching fast.","[""What does he know about Louis Page, is this someone he's come across before?"", ""Ask him if he thinks United targeting youth from relegated clubs is smart business."", ""How does he feel about United's transfer business so far heading into the new season?""]",,f,,f,"{man_utd,leicester}",415,"Man Utd have set their sights on Louis Page, a teenager from relegated Leicester. BBC Sport reports the club are working on a deal to bring him to Old Trafford, though nothing has been signed off yet.

Page hasn't yet made a mark at Premier League level but landing on United's radar is a strong start. With the window still open and Leeds away on Wednesday, the recruitment team are clearly busy in the background."
46ea0692-9f52-497a-a982-ea564eea8c84,newcastle,t,news,routine,,archived,t,2026-08-09 23:03:38.229961+00,2026-08-10 01:03:38.229961,2026-08-09 23:03:36+00,2026-08-09 23:03:40.598+00,2026-08-10 01:03:40.598,0.03946731666666666667,01,,,,Jaissle plays down Elanga injury fears after Newcastle winger was stretched off against Valencia,"Don't panic, says the new boss",Elanga came off on a stretcher vs Valencia. Jaissle says it looks better than feared.,"elanga scare
but jaissle calm",Like Dua Lipa stumbling in heels at the Brits and walking it off. Crisis? Nah.,Anthony Elanga came off on a stretcher in Newcastle's win over Valencia but new manager Matthias Jaissle gave reporters a reassuring injury update afterwards. The winger's fitness will be monitored ahead of a busy pre-season week.,"[""What does he know about Elanga, how key is he to Newcastle's attack this season?"", ""Ask him how nervous he was when the stretcher came on."", ""Does he think Jaissle's calm approach is the right vibe for the new era at Newcastle?""]",drama,f,,f,{newcastle},374,"Anthony Elanga came off on a stretcher in Newcastle's 2-1 win over Valencia, but his new manager didn't seem too worried about it.

Jaissle played down the fears in his post-match update, saying the situation looks better than the optics suggested, per the Independent.

With three more games this week before the season kicks off, Elanga's fitness is one to keep an eye on."
14d0a2ef-f160-431a-be4b-3e9accf54fca,southampton,f,news,routine,,archived,t,2026-08-09 23:05:38.383134+00,2026-08-10 01:05:38.383134,2026-08-09 23:05:37+00,2026-08-09 23:05:41.029+00,2026-08-10 01:05:41.029,0.04409776666666666667,01,,,,"Southampton agree to sell midfielder Shea Charles to Fulham for up to £30m, subject to a medical",Charles is off to Craven Cottage,Southampton have agreed to sell Shea Charles to Fulham for up to £30m. Medical pending.,"charles off to
craven cottage",Like Charli XCX switching record labels to one that actually has her back. Smart.,"Southampton have agreed to sell Shea Charles to Fulham for up to £30m, subject to a medical. Charles was one of the Saints' better players last season despite the club's relegation to the Championship.","[""What does he think about Charles leaving, was he one of the players Southampton really needed to keep?"", ""Ask him whether £30m feels like fair value for a player from a relegated club."", ""Does he think Southampton can rebuild properly in the Championship, or is this the start of a bigger exodus?""]",bad_news,f,,f,"{southampton,fulham}",489,"Southampton are selling midfielder Shea Charles to Fulham for a fee of up to £30m, with BBC Sport reporting the deal is subject to a medical.

Charles was one of the Saints' standout performers last season despite the club's relegation, and Premier League clubs have clearly noticed. Fulham agreed terms and are ready to move fast.

For Saints fans it's a bittersweet one: the money is decent, but another quality player is heading out the door while the club rebuilds in the Championship."
ba5d5323-eef2-4852-aa7f-ea6001e4b035,bournemouth,t,news,routine,,archived,t,2026-08-09 23:09:26.03897+00,2026-08-10 01:09:26.03897,2026-08-09 23:09:25+00,2026-08-09 23:09:29.23+00,2026-08-10 01:09:29.23,0.05318383333333333333,01,,1585075,,Bournemouth's Alex Scott and Real Betis' Antony both sent off after a confrontation in the 2-2 friendly draw in Seville,Scott got a red card in Seville,Both Scott and Antony saw red in the 2-2 draw in Seville. Spicy start to pre-season.,"scott sent off
in sunny seville","Like a Love Island fallout mid-challenge. You saw it building, they definitely did not.",Bournemouth midfielder Alex Scott was sent off alongside Real Betis' Antony after a confrontation during Saturday's 2-2 pre-season draw in Seville. Both players received red cards from the referee.,"[""Does he think this is a concern for Alex Scott, or is a pre-season red card usually no big deal?"", ""Ask him what he knows about the confrontation, did he see any footage?"", ""How does he rate Bournemouth's pre-season form overall going into the Man City opener?""]",drama,f,,f,{bournemouth},508,"Bournemouth's Alex Scott and Real Betis' Antony were both sent off after a confrontation in Saturday's 2-2 friendly draw in Seville. BBC Sport confirmed both players received their marching orders.

The result itself was fine for Bournemouth, holding Betis to a draw in Spain is decent pre-season form, but the red card will have raised a few eyebrows among the coaching staff.

With the Premier League opener away at Man City on August 22nd, the club will be keeping a close eye on any disciplinary fallout."
d6bd234d-b22e-48eb-8531-d7921e4fb26e,arsenal,t,news,routine,,archived,t,2026-08-10 06:46:54.850055+00,2026-08-10 08:46:54.850055,2026-08-10 06:46:53+00,2026-08-10 06:47:00.583+00,2026-08-10 08:47:00.583,0.09554908333333333333,08,,,,Arsenal are defending champions. All their rivals changed managers. They kept theirs and signed Guimarães (midfielder). First back-to-back in over 90 years?,He's been building to this,Arsenal won last season. Most rivals changed managers. They're going for it again.,"arsenal.
back-to-back?
90 years.",Like Sabrina Carpenter going into her second album cycle while all her competition just signed their first record deal. The experience gap is real.,"Arsenal won the Premier League last season and are the defending champions. Most of their rivals changed managers this summer, leaving Arsenal as the most settled club going into 2026-27. The question for this season is whether they can do something not done in over 90 years.","[""Drop 'Arsenal are tipped to win it again' and see if he agrees or starts listing reasons it won't happen."", ""Ask him: which of their rivals' new managers worries him most this season?"", ""Most of Arsenal's rivals changed managers this summer. That's either a gift or a reason to prove last year wasn't luck. He'll have an opinion.""]",exciting,t,Arsenal head into 2026-27 as defending champions. Their rivals all changed managers. Can they go back-to-back for the first time in over 90 years?,f,{arsenal},361,"Arsenal won the Premier League last season. Defending champions going again.

The summer twist: most of their rivals changed managers. Arsenal didn't. Arteta (their manager) is still in charge, and they added Guimarães from Newcastle for £75m.

The Guardian put it plainly: can they go back-to-back for the first time in more than 90 years? He'll have thoughts."
6ee6a8ae-00c0-46f0-9324-835e96462ffd,arsenal,t,news,routine,,archived,t,2026-08-10 22:37:45.816556+00,2026-08-11 00:37:45.816556,2026-08-10 22:37:44+00,2026-08-10 22:37:50.185+00,2026-08-11 00:37:50.185,0.07280740000000000000,00,,,,Arsenal's Timber (left-back) and Saliba (centre-back) are both sidelined. Arteta says existing players need to improve before the season begins.,Bit of bad timing,Arsenal's Saliba and Timber are both out injured. Defensive gap before City next week.,"timber and saliba.
both sidelined.
big gap at the back.","Your two most dependable housemates both cancelling the week of the big dinner you've been planning all month. Arsenal need cover, fast.","Arsenal are heading into the new season with a significant defensive problem. Both Timber and Saliba are out, leaving Arteta short at the back right when it matters most.","[""He's probably already stressing about the Timber and Saliba injuries. Ask him who he thinks steps up at the back."", ""Tell him Arteta publicly said the squad needs to improve. He'll either agree loudly or launch a defence of the players."", ""Did you know both their main centre-back and left-back are out at once? He'll have strong feelings about the timing.""]",bad_news,f,,f,{arsenal},255,"Two of Arsenal's best defenders, Timber and Saliba, are both sidelined at the same time. Arteta's been open about the squad needing to raise its level. With City up next week, he's got a defensive puzzle to solve. [his name] will be tracking this closely."
473ce267-b3d2-488f-bd06-5d32353a81a4,arsenal,t,news,routine,,archived,f,2026-08-10 22:38:12.600633+00,2026-08-11 00:38:12.600633,2026-08-10 22:38:11+00,,,,,,,,Arsenal missed out on Vinicius Jr. (Brazilian winger) this summer. Arteta says he's still trying to make the squad 'much better' with more signings.,Still shopping,Arsenal's Arteta says he's still trying to sign players after missing out on Vinicius Jr.,"vini jr stays.
arteta still
in the market.","It's like your ex announcing they're not moving back to London after all, mid-flat viewing. Arsenal are back on the apps.","Arsenal had hopes of signing Vinicius Jr. this summer, but the Brazilian has opted to stay at Real Madrid. Arteta says the squad-building isn't done yet.","[""Tell him Arsenal missed out on Vinicius Jr. and ask who he thinks they should go for instead."", ""He'll probably say Arteta needed another winger anyway. Drop that Arteta admitted he's still looking."", ""Did you know Arteta said he wants to make the squad 'much better' this summer? He'll have a list of names ready.""]",drama,f,,f,{arsenal},377,"Vinicius Jr. has chosen to stay at Real Madrid. Arsenal had been linked, and Arteta confirmed he's still trying to bring in players to make the squad 'much better' this summer. It's been a mixed window so far, with Guimaraes (Brazilian midfielder, signed from Newcastle) arriving, but the Vini Jr. door now firmly shut. [his name] will have opinions on who Arsenal target next."
1ccbe6de-03d5-467f-8be5-227595236185,aston_villa,t,news,routine,,archived,f,2026-08-10 22:39:22.730827+00,2026-08-11 00:39:22.730827,2026-08-10 22:39:21+00,,,,,,,,"Aston Villa are reportedly in talks to sign Palhinha (Portuguese midfielder, currently at Bayern Munich). Could be one to watch this week.",He might have opinions,Villa are reportedly in talks to sign Bayern's Palhinha. Could amount to something.,"villa in talks.
palhinha from
bayern munich.","It's like matching with someone on Hinge on Sunday who then texts saying they're in town Wednesday. Could be something, could be nothing.","Aston Villa are reportedly in early talks to sign Bayern Munich midfielder Joao Palhinha. Nothing confirmed yet, but it could be a significant addition to Emery's squad.","[""Tell him Villa are reportedly in talks to sign Palhinha from Bayern. Ask him if he rates the player."", ""He'll probably say Villa need some steel in midfield after losing Digne. Palhinha could be the answer."", ""Did you know Villa play PSG in the Super Cup on Wednesday? Ask him if a new signing would go straight in.""]",drama,f,,f,{aston_villa},323,"According to BBC Sport, Aston Villa are in talks over a move for Joao Palhinha (Bayern Munich midfielder). Palhinha is a physical, ball-winning midfielder who would give Emery's side extra muscle. Nothing confirmed yet, but the Super Cup against PSG is Wednesday, and this one could still land before the season gets going."
382642a1-26d5-4161-9d40-a1733d066390,brentford,t,news,routine,,archived,f,2026-08-10 22:41:24.00619+00,2026-08-11 00:41:24.00619,2026-08-10 22:41:23+00,,,,,,,,Brentford have been drawn away at Birmingham City in the second round of the Carabao Cup (the League Cup).,Cup draw's in,Brentford travel to Birmingham in the League Cup second round. Worth a mention tonight.,"brentford.
birmingham away.
league cup.","It's like the work Secret Santa where you get the one colleague you don't really know. Not a problem, just not thrilling.","The Carabao Cup second-round draw paired Brentford away at Birmingham City. A manageable tie, but a cup game to squeeze into an already busy pre-season schedule.","[""Tell him Brentford got Birmingham away in the League Cup. He'll know straight away if that's a good or bad draw."", ""Ask him if the League Cup is something he takes seriously. Some fans do, some really don't."", ""He'll probably already be focused on the Spurs league opener on the 22nd. The cup draw might be a welcome distraction.""]",,f,,f,{brentford},300,"The Carabao Cup second-round draw is done, and Brentford have been handed an away trip to Birmingham City. Not the hardest draw they could've got, but still an early test. On the league front, their opener against Spurs is still coming up on the 22nd. [his name] will likely have filed this one away."
470c8f09-9205-40ad-9988-a0152d5c08f8,chelsea,t,news,routine,,archived,f,2026-08-10 22:43:06.787293+00,2026-08-11 00:43:06.787293,2026-08-10 22:43:05+00,,,,,,,,"Chelsea have been drawn at home to Luton Town (currently managed by Jack Wilshere, ex-Arsenal midfielder) in the Carabao Cup second round.",He'll appreciate this,Chelsea host Luton in the League Cup. Luton's manager is ex-Arsenal Wilshere.,"chelsea host luton.
wilshere manages
luton now.","It's like your ex's new partner showing up at your birthday party. Everyone acts normal, but there's a lot going on under the surface.","Chelsea have been drawn at home to Luton Town in the Carabao Cup second round. The extra detail: Luton are managed by Jack Wilshere, the former Arsenal midfielder.","[""Tell him Chelsea got Luton in the League Cup and Luton are managed by Jack Wilshere, the ex-Arsenal man. Watch him try not to smirk."", ""Ask him if Chelsea will take the cup seriously this season under Alonso, or rotate heavily."", ""He'll probably say this is the easiest possible draw. Let him enjoy it.""]",drama,f,,f,{chelsea},320,"The Carabao Cup second round has been drawn, and Chelsea are at home to Luton Town. The fun bit: Luton are managed by Jack Wilshere, the former Arsenal midfielder. Alonso's (Chelsea manager) side should be heavy favourites, but the Wilshere subplot gives it an edge. [his name] will probably find that detail very funny."
0bf4715a-c80e-4bf7-b34a-c59f50c4be50,crystal_palace,t,news,routine,,archived,f,2026-08-10 22:44:42.316673+00,2026-08-11 00:44:42.316673,2026-08-10 22:44:41+00,,,,,,,,"Crystal Palace and Everton agreed a swap deal: Dwight McNeil (Everton winger) joins Palace, Brennan Johnson (Wales winger) goes to Everton.",Transfer's done,"Palace and Everton agreed a swap: McNeil in, Johnson out. Big change before the season.","johnson to everton.
mcneil to palace.
deal confirmed.","It's like two friends simultaneously sliding into each other's DMs at the exact same moment. Mutual decision, both sides happy.","Crystal Palace and Everton have completed a straight swap deal. Dwight McNeil heads to Palace, while Brennan Johnson joins Everton.","[""Tell him the Johnson-McNeil swap is confirmed. Ask him if Palace got the better end of it."", ""He'll probably say Brennan Johnson was underused at Palace. This could suit both clubs."", ""Did you know McNeil almost joined Palace in January? This one's been brewing for months.""]",drama,t,"Palace and Everton complete winger swap: McNeil to Crystal Palace, Johnson to Everton.",f,"{crystal_palace,everton}",341,"It's confirmed. Crystal Palace and Everton have agreed a swap deal: Dwight McNeil comes to Palace, while Brennan Johnson (Welsh winger) heads to Everton. McNeil had nearly joined Palace in January, so this has been a long time coming. A proper reshuffle in the wide areas. [his name] will have opinions on whether Palace got the better deal."
9408574f-2e50-4c9a-a988-c40c08d083a6,crystal_palace,t,news,routine,,archived,t,2026-08-10 22:45:19.751893+00,2026-08-11 00:45:19.751893,2026-08-10 22:45:18+00,2026-08-10 22:45:22.833+00,2026-08-11 00:45:22.833,0.05135178333333333333,00,,,,"Forest owner Marinakis is suing Crystal Palace in the High Court over a fan banner. Palace already fined £50,000 by the FA for the same incident.",Bit of off-pitch drama,Palace are being sued by Forest's owner over a fan banner. Already fined £50k by the FA.,"palace sued.
forest owner.
high court.",It's like getting a formal legal letter when you thought the whole thing was settled at drinks. Palace thought the FA fine was the end of it.,"Crystal Palace are facing High Court legal action from Nottingham Forest's owner Evangelos Marinakis, over an offensive fan banner. The club had already been fined £50,000 by the FA for the same incident.","[""Tell him Forest's owner is suing Crystal Palace in the High Court over a fan banner. Ask him if he knew it had gone this far."", ""He'll probably know the background. The FA already fined Palace £50,000 for the same incident."", ""Ask him if he thinks the lawsuit will go anywhere, or if this is posturing.""]",drama,t,"Forest owner Marinakis sues Crystal Palace in High Court over fan banner. Palace fined £50,000 by FA for same incident.",f,"{crystal_palace,nottm_forest}",342,"Crystal Palace are in legal trouble off the pitch. Nottingham Forest owner Evangelos Marinakis has filed a High Court lawsuit against the club over an offensive banner from Palace fans. The club had already been handed a £50,000 fine by the FA for the same incident. Now there's legal action on top. [his name] will have heard about this one."
e1efc9c4-6fd0-4c4e-a73f-3e85a198f949,everton,t,news,routine,,archived,f,2026-08-10 22:46:01.782988+00,2026-08-11 00:46:01.782988,2026-08-10 22:46:00+00,,,,,,,,"Everton and Crystal Palace agreed a swap deal: Brennan Johnson (Wales winger) joins Everton, Dwight McNeil goes to Crystal Palace.",New winger incoming,"Everton agreed a swap with Palace: Johnson arrives, McNeil heads the other way. Done.","johnson to everton.
mcneil to palace.
deal done.",It's like two friends simultaneously sliding into each other's DMs at the exact same moment. Both sides got what they wanted.,Everton have confirmed the signing of Brennan Johnson from Crystal Palace in a straight swap deal. Dwight McNeil heads to Palace in return. A significant squad update before the season starts.,"[""Tell him Everton confirmed the Brennan Johnson swap with Palace. Ask him if Johnson is what Everton have been missing."", ""He'll probably compare Johnson and McNeil instantly. Let him run through it."", ""Did you know McNeil almost joined Palace back in January? This move has been a long time coming for both clubs.""]",exciting,f,,f,"{everton,crystal_palace}",363,"It's confirmed. Everton are getting Brennan Johnson (Welsh winger) from Crystal Palace, and sending Dwight McNeil the other way. Both clubs get a fresh face on the wing. Everton's pre-season clash against Newcastle is on the 12th, so this could be one of the last moves before the serious stuff starts. [his name] will have views on whether Johnson is an upgrade."
9c3b6f98-259f-49ec-8ca0-8393e8ee6b23,ipswich,t,news,routine,,archived,t,2026-08-10 22:47:27.328041+00,2026-08-11 00:47:27.328041,2026-08-10 22:47:26+00,2026-08-10 22:47:30.23+00,2026-08-11 00:47:30.23,0.04836598333333333333,00,,,,Ipswich are back in the Premier League and taking a different approach to transfers this time. BBC Sport looked at what their strategy is.,Ipswich are back,Ipswich are back in the Premier League and doing transfers very differently this time.,"ipswich are back.
premier league.
different this time.","It's like the mate who went travelling for a year and came back with a completely new vibe and a better wardrobe. Same person, different energy.",Ipswich Town are back in the Premier League and BBC Sport took a close look at how they're approaching the transfer market this time around. Their strategy is apparently very different from last time.,"[""Tell him Ipswich are back in the Premier League and apparently doing transfers very differently. Ask him if he thinks it'll work."", ""He'll probably have a take on whether promoted clubs can really compete with Premier League budgets."", ""Did you know BBC Sport specifically called out Ipswich's transfer approach as unusual? Could be a fun one to watch this season.""]",exciting,f,,f,{ipswich},372,"Ipswich are back in the top flight. BBC Sport ran a piece on how they're approaching the transfer window differently this time round, as they prepare for their Premier League return. They went from Championship to Premier League with Championship signings last time, and now they're moving into a more global scouting model. [his name] might find the strategy interesting."
2442eecd-7f5c-485b-9fbd-738c05c602f8,liverpool,t,news,routine,,archived,f,2026-08-10 22:49:41.678662+00,2026-08-11 00:49:41.678662,2026-08-10 22:49:40+00,,,,,,,,Jeff Bezos (Amazon founder) is part of a consortium advancing talks to buy a 30% stake in Liverpool for around £1.35bn.,He might need to sit down,Jeff Bezos is reportedly closing in on buying a 30% stake in Liverpool for £1.35bn.,"bezos wants in.
liverpool stake.
£1.35 billion.",It's like your ex's new partner turning out to be absolutely loaded. Everything just got more complicated and a lot more interesting.,A consortium including Amazon founder Jeff Bezos is reportedly advancing talks to buy a roughly 30% stake in Liverpool for around £1.35bn. Facebook co-founder Eduardo Saverin is also reportedly involved.,"[""Tell him Jeff Bezos is reportedly in talks to buy 30% of Liverpool for about £1.35bn. Then stand back."", ""He'll probably say it changes everything, or nothing. Ask him what he actually thinks it means for the club."", ""Did you know the Facebook co-founder Eduardo Saverin is also reportedly involved? This is a proper investment consortium.""]",drama,t,"Jeff Bezos consortium advancing talks to buy 30% of Liverpool for around £1.35bn, per BBC Sport and Guardian.",t,{liverpool},438,"Big ownership news. A group including Jeff Bezos (Amazon founder) is advancing talks with Liverpool's current owners FSG to buy roughly 30% of the club. The reported price: around £1.35bn. Eduardo Saverin (Facebook co-founder) and an investor called Bhatia are also part of the consortium, according to the Guardian. Nothing signed yet, but these are serious talks from serious people. [his name] will have strong feelings about this one."
8435bb18-e69f-42f4-8e98-469dd04e9267,liverpool,t,news,routine,,archived,t,2026-08-10 22:50:03.851751+00,2026-08-11 00:50:03.851751,2026-08-10 22:50:02+00,2026-08-10 22:50:06.479+00,2026-08-11 00:50:06.479,0.04378748333333333333,00,,,,"Van Dijk (Liverpool captain) says he hopes more signings arrive in the next couple of weeks, after Araujo's loan from Barcelona was confirmed.",He'll have a wishlist,Van Dijk says Liverpool could still add players before the season. Expect opinions.,"van dijk hopeful.
more signings
before the season.",It's like your flatmate saying 'I think we might get one more flatmate' the week before the new term starts. Exciting and slightly chaotic.,"Liverpool captain Van Dijk has publicly said he hopes more players arrive before the season begins, adding anticipation to the Araujo loan announcement.","[""Tell him Van Dijk said he's hoping for more signings before the season starts. Ask him who's top of his list."", ""He'll probably say Liverpool need a midfielder or a striker. Let him run through the options."", ""Ask him if Van Dijk's public comment changes anything, or if it's just the captain managing expectations.""]",exciting,f,,f,{liverpool},337,"With Araujo's loan from Barcelona now official, Liverpool captain Virgil van Dijk made clear he's hoping for more. He said 'let's see what the next couple of weeks bring', hinting the squad-building isn't done. The season opener at Newcastle is on the 23rd. [his name] will definitely have his own list of who Liverpool should sign next."
6543bef7-8f62-49de-ace1-aea61cc2fab0,man_city,t,news,routine,,archived,f,2026-08-10 22:51:15.466715+00,2026-08-11 00:51:15.466715,2026-08-10 22:51:10+00,,,,,,,,"Man City are closing in on Bouaddi (Morocco midfielder, Lille). The Guardian reports he has agreed terms, with a fee of around £85m expected.",He'll want to talk tactics,"City closing in on Bouaddi from Lille. Agreed terms, around £85m. A big midfield signing.","bouaddi to city.
agreed terms.
£85m expected.","It's like your flatmate announcing they've found someone for the empty room, and it's actually someone good. City have sorted the midfield gap.","Manchester City are close to signing Ayyoub Bouaddi from Lille. The Morocco midfielder has reportedly agreed personal terms, with the transfer fee around £85m.","[""Tell him City are closing in on Bouaddi from Lille, with terms reportedly agreed. Ask him if he thinks it's a good signing."", ""He'll probably say City needed a midfielder after all the Rodri uncertainty. This is that move."", ""Did you know Bouaddi is a Morocco international? Ask him if he knows the player or if it's new territory.""]",exciting,t,Man City closing in on £85m Bouaddi from Lille. Morocco midfielder has reportedly agreed terms.,f,{man_city},383,"Manchester City are on the verge of signing Ayyoub Bouaddi (Morocco international midfielder) from Lille. The Guardian says he has already agreed personal terms, with a fee of around £85m expected. This would be City's big answer to Rodri's potential departure, signing a younger midfielder to hold things together. [his name] will have thoughts on whether Bouaddi is the right pick."
abe87ed9-9103-4f66-8473-dcda97dff86c,man_utd,t,news,routine,,archived,t,2026-08-10 22:55:57.432115+00,2026-08-11 00:55:57.432115,2026-08-10 22:55:56+00,2026-08-10 22:55:59.27+00,2026-08-11 00:55:59.27,0.03063141666666666667,00,,,,"José Mourinho signed a contract to replace Ferguson at Man Utd in 2013, then backed out and returned to Chelsea",He signed. Then changed his mind.,"Mourinho had a contract to replace Ferguson in 2013, then backed out and went to Chelsea.",the heart decision,"It's like accepting your dream job, signing the paperwork, then backing out because you got a call from your old boss. Mourinho had the contract, Ferguson's blessing, and chose his heart over the biggest gig in English football.","Mourinho has revealed he signed a contract to become Man Utd manager in 2013 after Ferguson retired, only to walk away and return to Chelsea. Ferguson confirmed the story in a new Netflix documentary.","[""Mourinho reveals he actually signed a contract to replace Ferguson in 2013, then walked away to go back to Chelsea. Did you know this?"", ""Ferguson confirmed the whole story in a new Netflix documentary. Mourinho says it was 'a decision I made with my heart.'"", ""If Mourinho had stayed, we might never have had the Moyes era, Van Gaal, any of it. History could have been so different.""]",drama,t,"Mourinho reveals he was set to replace Ferguson at Man Utd in 2013, before changing his mind for Chelsea",f,"{man_utd,chelsea}",569,"Man Utd fans have wondered for years what might have been. Now we know: José Mourinho actually signed a contract to take over from Sir Alex Ferguson in 2013, only to tearfully walk away and return to Chelsea instead.

The revelation comes from a new Netflix documentary, with Ferguson himself confirming the story. Mourinho says it was 'a decision I made with my heart.' Instead of Mourinho that summer, United got Moyes, then Van Gaal, then Mourinho again (eventually), then Solskjaer, then Rangnick, then Ten Hag, and now Carrick. The alternate history writes itself."
0e577035-75a2-4ab6-9ba6-833863afe23b,nottm_forest,t,news,routine,,archived,t,2026-08-10 22:59:17.73308+00,2026-08-11 00:59:17.73308,2026-08-10 22:59:16+00,2026-08-10 22:59:20.068+00,2026-08-11 00:59:20.068,0.03891533333333333333,00,,,,Nottingham Forest owner Marinakis sues Crystal Palace for defamation over last season's gun banner depicting him with Gibbs-White,The owner's taking Palace to court,Marinakis has sued Crystal Palace for defamation over the gun banner from last season.,boss files lawsuit,"Imagine someone put up a billboard of your boss holding a gun to your star colleague's head, and he waited almost a year before taking the poster-makers to court. That's where Marinakis and Forest are now.","Nottingham Forest owner Marinakis has filed a defamation lawsuit against Crystal Palace after fans displayed a banner depicting him holding a gun to midfielder Gibbs-White's head last August. Crystal Palace were already fined £50,000 by the FA over the incident.","[""Marinakis has taken Crystal Palace to court over that banner from last August, the one showing him holding a gun to Gibbs-White's head. Does he watch much football or does he just follow Forest results?"", ""Palace already got fined £50,000 by the FA over it. Now there's a high court defamation lawsuit on top. What do you think the outcome will be?"", ""It happened nearly a year ago. Why do you think Marinakis chose now to file the lawsuit?""]",drama,t,Forest owner Marinakis sues Crystal Palace for defamation over gun banner targeting Gibbs-White,f,"{nottm_forest,crystal_palace}",539,"Forest owner Evangelos Marinakis has filed a defamation lawsuit against Crystal Palace at the high court, almost a year after Palace fans displayed a banner depicting him holding a gun to midfielder Morgan Gibbs-White's head during last August's 1-1 draw at Selhurst Park.

Crystal Palace were already handed a £50,000 FA fine over the incident. Marinakis is going further, filing against the club and 'persons unknown' for defamation. It's a dramatic escalation, and a signal that the Forest owner has no intention of letting this one go."
97e358dc-7dfb-44e1-90fb-f32476615f1d,nottm_forest,t,news,routine,,archived,t,2026-08-10 23:00:16.445514+00,2026-08-11 01:00:16.445514,2026-08-10 23:00:15+00,2026-08-10 23:00:18.579+00,2026-08-11 01:00:18.579,0.03555810000000000000,01,,,,"Nottingham Forest drawn at home to Leeds in the Carabao Cup second round, the same team they face to open the Premier League on August 22","Leeds again, in the cup too","Leeds drawn at home in the cup - Forest face them in the PL opener too, on Aug 22.","leeds, again","It's like realising the colleague you'll be working with on your biggest project is also your opponent in the team quiz next week. Leeds aren't just on the schedule, they're all over it.","Nottingham Forest have been drawn to host Leeds in the Carabao Cup second round, adding to their already-scheduled Premier League opener against Leeds on August 22. It's the only all-Premier League fixture in the second round of the cup.","[""Forest got Leeds in the Carabao Cup second round, they also face Leeds on the opening day of the Premier League on Aug 22. Two Leeds games right away."", ""They're the only all-Premier League match in the cup second round. Does he think Forest will welcome the game or see it as a distraction?"", ""What's his read on how Forest will handle this packed start to the season?""]",,f,,f,"{nottm_forest,leeds}",450,"Forest have been drawn to host Leeds in the second round of the Carabao Cup, and they're already facing Leeds in the Premier League on August 22 to open the new season. The cup draw makes it two Forest vs Leeds fixtures in quick succession before the season has barely begun.

It's the only all-Premier League tie in the Carabao Cup second round, with Forest at home for both. If you were looking for a soft start to the campaign, it isn't happening."
6b6d1401-e9b6-41a3-8400-65118ce33213,spurs,t,news,routine,,archived,t,2026-08-10 23:02:28.903521+00,2026-08-11 01:02:28.903521,2026-08-10 23:02:27+00,2026-08-10 23:02:31.037+00,2026-08-11 01:02:31.037,0.03555798333333333333,01,,,,"Micky van de Ven signs new long-term deal at Spurs, says the direction of the club is clear","Staying put, and happy about it",Van de Ven signed a new deal at Spurs and says the club's direction is clear.,committed to the cause,"It's like that moment when the colleague everyone assumed was about to leave for a better offer says they're staying because they believe in what the team is building. Van de Ven had options, he chose Spurs.","Micky van de Ven has signed a new long-term deal at Tottenham, ending speculation about his future after a difficult season where Spurs finished 17th. He said signing was a clear signal about the direction the club is heading under Roberto De Zerbi.","[""Van de Ven signed a new long-term contract at Spurs. After Romero left for Atletico, keeping him was really important, does he follow the transfers closely enough to know who Van de Ven is?"", ""Van de Ven said he signed because the 'direction is clear' at the club. What do you think that means, is De Zerbi winning people over?"", ""Spurs had a rough season last year (17th), but keeping Van de Ven suggests some belief in the project. Does he think they can push on this season?""]",exciting,f,,f,{spurs},507,"Micky van de Ven (Spurs defender) has signed a new long-term contract at Tottenham. After a summer where Spurs lost Cristian Romero to Atletico and Manor Solomon to West Ham, keeping Van de Ven is a genuine statement. The Dutchman said it's 'clear the direction the club wants to go in', a confident endorsement of De Zerbi's project.

Van de Ven has been one of Spurs' best players since joining in 2023, with his pace and composure at the back drawing regular attention from top clubs. He's committed now."
09196edc-4d68-46e7-8a9e-d776f0a71888,west_ham,f,news,routine,,archived,t,2026-08-10 23:03:27.934892+00,2026-08-11 01:03:27.934892,2026-08-10 23:03:27+00,2026-08-10 23:03:31.516+00,2026-08-11 01:03:31.516,0.05968513333333333333,01,,,,West Ham sign winger Manor Solomon from Tottenham on a three-year contract,They raided Spurs for a winger,West Ham signed Manor Solomon from Spurs on a three-year deal.,they got their winger,"It's like getting the candidate you wanted, someone who was waiting for the right opportunity and finally got it. Solomon barely played at Spurs. West Ham in the Championship might be exactly the stage he needs.",West Ham have signed Israeli international winger Manor Solomon from Tottenham on a three-year contract. Solomon made limited appearances at Spurs after joining in 2023 and will be hoping for a bigger role as West Ham target promotion back to the Premier League.,"[""West Ham have signed winger Manor Solomon from Spurs on a three-year deal. They're in the Championship this season, does he think they're serious about going straight back up?"", ""Solomon barely played at Spurs, so this is a fresh start for him. Does he know anything about West Ham's new manager or their ambitions?"", ""West Ham have been busy in the transfer window, does he follow the ownership stuff at all? (The Staveley investment saga is quite the storyline.)""]",,f,,f,"{west_ham,spurs}",508,"West Ham have completed the signing of Manor Solomon (Israeli international winger) from Tottenham on a three-year contract. Solomon joined Spurs in 2023 from Shakhtar Donetsk but rarely featured consistently at the Lane, this move to West Ham gives him a new start as the club look to bounce straight back to the Premier League from the Championship.

It's the kind of signing that signals intent: a proper winger with Premier League experience, even if he's arriving via the exit door at a top-flight club."
4f9a7a28-5a0d-491e-8150-bd77a4c34441,arsenal,t,news,routine,,archived,f,2026-08-11 06:49:59.611096+00,2026-08-11 08:49:59.611096,2026-08-11 06:49:58+00,,,,,,,,"Arsenal reportedly eyeing Konsa (Aston Villa defender) for defensive cover. Timber and Saliba are both injured, leaving Arteta short at the back.",He might have opinions,Arsenal reportedly eyeing Villa's Konsa for cover. Could change quickly.,"konsa to arsenal?
timber and saliba
both out.",It's like frantically swiping through Hinge when your two best housemates just handed in their notice. Arsenal need someone fast.,"Arsenal are reportedly making a bid for Konsa to cover for Timber and Saliba, both out injured. Arteta says current players need to step up, but the window is still open.","[""Tell him Arsenal are reportedly going after Konsa to replace the injured defenders. He'll have a view on whether it's the right move."", ""Ask him: does he think Konsa's good enough for the champions?"", ""Both Timber and Saliba are out before the season's even started. Arsenal are scrambling a bit at the back.""]",drama,f,,f,"{arsenal,aston_villa}",295,"Arsenal are reportedly making a fresh bid to sign Konsa from Aston Villa. Arteta (Arsenal's manager) needs defensive cover after both Timber (left-back) and Saliba (centre-back) picked up pre-season injuries. He said existing players need to step up, but a new signing could still be on the way."
2015b605-2a6c-4317-af9f-3b9261527734,bournemouth,t,news,routine,,archived,t,2026-08-11 06:50:25.413963+00,2026-08-11 08:50:25.413963,2026-08-11 06:50:23+00,2026-08-11 06:50:29.484+00,2026-08-11 08:50:29.484,0.06783395000000000000,08,,,,"Bournemouth have a new head coach: Marco Rose. He's taking charge of their first European season, after last year's sixth-placed Premier League finish.",He'll have opinions,Bournemouth have a new head coach. Marco Rose takes on their first European season.,"bournemouth.
new boss marco rose.
first europe.","Imagine being handed a Glossier launch plan someone else spent months perfecting, right before the biggest campaign of the year. Marco Rose is walking into something he didn't build.",Bournemouth have a new manager in Marco Rose. He inherits a squad that finished sixth last season and will play European football for the first time this year.,"[""Tell him Bournemouth have a new manager and they're in Europe for the first time this season. He'll have an instant opinion on whether Rose can handle it."", ""Ask him: does Marco Rose have what it takes to manage in European competition?"", ""Did you know Bournemouth finished sixth last season? That's how they earned this European debut.""]",exciting,f,,f,{bournemouth},242,"Bournemouth have a new head coach in Marco Rose. He's walking into an exciting situation after last season's sixth-placed Premier League finish earned the club their first shot at European football. A big challenge, but a big opportunity too."
94893fbd-9092-452f-81fa-546cf2fe3e6d,chelsea,t,news,routine,,archived,t,2026-08-11 06:50:51.415047+00,2026-08-11 08:50:51.415047,2026-08-11 06:50:50+00,2026-08-11 06:50:54.465+00,2026-08-11 08:50:54.465,0.05083255000000000000,08,,,,"Chelsea have a new manager in Xabi Alonso. Mudryk (Chelsea winger) is back in the squad, and Palmer (Chelsea's playmaker) is emerging as a leader.",He's going to have opinions,Chelsea's new manager is Xabi Alonso. Mudryk's back and Palmer's the leader.,"xabi alonso.
mudryk's back.
palmer leads.","A new group chat admin who repins everything, names a deputy and reshuffles the order. Plus the person who went quiet for months just posted again. Chelsea feel different.","Chelsea have a new manager in Xabi Alonso. Mudryk is back in the squad, and Palmer is stepping up as a leader. Their pre-season has been positive so far.","[""Tell him Chelsea have Xabi Alonso as their new manager and pre-season looks good. He'll have an instant view on whether it's a smart appointment."", ""Ask him: does he think Xabi Alonso's the right fit for Chelsea?"", ""Did you know Mudryk is back in Chelsea's squad this season? He'll know the full backstory.""]",exciting,f,,f,{chelsea},269,"Chelsea kicked off their pre-season with Xabi Alonso in charge as their new manager. Mudryk (Chelsea's winger) has made an emotional return to the squad, and Palmer (Chelsea's playmaker) has been named a leader of the group. Early signs from pre-season are encouraging."
8d3e5460-4840-4995-9009-e706276988d0,crystal_palace,t,news,routine,,archived,f,2026-08-11 06:55:14.268806+00,2026-08-11 08:55:14.268806,2026-08-11 06:55:12+00,,,,,,,,"Crystal Palace near two more signings: Khalaili (midfielder, Union Saint-Gilloise) and Gozo (US winger, Real Salt Lake).",Palace busy in transfers,Crystal Palace near signing two more players before the season starts.,"palace.
more signings coming.
squad building up.","Crystal Palace are treating this transfer window like the Zara sale. Two deals in two days, everything in the basket.",Crystal Palace are close to signing Khalaili (midfielder from Belgium) and Gozo (US winger). Busy times at Selhurst Park.,"[""Tell him Palace are closing in on two signings at once. He'll have an instant opinion on whether the squad is genuinely improving."", ""Ask him: does he think Khalaili or Gozo can make a real difference at Palace next season?"", ""Did you know Khalaili is 21 and plays his club football in Belgium? He's going to be a surprise for a lot of people.""]",exciting,f,,f,{crystal_palace},240,"Crystal Palace are wrapping up a busy transfer window. Anan Khalaili (21-year-old midfielder from Belgian side Union Saint-Gilloise) is reportedly on the way, and Zavier Gozo (winger from Real Salt Lake in the US) is also finalizing a deal."
04be2d1f-733c-4726-845d-8f45c5fddb2d,liverpool,t,news,routine,,archived,t,2026-08-11 07:01:43.506855+00,2026-08-11 09:01:43.506855,2026-08-11 07:01:42+00,2026-08-11 07:01:47.394+00,2026-08-11 09:01:47.394,0.06478575000000000000,09,,,,Liverpool have signed Ronald Araujo on loan from Barcelona. The Uruguay defender arrives on a season-long deal with an option to buy.,Liverpool sign Araujo,Ronald Araujo joins on loan from Barcelona. Van Dijk finally has company at the back.,"liverpool sign araujo.
on loan from barca.
van dijk has company.",Van Dijk basically posted a 'vacancy: one centre-back' sign on the Liverpool training ground after last season. Araujo is the answer.,Liverpool have signed Ronald Araujo from Barcelona on loan. The Uruguay defender joins Van Dijk at the heart of the defence.,"[""Tell him Liverpool just signed a Barcelona centre-back on loan. Araujo and Van Dijk together is either going to be brilliant or absolutely chaotic. He'll have a strong opinion."", ""Ask him: do you think the option to buy gets triggered before the end of the season?"", ""Did you know Van Dijk said 'let's see what the next couple of weeks bring' after the signing? He's hinting at more deals still to come.""]",exciting,f,,f,{liverpool},286,"Liverpool have confirmed the signing of Ronald Araujo on a season-long loan from Barcelona, with an option to buy. The Uruguay defender gives Virgil van Dijk a proper centre-back partner. Van Dijk hinted the window might not be finished: 'Let's see what the next couple of weeks bring.'"
25633660-1986-40bb-8710-29cd3ba892a5,man_city,t,news,routine,,archived,t,2026-08-11 07:02:04.676593+00,2026-08-11 09:02:04.676593,2026-08-11 07:02:02+00,2026-08-11 07:02:07.241+00,2026-08-11 09:02:07.241,0.04274011666666666667,09,,,,"Enzo Maresca is Manchester City's new manager, replacing Pep Guardiola. He already has a captaincy call to make before the season begins.",Maresca is Man City's new boss,Enzo Maresca takes over from Pep Guardiola as Man City manager. The City era starts here.,"maresca.
guardiola's shadow.
new era at city.",Guardiola left Man City with six Premier League titles. Maresca walks in and the first question is already: can you follow that? The Independent says the shadow looms large.,"Enzo Maresca is the new Manchester City manager, replacing Pep Guardiola. He has spoken about the challenge of following one of football's greatest coaches.","[""Tell him Guardiola's replacement has officially started, Maresca is the guy at City now. He'll know whether City fans should be worried or excited."", ""Ask him: does he think City can win the title in year one under a new manager?"", ""Did you know Maresca has already talked about using AI in his coaching? It is giving very different energy to Pep.""]",drama,t,Everyone is asking: who is Maresca?,t,{man_city},403,"Enzo Maresca has been confirmed as Manchester City's new manager, following Pep Guardiola. The Independent described his role as 'life in the shadow of the past' given the legacy he is following. Maresca has already spoken about replacing Guardiola in his first press availability, and has a captaincy decision to make early in his tenure. He has also spoken about his interest in AI as a coaching tool."
bc506944-f0bb-4d82-9b76-6b4dc929447d,newcastle,t,news,routine,,archived,t,2026-08-11 07:02:21.323126+00,2026-08-11 09:02:21.323126,2026-08-11 07:02:20+00,2026-08-11 07:02:23.281+00,2026-08-11 09:02:23.281,0.03263123333333333333,09,,,,Newcastle have sold Bruno Guimaraes to Arsenal for £75m. The Brazil midfielder was one of their best ever signings before heading to the Emirates.,Guimaraes leaves for Arsenal,Bruno Guimaraes has been sold to Arsenal for £75m. Newcastle lose their best midfielder.,"guimaraes gone.
£75m to arsenal.
jaissle's rebuild.","The Guimaraes era at Newcastle is over. He came, he dominated, he left for Arsenal. Jaissle now has to rebuild a midfield without their best player.",Newcastle have sold Bruno Guimaraes to Arsenal for £75m. New manager Jaissle has a big midfield gap to fill before the season starts.,"[""Tell him Guimaraes is properly gone, £75m to Arsenal, done deal. He'll have a full breakdown of what that means for Newcastle's season."", ""Ask him: who does he think Newcastle should target to replace Guimaraes in midfield?"", ""Did you know the Guardian called this deal a potential 'Arsenal set-piece masterstroke'? Arteta signed him specifically for how he executes dead-ball moves.""]",bad_news,t,Newcastle fans are gutted about Guimaraes,f,"{newcastle,arsenal}",375,Newcastle have sold Bruno Guimaraes to Arsenal in a £75m deal. The Brazil midfielder goes down as one of the best players the club have had in the Premier League era. The Guardian noted the deal 'could be another Arsenal set-piece masterstroke' given Arteta's tactical obsession with dead-ball situations. New head coach Matthias Jaissle now has a major midfield gap to fill.
3fafe6d6-3a38-4983-afa5-b152ef4fc68b,arsenal,t,news,routine,,archived,f,2026-08-11 22:38:18.107398+00,2026-08-12 00:38:18.107398,2026-08-11 22:38:17+00,,,,,,,,"Arsenal are reportedly shopping Lewis-Skelly (19-year-old left-back) around. Man United have been offered him, Chelsea have enquired.",He might have thoughts,Arsenal reportedly offering 19-year-old left-back Lewis-Skelly to United and Chelsea.,"lewis-skelly.
arsenal offering
him to united.",Like listing your spare umbrella on Vinted mid-downpour. Arsenal are offloading their backup left-back while Timber is still in the physio room.,"Arsenal's 19-year-old left-back Myles Lewis-Skelly could be on the move. Both Man United and Chelsea are in the picture, but Arsenal appear set on selling him this summer.","[""Tell him Arsenal are offering their 19-year-old left-back to both United and Chelsea. He'll have a take on whether that's a smart sale or terrible timing."", ""Ask him: is Lewis-Skelly better off leaving Arsenal for regular game time at 19, or should he fight for his spot?"", ""He'll probably flag that Arsenal are selling backup cover while Timber is still injured, which is a bold call with the season starting.""]",drama,t,Arsenal reportedly offering teenager Lewis-Skelly to Man United and Chelsea.,f,"{arsenal,man_utd,chelsea}",404,"Arsenal's Myles Lewis-Skelly, just 19, looks set to leave the Emirates this summer. The Guardian reports Arsenal have offered the left-back to Manchester United, while Sky Sports says Chelsea have also made an enquiry. Neither club seems to be making him their top priority, but Arsenal are clearly ready to move him on. Odd timing given Timber is already injured, but they seem confident they can cover."
dbe46ebb-8357-442d-b51a-810e640f0e27,aston_villa,t,news,routine,,archived,t,2026-08-11 22:40:06.979339+00,2026-08-12 00:40:06.979339,2026-08-11 22:40:05+00,2026-08-11 22:40:10.275+00,2026-08-12 00:40:10.275,0.05492768333333333333,00,2026-08-12 19:00:00+00,,,"Emery (Villa's manager) vowed Villa are moving forward despite the squad upheaval, as they head to Salzburg for the UEFA Super Cup against PSG tomorrow.",Clear tomorrow evening,Villa face PSG in the UEFA Super Cup in Salzburg tomorrow at 8pm. He'll want full focus.,"super cup eve.
villa face psg.
tomorrow, salzburg.",Like selling your winter coat to a friend and then having to face her in it at the same party. Villa sold Digne to PSG last week and now they play each other for a trophy.,"Aston Villa face PSG in the UEFA Super Cup tomorrow in Salzburg. They earned the right to be there by winning the Europa League, and manager Emery says they're ready.","[""Tell him Emery went into the press conference saying Villa are moving forward, not looking over their shoulder. He'll like that energy."", ""Ask him: can Villa actually beat PSG, or is the Super Cup a step too far right now?"", ""Did you know Villa sold one of their own players to PSG just before this game? They'll be facing their ex-left-back Digne on the other side.""]",exciting,t,"Aston Villa face PSG in the UEFA Super Cup in Salzburg tomorrow, with Emery bullish despite Villa's summer squad changes.",t,{aston_villa},374,"Aston Villa take on PSG in the UEFA Super Cup in Salzburg tomorrow evening, and manager Unai Emery has been bullish about the club moving forward despite all the summer flux. They've had a busy pre-season reshuffling the squad, including selling Digne to PSG of all clubs. But Emery sounds relaxed and Villa have the Europa League winners' medal to back up their confidence."
4f0a42b7-9d95-4bed-a5c3-7f2dbe85a2a6,burnley,f,news,routine,,archived,t,2026-08-11 22:42:18.632406+00,2026-08-12 00:42:18.632406,2026-08-11 22:42:17+00,2026-08-11 22:42:21.532+00,2026-08-12 00:42:21.532,0.04832656666666666667,00,,,,Kyle Walker (Burnley defender) told his team-mates there can be no 'hangover' as they push for an immediate return to the Premier League.,No wallowing allowed,Kyle Walker told Burnley: no hangover. They want straight back up to the Prem.,"walker.
no hangover.
back up we go.",Like the mate who just got out of a bad relationship and is at the gym at 7am Monday. Walker is not letting Burnley have a single day of moping.,"Burnley defender Kyle Walker has called on his team-mates to shake off last season's relegation and go straight back up. No wallowing, just promotion-chasing from day one.","[""Tell him Kyle Walker is at Burnley now and he's already rallying the squad. He'll be curious about the Walker angle."", ""Ask him: does a player like Walker make Burnley genuine promotion contenders, or is the Championship a different game entirely?"", ""He'll probably say every relegated team talks about bouncing back, but Walker saying it out loud is different.""]",exciting,f,,f,{burnley},345,"Burnley are back in the Championship and already setting the tone. Defender Kyle Walker, who made the move to Burnley, told his team-mates they cannot have a hangover from last season's relegation. He's calling for a fast start and says their only goal is an immediate Premier League return. Their first Championship game is at home on the 16th."
d06e6a03-afe6-4d3b-9025-493eb67c64fb,chelsea,t,news,routine,,archived,t,2026-08-11 22:43:33.31005+00,2026-08-12 00:43:33.31005,2026-08-11 22:43:32+00,2026-08-11 22:43:36.146+00,2026-08-12 00:43:36.146,0.04726583333333333333,00,,,,"Chelsea have given Mudryk (winger, back from 20 months out) the green light to find a loan move. Goalkeeper Jorgensen is also heading to Strasbourg on loan.",He'll have opinions,"Chelsea told Mudryk he can find a loan. Back after 20 months, but heading somewhere else.","mudryk.
guest pass
somewhere else.",Like coming back from long-term sick leave only to be told to hot-desk at another office for a bit. Mudryk is back fit but Chelsea are parking him somewhere else to get his touch back.,Chelsea winger Mudryk has been given permission to find a loan club after spending 20 months out of football. He's back fit but the club want him to get his sharpness back elsewhere before returning.,"[""Tell him Chelsea just gave Mudryk the green light to leave on loan, after he spent 20 months on the sidelines. He'll have all the takes."", ""Ask him: is sending Mudryk out on loan the right call, or should Alonso give him a shot from the start?"", ""Did you know Chelsea also have their keeper going to Strasbourg on loan? They're having a busy clear-out this summer.""]",drama,f,,f,{chelsea},351,"Chelsea are moving players on this summer. Winger Mykhailo Mudryk, back after 20 months out of football, has been given the go-ahead by the club to seek a loan deal to rebuild his fitness. Separately, goalkeeper Filip Jorgensen is heading to Strasbourg on loan. With Xabi Alonso settling in as the new boss, he clearly has his own plans for the squad."
c754fbd7-fef8-48b9-aa19-03b1271bc977,crystal_palace,t,news,routine,,archived,t,2026-08-11 22:44:40.799272+00,2026-08-12 00:44:40.799272,2026-08-11 22:44:39+00,2026-08-11 22:44:45.061+00,2026-08-12 00:44:45.061,0.07102880000000000000,00,,,,"Crystal Palace's chairman Steve Parish personally called Dwight McNeil's partner before the transfer went through, to talk it through with her.",That's actually sweet,Palace's chairman called McNeil's partner before the move. He wanted everyone on board.,"palace chairman.
called the partner.
before the deal.","Like the guy who calls your mum before he proposes. Steve Parish didn't just sign a player, he made sure everyone at home was on board first.",Crystal Palace's chairman Steve Parish called Dwight McNeil's partner personally before the transfer was finalised. It's an unusually thoughtful move in a world where clubs often just announce signings and move on.,"[""Tell him Crystal Palace's chairman personally called McNeil's partner before the deal was done. He'll appreciate that kind of detail."", ""Ask him: is that a good or odd move by a football chairman? It's not something you hear about often."", ""He'll probably say it shows Palace actually care about getting the human side right, not just the contract.""]",exciting,f,,f,"{crystal_palace,everton}",365,"We love this. Crystal Palace's co-owner and chairman Steve Parish personally contacted Dwight McNeil's partner before the midfielder's move was completed. Sky Sports says they 'cleared the air' together around the transfer. It's the kind of thing you don't expect from a football chairman, but it speaks to how Palace handled a transfer that had a few moving parts."
296bca8d-ef9f-4de8-af1a-2e28d6cefbc0,fulham,t,news,routine,,archived,t,2026-08-11 22:46:14.463395+00,2026-08-12 00:46:14.463395,2026-08-11 22:46:13+00,2026-08-11 22:46:17.006+00,2026-08-12 00:46:17.006,0.04237675000000000000,00,,,,"Fulham have confirmed the signing of Shea Charles (Southampton midfielder) for £30m, making him Northern Ireland's most expensive footballer.",New face at Craven Cottage,Fulham signed Shea Charles from Southampton for £30m. Northern Ireland's record transfer.,"charles signed.
£30m from
southampton.","Like when the LinkedIn 'open to work' banner finally comes down. Charles has been in talks all summer and it's done, stamped, in the door.","Fulham have confirmed the signing of Shea Charles from Southampton for £30m. He's now officially Northern Ireland's most expensive ever footballer, and Fulham's new midfield anchor.","[""Tell him Fulham signed a Southampton midfielder for £30m today, and that it's the biggest transfer fee for any Northern Irish player ever. He'll have thoughts on whether that's too much."", ""Ask him: is Shea Charles the player Fulham need to take the next step, or is £30m a lot for a defensive midfielder?"", ""He'll probably say this is a statement signing for Fulham, especially coming from Manchester City's academy originally.""]",exciting,f,,f,"{fulham,southampton}",348,"It's official. Fulham have signed Shea Charles from Southampton in a deal worth up to £30m. The midfielder started out at Manchester City's academy before making his name at Southampton, and now Fulham have paid the biggest fee in Northern Ireland football history to bring him in. It's a big statement from a club that finished strong last season."
83e7a88e-c9d2-4738-9f1d-b1043d4c61a1,leeds,t,news,routine,,archived,t,2026-08-11 22:47:44.209585+00,2026-08-12 00:47:44.209585,2026-08-11 22:47:43+00,2026-08-11 22:47:48.223+00,2026-08-12 00:47:48.223,0.06689025000000000000,00,,,,"The Carabao Cup second round draw has given Leeds Nottingham Forest, an all-Premier League tie in their first season back in the top flight.",Big cup draw for Leeds,Leeds drew Nottingham Forest in the Carabao Cup. All-PL tie in their first season back.,"forest vs leeds.
cup draw.
welcome back.",Like coming back from a long trip and immediately getting roped into the hardest team project. Leeds are back in the Premier League and the cup draw gave them Forest right away.,Leeds have been drawn against Nottingham Forest in the Carabao Cup second round. It's a big all-Premier League matchup for a team that's just returned to the top flight this season.,"[""Tell him Leeds drew Forest in the Carabao Cup second round. First big cup game since they came back up and it's a proper test."", ""Ask him: is getting Forest in the cup a good or bad draw for Leeds right now?"", ""He'll probably say Leeds need this kind of game to show they belong back in the Premier League.""]",exciting,f,,f,"{leeds,nottm_forest}",356,"Leeds are back in the Premier League and the Carabao Cup draw wasted no time throwing them into the deep end. They've drawn Nottingham Forest in the second round, making it an all-top-flight tie early in the season. Forest finished high last season and are no easy match. It's the kind of draw that tells you straight away what level you're playing at now."
3a947879-e945-4f99-9b1a-c51d999aeaae,liverpool,t,news,routine,,archived,f,2026-08-11 22:49:26.374137+00,2026-08-12 00:49:26.374137,2026-08-11 22:49:25+00,,,,,,,,"Liverpool reportedly agreed terms with PSG's Bradley Barcola (winger), while PSG's manager Luis Enrique stayed tight-lipped on the situation.","Barcola, maybe Liverpool",Liverpool reportedly agreed terms with PSG's Barcola. PSG's manager won't comment.,"barcola.
liverpool 'agreed'.
psg stays quiet.","Like when your friend texts 'I think he's going to propose' but the guy's mum is totally silent on the family WhatsApp. Liverpool reportedly agreed terms, PSG's boss has said absolutely nothing.","Liverpool have reportedly agreed personal terms with PSG winger Bradley Barcola. PSG's manager Luis Enrique is staying quiet, which is saying something. Watch this space.","[""Tell him Liverpool have reportedly agreed terms with Bradley Barcola, PSG's winger. He'll know exactly who that is."", ""Ask him: would Barcola be the right fit for how Iraola wants Liverpool to play, or is there a better option?"", ""He'll probably say PSG never make transfers easy, so this could drag on a while before anything's official.""]",exciting,t,Liverpool reportedly agree terms with PSG's Barcola as manager stays tight-lipped.,f,{liverpool},412,"This one feels close. Liverpool have reportedly agreed personal terms with PSG's Bradley Barcola, the explosive French winger, though PSG boss Luis Enrique went full poker face when asked about it. Liverpool have been chasing Barcola all summer, with Arsenal also showing interest at various points. If it goes through, it would be a statement signing for Andoni Iraola's first big window as Liverpool's manager."
597d43e6-7234-4af2-9a82-460616dc6ecb,liverpool,t,news,routine,,archived,t,2026-08-11 22:49:45.330327+00,2026-08-12 00:49:45.330327,2026-08-11 22:49:44+00,2026-08-11 22:49:47.919+00,2026-08-12 00:49:47.919,0.04314455000000000000,00,,,,Liverpool fans are pushing back on the Jeff Bezos investment deal. The BBC says it won't make a marked difference to Liverpool's spending power.,Fans want a word,Liverpool fans are pushing back on the Bezos deal. BBC says it won't change spending much.,"bezos deal.
fans not
convinced.","Like getting excited about a new flatmate moving in, then finding out they're barely ever there and won't be paying more rent. Liverpool fans wanted Amazon money, not a silent investor.","The Jeff Bezos investment in Liverpool is getting a complicated reception. The BBC says it won't significantly boost their transfer budget, and fans are already writing to the club asking who will actually be in control.","[""Tell him the BBC says the Bezos deal won't actually boost Liverpool's transfer budget much. He'll want to debate that."", ""Ask him: does he think big-name ownership changes actually make clubs better, or is it just noise?"", ""Did you know Liverpool fans have already written to the club asking about who's really in control? The fan group Spirit of Shankly is not impressed.""]",drama,t,Liverpool fans push back on Bezos deal after BBC analysis says it won't boost spending power.,f,{liverpool},409,The Jeff Bezos deal isn't landing quite the way you might think. The BBC's analysis says the investment by the Bezos-linked consortium would 'not make a marked difference to Liverpool's spending power' and could 'sit uneasily with fans.' Liverpool's own supporters' group Spirit of Shankly has written to the club asking about ownership and control. This is less 'Amazon money incoming' and more 'steady now.'
44af8b9c-6a99-4350-80e4-7bbe9dc740fd,man_city,t,news,routine,,archived,t,2026-08-11 22:51:02.942373+00,2026-08-12 00:51:02.942373,2026-08-11 22:51:02+00,2026-08-11 22:51:04.868+00,2026-08-12 00:51:04.868,0.03209378333333333333,00,,,,"Maresca (City's new manager) explained why Haaland won't be the new captain. Bernardo Silva left this summer, so someone else is stepping up.",He'll have opinions,Maresca explained why Haaland won't be Man City captain. He'll want to debate this one.,"haaland.
not the captain.
maresca explains.",Like when the obvious choice for group chat admin doesn't get it and the organiser has a very specific logic. Maresca has his reasons for keeping the armband away from Haaland.,"Man City need a new captain after Bernardo Silva left at the end of last season. New boss Enzo Maresca says Haaland won't be getting the armband, with his own specific reasoning behind the call.","[""Tell him Maresca explained why Haaland isn't going to be Man City's captain this season. He'll have a strong take."", ""Ask him: who does he think should be City's captain if not Haaland?"", ""He'll probably say captaincy and Haaland's role don't mix, but he'll love explaining why.""]",drama,t,Maresca explains why Haaland won't be Manchester City's new captain.,f,{man_city},342,"Manchester City need a new captain after Bernardo Silva's departure at the end of last season. Manager Enzo Maresca has now been talking about his captaincy dilemma, and it sounds like Erling Haaland, despite being the obvious pick, won't be getting the armband. Maresca apparently has specific reasons, and they're not the ones you'd expect."
720906a1-12dd-4ce1-8c80-734636a9ca10,man_city,t,news,routine,,archived,t,2026-08-11 22:51:31.843472+00,2026-08-12 00:51:31.843472,2026-08-11 22:51:30+00,2026-08-11 22:51:34.032+00,2026-08-12 00:51:34.032,0.03647546666666666667,00,,,,Kalvin Phillips (Man City midfielder) is going back to Sheffield United on loan for the season. He hasn't played for City since 2023.,Phillips out the door,Phillips is going to Sheffield United on loan. Hasn't played for City since 2023.,"phillips.
back to sheff utd.
long loan.",Like returning to your old job on placement while your employer figures out what to do with you. Phillips is back at Sheffield United while City sort out his future.,Kalvin Phillips is heading back to Sheffield United on a season-long loan from Manchester City. He hasn't featured for City since 2023 and still has two years left on his contract at the Etihad.,"[""Tell him Kalvin Phillips is going back to Sheffield United on loan from City after not playing there since 2023. It's a very long detour."", ""Ask him: does he think Phillips can still make it back to the top level after this loan?"", ""He'll probably say it was always a strange signing and this basically confirms it.""]",drama,f,,f,{man_city},348,"It's another chapter in a strange saga. Manchester City midfielder Kalvin Phillips is joining Sheffield United on a season-long loan, returning to a club he once left behind. He hasn't played for City since 2023 and still has two more years on his contract. This is probably a move that works for everyone: he gets minutes, City clear a squad slot."
b33a6c4f-61a4-491a-89c7-fe54a2450f4a,man_utd,t,news,routine,,archived,f,2026-08-11 22:55:19.512898+00,2026-08-12 00:55:19.512898,2026-08-11 22:55:18+00,,,,,,,,Martinez is the last Man Utd player back from World Championship leave. Mount is expected to miss tomorrow's Leeds game at Croke Park.,Almost ready,"Martinez is back. Man Utd's squad is nearly set, but Mount misses Leeds tomorrow.",back in the camp,"Waiting for the last player to come back from holiday is like when your group chat finally stops being quiet, the gang's all here, almost.",Martinez is the final United player back from World Championship leave. The squad is nearly complete ahead of their Dublin pre-season camp.,"[""Martinez was the last one back, ask him if he thinks all the extended breaks are fair on players who stayed behind."", ""United are in Dublin for pre-season, has he been watching any of the games?"", ""Mount keeps getting injured, ask him if he thinks Mount will ever nail down a regular spot.""]",,f,,f,{man_utd},332,"Lisandro Martinez has finally rejoined the Manchester United training camp in Dublin, the last of the players given extended leave after the World Championship. The squad is almost at full strength ahead of the new season. One cloud though: Mason Mount is expected to miss tomorrow's pre-season friendly against Leeds at Croke Park."
2ee43ecd-7289-47b8-b528-e44231ec039c,newcastle,t,news,routine,,archived,t,2026-08-11 22:56:43.121203+00,2026-08-12 00:56:43.121203,2026-08-11 22:56:42+00,2026-08-11 22:56:46.102+00,2026-08-12 00:56:46.102,0.04967995000000000000,00,,,,"Matthias Jaissle officially unveiled as Newcastle manager at St James' Park, the German shook every journalist's hand before sitting down.","New era, new boss","Jaissle unveiled at St James' Park. Calm in public, fierce on the touchline apparently.",the new man in charge,"Getting a new manager is like when a new teacher takes over a class mid-year, everyone's reading them to figure out if this is going to be okay.",Jaissle was officially unveiled at St James' Park today. The 38-year-old German is optimistic despite a summer of big departures.,"[""He seems calm but apparently he's intense on the touchline, ask him what he's seen of Jaissle and what he thinks."", ""Newcastle lost Guimaraes this summer, ask him whether he thinks the squad can cope without him."", ""Jaissle is relatively unknown to English fans, does he know much about the new manager?""]",,f,,f,{newcastle},470,"Matthias Jaissle has been formally unveiled as Newcastle's new head coach. The 38-year-old German, who replaced Eddie Howe after the Saudi owners made the switch, shook every journalist's hand before sitting down at St James' Park today. He's been described as 'fire' and a 'rockstar' behind the scenes, but at the press conference he came across as measured and optimistic. He's aware it's a big job after a turbulent summer: Guimaraes, Tonali and others have all gone."
66b9c657-4203-435d-848a-6748f73f42a3,nottm_forest,t,news,routine,,archived,t,2026-08-11 22:57:38.202103+00,2026-08-12 00:57:38.202103,2026-08-11 22:57:36+00,2026-08-11 22:57:40.978+00,2026-08-12 00:57:40.978,0.04626495000000000000,00,,,,Nottingham Forest have signed Côte d'Ivoire defender Ousmane Diomande from Sporting for a reported £34.2m on a four-year deal.,Big money defender in,Forest have signed Diomande from Sporting for around £34m on a four-year deal.,a statement signing,"Spending £34m on a 22-year-old is the football equivalent of buying the good coffee machine for the office, you're serious now.",Nottingham Forest have signed 22-year-old Côte d'Ivoire defender Ousmane Diomande from Sporting for a reported £34.2m on a four-year deal.,"[""Forest have spent big on a defender, ask him if he thinks they're setting up to push for Europe again."", ""Diomande played at the World Championship with Côte d'Ivoire, was he watching that side this summer?"", ""Forest face Leeds in both the league opener and the Carabao Cup, ask if he thinks it'll be a proper rivalry.""]",,f,,f,{nottm_forest},298,"Nottingham Forest have landed Ousmane Diomande from Sporting for a reported £34.2m. The 22-year-old Côte d'Ivoire centre-back played at this summer's World Championship and has signed a four-year deal at the City Ground, with the option of a fifth. Forest are building seriously for the new season."
f245bb32-c83a-4b03-8a6e-55c6b399f9a0,spurs,t,news,routine,,archived,f,2026-08-11 22:58:41.675445+00,2026-08-12 00:58:41.675445,2026-08-11 22:58:40+00,,,,,,,,Djed Spence is set to leave Spurs for Inter Milan for around £25m after losing his spot to Robertson and Porro.,Spence likely gone,Spence is in talks to join Inter for around £25m. He's behind Robertson and Porro now.,out of the picture,"Being the third-choice right-back at a club where you used to start is like being bumped to the aisle seat on a flight you booked months ago, technically fine, but not what you signed up for.",Djed Spence is set to leave Spurs for Inter Milan for around £25m after Robertson joined and pushed him down the pecking order.,"[""Spence started four World Championship games but still can't get in at Spurs, ask him if he thinks it's the right move for Spence to leave."", ""De Zerbi is Spurs' third manager in two years, ask him if he thinks this one will finally get them back in the top half."", ""Spurs signed Robertson but still kept Spence long enough that he played at the World Championship, ask him if the club handled that well.""]",,f,,f,{spurs},380,"Djed Spence looks set to leave Tottenham, with Inter Milan in talks to sign him for around €30m (£25.6m). The England right-back started four World Championship games, including the semi-final, but has fallen out of favour at Spurs since Andy Robertson joined from Liverpool. De Zerbi is expected to use Udogie and Porro as his first-choice full-backs, leaving no room for Spence."
5b9603db-22a5-4447-9e23-58b15ab8976d,arsenal,t,news,routine,,archived,t,2026-08-12 22:39:20.94955+00,2026-08-13 00:39:20.94955,2026-08-12 22:39:19+00,2026-08-12 22:39:26.313+00,2026-08-13 00:39:26.313,0.08939083333333333333,00,2026-08-16 14:00:00+00,,,Arsenal face Man City in Sunday's Community Shield at Cardiff. The season starts here.,Cancel Sunday plans,Arsenal vs Man City in the Community Shield this Sunday in Cardiff. Season opener.,"arsenal vs city.
sunday. cardiff.
first trophy.",Like bumping into your ex at someone else's party at the end of summer. Arsenal and City both need to figure out who's setting the tone before the year really begins.,"Arsenal and Man City meet in Sunday's Community Shield at Cardiff's Principality Stadium. Arsenal are defending Premier League champions. It's the first trophy match of the new season, and the Premier League kicks off the following weekend.","[""He's had this Sunday circled since the fixtures dropped. Tell him you're watching with him."", ""This is literally the first trophy of the new football year. He'll act like it's low-key, then get very invested."", ""Ask him: does he think the Community Shield actually matters, or is it just a warm-up?""]",exciting,t,Arsenal vs Man City in Sunday's Community Shield in Cardiff. First trophy of the 2026-27 season.,t,"{arsenal,man_city}",501,"Arsenal take on Man City in the Community Shield this Sunday at the Principality Stadium in Cardiff. As defending Premier League champions, Arsenal get to start the new season by playing for a trophy.

Arteta (Arsenal's manager) said this week there's still more he wants to do in the transfer market, but Sunday's game is the first real test of what he's built so far.

Man City will arrive in Cardiff wanting to send a message early. Big game energy before a ball has even been kicked in the league."
c336176d-4368-46d1-8f24-a2d12949f2e1,arsenal,t,news,routine,,archived,t,2026-08-12 22:39:40.550545+00,2026-08-13 00:39:40.550545,2026-08-12 22:39:39+00,2026-08-12 22:39:42.67+00,2026-08-13 00:39:42.67,0.03532425000000000000,00,,,,Guimaraes (Arsenal's new midfielder) made his debut today in a 1-1 draw with Como. Arsenal won 4-3 on penalties.,First impressions,"Arsenal drew 1-1 with Como, won on pens. Guimaraes looked assured on debut.","guimaraes debuts.
draw with como.
assured performance.",Like getting your first look at a new Hinge match's energy before you've even met. Promising so far. Sunday is the real test.,"Arsenal's new £75m signing Bruno Guimaraes played his first game for the club today, with the BBC noting an assured performance in a 1-1 friendly draw with Como. Arsenal won 4-3 on penalties. The Community Shield against Man City is on Sunday.","[""Tell him Guimaraes looked assured on his debut today. He'll be straight to the highlights."", ""Their new signing played his first ever game for Arsenal today. A friendly, yes, but it's a start."", ""Ask him: does a solid debut change how optimistic he is about Guimaraes for Sunday?""]",exciting,f,,f,{arsenal},429,"Bruno Guimaraes made his Arsenal debut in a 1-1 pre-season friendly with Como at the Emirates today, and the early signs were good. The BBC reported he put in 'an assured performance' in his first appearance for the club.

Arsenal signed Guimaraes from Newcastle for £75m this summer. The friendly ended 1-1, with Arsenal winning 4-3 on penalties.

The Community Shield against Man City is this Sunday. Today was the last warmup."
f4859821-50cc-4b95-a28a-e379382dbc6b,aston_villa,t,news,routine,,archived,t,2026-08-12 22:41:17.508322+00,2026-08-13 00:41:17.508322,2026-08-12 22:41:16+00,2026-08-12 22:41:20.672+00,2026-08-13 00:41:20.672,0.05272796666666666667,00,,,,"Aston Villa lost 2-1 to PSG in tonight's UEFA Super Cup final. Kvaratskhelia scored first, a 17-year-old equalised, then Doue won it late.",He might need a hug,"Villa lost 2-1 to PSG in the Super Cup final. A teenager equalised, then Doue nicked it.","villa 1-2 psg.
super cup final.
so close.","Like matching with someone on Hinge, chatting for a week, then them going quiet the night before the first date. The almost-got-there ones are the worst.","Aston Villa lost 2-1 to PSG in the UEFA Super Cup final tonight. They came back to equalise through a teenager making his debut, then lost to a VAR-approved winner. Close but not close enough.","[""He's been excited about this all week. Tell him you saw the score. Maybe offer chips."", ""Villa actually equalised through a 17-year-old on his debut. He'll want to talk about that part."", ""Ask him: does losing a trophy final to PSG hurt more or less than a bad league result?""]",bad_news,t,PSG beat Aston Villa 2-1 in the UEFA Super Cup final. Doue scored the late winner.,f,{aston_villa},556,"Aston Villa lost 2-1 to PSG in the UEFA Super Cup final tonight. Kvaratskhelia (PSG's Georgian winger) gave PSG the lead, before 17-year-old Brian Madjo came off the bench to equalise for Villa on his debut. Then Desire Doue (PSG winger) scored the winner after a VAR check confirmed he was onside.

It's a painful one. Villa reached a European trophy final and came so close. The Super Cup is contested between the Champions League winners and the Europa League winners.

The Premier League season begins on August 23 for Villa. A new chapter starts then."
a499d07c-3644-4e93-8512-4f64cd026a26,chelsea,t,news,routine,,archived,t,2026-08-12 22:43:42.045717+00,2026-08-13 00:43:42.045717,2026-08-12 22:43:40+00,2026-08-12 22:43:45.787+00,2026-08-13 00:43:45.787,0.06235471666666666667,00,,,,Chelsea have signed Pep Chavarria (left-back) for £16m on a five-year deal. He came up through the Spanish lower leagues in his mid-20s.,He'll have questions,Chelsea signed left-back Chavarria for £16m. Five years. A late-bloomer from Spain.,"chavarria signed.
new left-back.
five-year deal.",Like when a TikTok creator suddenly blows up at 28 after years of tiny view counts. The late breakthrough nobody predicted.,"Chelsea have signed Pep Chavarria, a left-back who spent most of his career in the Spanish lower leagues before getting his big break. He joins on a five-year deal for £16m, replacing Marc Cucurella who left for Real Madrid.","[""Tell him Chelsea signed a new left-back today. He'll immediately start looking him up."", ""This guy played in the Spanish lower leagues until his mid-20s, then got a £16m move to Chelsea. The late-bloomer transfer."", ""Ask him: does Xabi Alonso (Chelsea's manager) usually back unusual profile signings, or is this out of character?""]",drama,f,,f,{chelsea},478,"Chelsea have signed Pep Chavarria, a left-back who only broke through professionally in his mid-20s after years in the Spanish lower leagues. He joins on a five-year deal for £16m.

Chelsea needed cover after Marc Cucurella left for Real Madrid earlier this summer. Chavarria is a classic late-bloomer, which either makes for a good story or raises eyebrows.

Xabi Alonso (Chelsea's manager) has had a busy summer building his squad. This is one of the more unexpected signings."
6924aa38-0b84-4aca-be2a-cbdf2a4a8d86,everton,t,news,routine,,archived,t,2026-08-12 22:45:45.842198+00,2026-08-13 00:45:45.842198,2026-08-12 22:45:44+00,2026-08-12 22:45:49.487+00,2026-08-13 00:45:49.487,0.06074670000000000000,00,,,,Everton striker Sherif has been charged by the FA for allegedly placing 61 bets on football matches. A lengthy ban could follow.,He's going to dig into this,Everton striker Sherif charged with 61 alleged bets on matches. Big ban incoming.,"sherif.
61 bets.
fa charge.",Like a referee getting caught quietly betting on the games they were officiating. You're not supposed to have any stake in the outcome.,"Everton striker Sherif has been charged by the FA for allegedly placing 61 bets on football matches. Players are prohibited from betting on any football, and the FA will now investigate. A ban could follow before the season has even started.","[""Tell him Everton have an FA charge to deal with before the season's even started. He'll have very specific thoughts."", ""He'll probably focus on the number 61. It's not a one-off mistake. That's months of decisions."", ""Ask him: what's the usual ban length for a player charged with betting violations?""]",drama,t,Everton striker Sherif charged with 61 alleged bets on football matches by the FA.,f,{everton},463,"Everton striker Sherif has been charged by the FA for allegedly placing 61 bets on football matches. The charges were confirmed by the BBC and The Independent today.

Professional footballers are not allowed to bet on any football matches, so the number here is significant. The FA will now conduct a disciplinary process, and a lengthy ban is a possibility.

This lands right as Everton are preparing for the new Premier League season, which starts on August 22."
7625ae96-38d0-4e44-8920-7098bb05bd44,liverpool,t,news,routine,,archived,t,2026-08-12 22:58:42.66518+00,2026-08-13 00:58:42.66518,2026-08-12 22:58:41+00,2026-08-12 22:58:46.966+00,2026-08-13 00:58:46.966,0.07168033333333333333,00,,,,"Arne Slot won Liverpool the title then got sacked, now he is turning down the Netherlands job","Won the league, lost the job","Slot won Liverpool the title, got sacked, and is now turning down the Netherlands job.","the manager who
won then got sacked","Imagine delivering the best results at work, getting let go anyway, and then turning down the next big job because you already have something better lined up.","Arne Slot won Liverpool the Premier League title last season, then was let go in May. He is now reportedly walking away from talks with the Netherlands national team to focus on returning to club management.","[""Liverpool won the title under Slot, then sacked him. Does your partner think they made the right call?"", ""Ask him: which club does he think Slot will end up at next?"", ""Who does he think Liverpool should bring in as manager to replace what Slot built?""]",drama,t,Arne Slot walks away from Netherlands job talks after Liverpool sacking,t,{liverpool},383,"Liverpool's former manager Arne Slot led the club to the Premier League trophy last season, then was let go in May. Now he's in the news again: he has apparently walked away from talks with the Netherlands national team, because he wants to go straight back into club management. The man who gave your partner's team the title is already plotting his comeback, just not at Liverpool."
de06bd12-d50d-40bb-83e7-532c32911da8,man_city,t,news,routine,,archived,t,2026-08-12 22:59:03.671199+00,2026-08-13 00:59:03.671199,2026-08-12 22:59:02+00,2026-08-12 22:59:06.956+00,2026-08-13 00:59:06.956,0.05474668333333333333,00,,,,Man City sign keeper Geronimo Rulli as back-up for a bargain £1.7m,City bought a champion for £1.7m,Man City signed Geronimo Rulli as back-up keeper for £1.7m. A champion on the cheap.,"backup keeper,
big trophy cabinet","Think of it like hiring a former Michelin-starred chef as the weekend cover at a good restaurant. Technically overkill, but nobody is complaining.",Geronimo Rulli is a World Championship winner who has joined Man City as their backup goalkeeper for just £1.7m. It is a low-key piece of business that adds serious depth to the City squad.,"[""Man City just signed a backup keeper with a serious trophy cabinet for £1.7m. Does your partner think squad depth like this is what separates title contenders?"", ""Ask him: does a strong backup goalkeeper actually change a season, or is it just nice to have?"", ""City keep making quiet, sensible signings. Does he think this summer has made them stronger overall?""]",exciting,f,,f,{man_city},424,"Man City have made a quiet but interesting addition to their squad: goalkeeper Geronimo Rulli has joined as back-up for a fee of just £1.7m. What makes the deal stand out is Rulli's CV, he is a World Championship winner, meaning City now have a goalkeeping reserve with the sport's biggest individual prize on his mantelpiece. It's the kind of low-key, smart business that tends to slide under the radar at the bigger clubs."
0c407324-e479-44ac-996c-8357bc9ce2f0,man_utd,t,news,routine,,archived,t,2026-08-12 22:59:22.831319+00,2026-08-13 00:59:22.831319,2026-08-12 22:59:22+00,2026-08-12 22:59:24.759+00,2026-08-13 00:59:24.759,0.03212801666666666667,00,,,,"New Man Utd signing Tielemans says United are 'above' Aston Villa, the club he just left for £35m",He left Villa and has no regrets,Tielemans left Villa for United and is already saying Utd are 'above' his old club.,"new signing,
not keeping quiet","Think of a new colleague on their first week who mentions their last company was good, but honestly, this place is on another level. Bold move before the first big project.",Youri Tielemans joined Manchester United from Aston Villa for £35m this summer. He has already publicly said that United are 'above' his former club.,"[""Tielemans cost £35m from Villa and is already saying United are 'above' his old club. Does your partner think that's a fair call?"", ""Ask him: what does he think Tielemans brings to United's midfield?"", ""Tell him what Tielemans said about Villa and see how he reacts. Easy conversation starter.""]",drama,f,,f,"{man_utd,aston_villa}",422,"Manchester United's new signing Youri Tielemans has wasted no time settling in, and he's already making some bold claims. The Belgian midfielder, who cost United a reported £35m from Aston Villa, has gone on record saying that United are 'above' his old club. It's the kind of arrival statement that gives your partner something to talk about, because depending on the Villa fans in his circle, this could get interesting."
6af99ebd-fc33-4953-9862-321f0ae175bd,newcastle,t,news,routine,,archived,t,2026-08-12 23:07:47.355368+00,2026-08-13 01:07:47.355368,2026-08-12 23:07:46+00,2026-08-12 23:07:50.425+00,2026-08-13 01:07:50.425,0.05116053333333333333,01,,,,Newcastle lost 3-1 to Everton at Murrayfield as new manager Jaissle says he's 'aware' of what's needed,"New boss, rocky start, still upbeat",Newcastle lost 3-1 to Everton at Murrayfield. Jaissle says he's 'aware' of the gaps.,"rough start.
new man, still smiling","Like starting a new job and your first presentation tanks, but you're already thinking about the next one. Optimism before the real test arrives.","Matthias Jaissle is Newcastle's new manager and he watched his side lose 3-1 to Everton at Murrayfield today. Despite the result, he says he is 'quite optimistic' about the season ahead.","[""Newcastle lost 3-1 before the season even starts, but the new manager says he's optimistic. Does your partner think that's realistic?"", ""Ask him: what does he know about Matthias Jaissle and why Newcastle brought him in?"", ""The press are calling Jaissle a 'rock star' manager. Does he think that's a good fit for what Newcastle need right now?""]",bad_news,f,,f,{newcastle},508,"Newcastle's new manager Matthias Jaissle watched his side lose 3-1 to Everton in a Murrayfield pre-season friendly today, with Sky Sports describing the performance as 'lacklustre'. But Jaissle isn't panicking: the BBC reports he is 'aware' of what the squad needs, and the Guardian quotes him saying he is 'quite optimistic' about the season ahead. For your partner, this is the opening chapter of a new era at Newcastle: a manager the press have called a 'rock star', taking stock after a turbulent summer."
d4e5423e-605e-4278-8ee5-49b22ff0d2d1,nottm_forest,t,news,routine,,archived,t,2026-08-12 23:08:09.188833+00,2026-08-13 01:08:09.188833,2026-08-12 23:08:08+00,2026-08-12 23:08:13.363+00,2026-08-13 01:08:13.363,0.06956945000000000000,01,,,,"Nottingham Forest beat Bayer Leverkusen 2-1 in pre-season, level at half time then a second-half winner",His team beat Leverkusen today,"Forest beat German giants Leverkusen 2-1 in pre-season. Level at half time, then a winner.","beat leverkusen
2-1 today",Like winning a warm-up match against the other team's best squad before the real thing starts. Sets the tone nicely.,Nottingham Forest beat Bayer Leverkusen 2-1 in pre-season today. They were level at half time before scoring the winning goal in the second half.,"[""Forest just beat Leverkusen 2-1 in pre-season. Does your partner think that's a sign they're ready for a strong season?"", ""They were 1-1 at half time and came out and won it. Does he think that kind of fight is what Forest have been missing?"", ""Ask him: what does he think Forest need to focus on before the season properly kicks off?""]",exciting,f,,f,{nottm_forest},389,"Nottingham Forest produced their best result of pre-season today, fighting back from a 1-1 draw at half time to beat Bayer Leverkusen 2-1. Leverkusen are one of European football's top sides, which makes this a genuinely impressive warm-up win for Forest ahead of the new season. A second-half goal sealed it, and Forest will head into the new campaign with some real momentum to build on."
191b5ca3-41c3-43d9-aeb5-d9ac9228a691,spurs,t,news,routine,,archived,t,2026-08-12 23:08:30.702726+00,2026-08-13 01:08:30.702726,2026-08-12 23:08:29+00,2026-08-12 23:08:33.377+00,2026-08-13 01:08:33.377,0.04457123333333333333,01,,,,Atletico Madrid agree £34.2m deal for Spurs captain Cristian Romero,Captain Romero is on his way out,Atletico Madrid have agreed £34.2m for Spurs captain Cristian Romero. Big loss.,"captain sold,
big questions now","Imagine the team captain at work quietly accepting an offer from a rival firm. Useful financially, but suddenly the whole dynamic shifts.",Cristian Romero has been Tottenham's captain and one of their best defenders. Atletico Madrid have now agreed a £34.2m fee to take him to Spain.,"[""Spurs are selling their captain Romero for £34.2m to Atletico. Does your partner think that's the right call or a big mistake?"", ""Ask him: who does he think should be the new Spurs captain once Romero's gone?"", ""Tell him the captain is leaving and see how he reacts. That's an easy conversation starter.""]",drama,t,Tottenham selling captain Romero to Atletico Madrid for £34.2m,f,{spurs},456,"Tottenham's captain Cristian Romero is heading for the exit door, with Atletico Madrid agreeing a fee of £34.2m to take him to Spain. The BBC, Sky Sports and the Guardian have all confirmed the deal has been struck, meaning Spurs are about to lose one of their most influential defenders. For your partner, this is the kind of news that tends to divide fans: the captain is leaving, the money is reasonable, and the question now is who steps up in defence."
6cd12be0-ca13-40e8-bbb1-5f0f61a242b7,arsenal,t,news,routine,,archived,f,2026-08-13 22:43:55.062324+00,2026-08-14 00:43:55.062324,2026-08-13 22:43:53+00,,,,,,,,Arsenal are inviting offers for Martinelli (winger) and Nwaneri (young midfielder). Galatasaray are in talks.,Squad news,Arsenal are making Martinelli and Nwaneri available for transfer.,"martinelli.
nwaneri.
both available.",Like finally unmatching all your Hinge backups at once. Arsenal are having a clear-out.,"Arsenal are inviting offers for both Martinelli and Nwaneri, with Galatasaray in talks. A significant squad shake-up before the season starts.","[""Mention Martinelli might be leaving Arsenal and see what reaction you get. He'll have a strong take either way."", ""Did you know Arsenal are also potentially selling Nwaneri, their young midfielder? Two out at once."", ""Ask him: is this the right clear-out, or will Arteta regret it?""]",drama,t,"Arsenal are inviting offers for Martinelli and Nwaneri, with Galatasaray in discussions.",f,{arsenal},370,"Arsenal have put two players in the window. Gabriel Martinelli and Nwaneri are both available for sale, with Galatasaray already in discussions.

It's a big window at the Emirates. Arteta (Arsenal's manager) is reshaping his squad before the new season kicks off next week.

Watch this space, because who comes in to replace them could matter just as much as who leaves."
c6068a30-7956-43b9-aacc-b0ae0f2a1f70,aston_villa,t,news,routine,,archived,t,2026-08-13 22:45:24.819616+00,2026-08-14 00:45:24.819616,2026-08-13 22:45:23+00,2026-08-13 22:45:28.46+00,2026-08-14 00:45:28.46,0.06067306666666666667,00,,,,"Tielemans (Villa's ex-midfielder, now at Man Utd) said he'd moved to a bigger club. He's now apologised to Villa fans.",He'll take this personally,"Tielemans, ex-Villa midfielder, said Man Utd is a bigger club. He's apologised.","tielemans.
called utd bigger.
now apologising.",Like when your ex posts an upgrade selfie then DMs you it wasn't about you. Tielemans did the football version.,"Youri Tielemans, who left Villa for Man Utd, suggested he had moved to a bigger club. He has since apologised to Villa fans after the comments caused a backlash.","[""Bring up Tielemans's apology. [His name] either thinks it's hilarious or genuinely annoying."", ""Did you know Tielemans actually had to publicly say sorry to Villa fans this week?"", ""Ask him: do you accept the apology, or is that just not how football works?""]",drama,t,Tielemans apologises to Aston Villa fans after claiming Man Utd are a bigger club.,f,"{aston_villa,man_utd}",353,"Youri Tielemans (Villa's former midfielder, now at Man Utd) found himself in hot water after suggesting he'd moved to a bigger club when he left Villa for Manchester United.

Villa fans weren't having it. Tielemans has since apologised publicly.

Depending on [his name]'s feelings about Tielemans, this is either genuinely funny or properly irritating."
1d36a264-de37-4293-82e6-94e529b69544,bournemouth,t,news,routine,,archived,t,2026-08-13 22:46:31.707326+00,2026-08-14 00:46:31.707326,2026-08-13 22:46:30+00,2026-08-13 22:46:34.979+00,2026-08-14 00:46:34.979,0.05452790000000000000,00,,,,Enes Unal has left Bournemouth for Getafe. The move is confirmed.,Off to Spain,Enes Unal has left Bournemouth for Getafe. Confirmed deal.,"unal.
done deal.
getafe bound.",Like an ex sliding back into the DMs of the person they dated before you. Unal's gone back.,"Enes Unal has completed his move from Bournemouth to Getafe, a club he's played for before. A confirmed transfer as the new season approaches.","[""Mention Unal's done deal to Getafe and see how [his name] reacts. Was he a fan of the player?"", ""Did you know Unal is actually going back to a club he's played for before?"", ""Ask him: is this a loss for Bournemouth or just one out of the door before the season starts?""]",drama,f,,f,{bournemouth},318,"Bournemouth have sold Enes Unal back to Getafe, the Spanish club he previously played for. The move has been confirmed.

It's a straightforward one. Unal is heading back to Spain, and Bournemouth continue their squad reshaping ahead of a debut European season.

New boss Marco Rose will now be looking at who comes in."
850c6fda-4763-492c-8b41-f2806a855036,brighton,t,news,routine,,archived,f,2026-08-13 22:47:59.254633+00,2026-08-14 00:47:59.254633,2026-08-13 22:47:58+00,,,,,,,,Genoa have made contact about a loan for Evan Ferguson. Very early stage but worth watching for Brighton fans.,Ferguson watch,Genoa have made contact over a loan for Brighton's Evan Ferguson. Early stages.,"ferguson.
genoa loan?
early days.",Like a flatmate doing a temporary move while keeping their room. Could be the last box.,"Genoa have made contact over a potential loan for Brighton's Evan Ferguson. Nothing confirmed yet, but Brighton need their players available for a European season.","[""Mention Genoa are interested in borrowing Ferguson and see how [his name] reacts."", ""Did you know Brighton might loan out Ferguson just as the new season is about to start?"", ""Ask him: does Ferguson need to go on loan to get regular game time, or should Brighton keep him?""]",drama,f,,f,{brighton},276,"Genoa have contacted Brighton about taking Evan Ferguson on loan. It's early days, nothing confirmed.

Brighton are already stretched thin this season according to reports, so losing Ferguson even temporarily would be a big deal.

One to keep an eye on over the next few days."
f3955efc-b231-456d-b33c-dea37d33c1c5,chelsea,t,news,routine,,archived,f,2026-08-13 22:49:41.937139+00,2026-08-14 00:49:41.937139,2026-08-13 22:49:40+00,,,,,,,,Chelsea have set a Friday deadline for clubs interested in midfielder Enzo Fernandez. They want £120m.,Fernandez deadline,"Chelsea want £120m for midfielder Enzo Fernandez, with a Friday deadline for bids.","enzo fernandez.
£120m deadline.
friday's the day.",Like adding a countdown to a Hinge match before unmatching them. Chelsea need an answer by Friday.,"Chelsea are ready to sell Enzo Fernandez for £120m and have given interested clubs until Friday to make an offer. High stakes, tight timeline.","[""Drop 'Chelsea are trying to sell Enzo Fernandez for £120m' and watch [his name] react."", ""Did you know the deadline for bids is Friday? Clubs have about 24 hours to make an offer."", ""Ask him: would losing Fernandez hurt Chelsea, or is Alonso ready to move on?""]",drama,t,Chelsea have set a Friday deadline for clubs interested in Enzo Fernandez. The price tag is £120m.,f,{chelsea},367,"Clubs interested in signing Enzo Fernandez (Chelsea's midfielder) have until Friday to put an offer on the table. Chelsea want £120m.

It's a big ask at a big price, but the deadline makes this real. Either someone blinks before Friday, or Fernandez stays.

Alonso (Chelsea's new manager) is reshaping the squad. Whether Fernandez fits the vision is the big question."
b284c7c6-3e1b-4679-af21-5a57dc473688,fulham,t,news,routine,,archived,t,2026-08-13 22:51:51.898335+00,2026-08-14 00:51:51.898335,2026-08-13 22:51:50+00,2026-08-13 22:52:05.232+00,2026-08-14 00:52:05.232,0.22222775000000000000,00,,,,Fulham walked off the pitch during a pre-season friendly with Malaga. Malaga then scored a penalty into the empty net. Fulham's coach Arbeloa was red-carded.,They walked off,Fulham walked off the pitch mid-friendly. Malaga scored into the empty net anyway.,"fulham.
walked off the pitch.
malaga still scored.",Like leaving the group chat mid-argument. They sent the voice note anyway.,Fulham walked off the pitch during their pre-season game with Malaga before a penalty shootout. Malaga scored the penalty into an empty net. Their coach was also red-carded. Quite the pre-season.,"[""Tell [him] Fulham walked off the pitch and Malaga scored into an empty net anyway. Start there."", ""Did you know their coach Arbeloa was red-carded in all the chaos?"", ""Ask him: were Fulham right to walk off, or was it embarrassing?""]",drama,t,Fulham walked off the pitch in a pre-season friendly. Malaga then scored a penalty into the empty net.,f,{fulham},401,"Fulham's pre-season game against Malaga ended in complete chaos on Wednesday. The Premier League side walked off before a penalty shootout.

Malaga went ahead and took the penalty anyway, scoring into an empty net with no goalkeeper present. Arbeloa (Fulham's coach) was also red-carded during the drama.

Fulham have since responded publicly, though whatever he thinks about it will be worth hearing."
65817547-5ba4-4353-99ab-d8b05117572f,leicester,f,news,routine,,archived,t,2026-08-13 22:53:40.421676+00,2026-08-14 00:53:40.421676,2026-08-13 22:53:39+00,2026-08-13 22:53:43.209+00,2026-08-14 00:53:43.209,0.04645540000000000000,00,,,,"Leicester City are up for sale. Thai owners King Power are hoping to sell the club after 16 years, for more than £200m.",He might have thoughts,Leicester City's owners are selling the club for more than £200m. Sixteen years.,"king power.
selling leicester.
16 years, done.",Like the person who always buys the rounds suddenly putting the card away for good.,"Leicester City's Thai owners King Power are looking to sell the club after 16 years, with a price tag of more than £200m. A significant end of an era for Leicester, who are now in League One.","[""Tell [him] Leicester City are officially up for sale. The owners want more than £200m."", ""Did you know King Power have owned Leicester for 16 years, through all the highs and lows?"", ""Ask him: who would realistically buy Leicester now, and does it change their prospects?""]",drama,t,Leicester City are up for sale. Thai owners King Power want more than £200m after 16 years.,t,{leicester},343,"King Power, the Thai owners of Leicester City, have put the club up for sale after 16 years. They're looking for more than £200m.

Leicester are currently in League One after successive relegations, making the timing pretty significant. This is the end of a whole chapter for the club.

Who buys them, and what happens next, is the real story."
767f9d31-fc59-4693-8e8d-c6fc1481fbe0,liverpool,t,news,routine,,archived,f,2026-08-13 22:55:06.219563+00,2026-08-14 00:55:06.219563,2026-08-13 22:55:05+00,,,,,,,,Inter Milan could be about to test Liverpool with a £30m bid for midfielder Curtis Jones. Reports say a bid is imminent.,Curtis Jones watch,"Inter Milan could bid £30m for Liverpool midfielder Curtis Jones, per reports.","curtis jones.
inter looking.
£30m on the table?",Like finding out Inter Milan follow you on LinkedIn.,"Inter Milan are reportedly prepared to bid £30m for Liverpool's Curtis Jones. Nothing confirmed, but the Italian club have been monitoring him all summer.","[""Mention Inter Milan might bid £30m for Curtis Jones and see if [his name] has feelings."", ""Did you know Jones has been in the transfer rumour columns all summer, with Inter the main suitors?"", ""Ask him: would £30m be good business for Liverpool, or do they need to keep Jones?""]",drama,f,,f,{liverpool},347,"Curtis Jones (Liverpool's midfielder) has been the subject of transfer speculation all summer, and it could be heating up. Inter Milan are reportedly ready to test Liverpool with a £30m bid.

Nothing confirmed yet, and Liverpool might simply reject it. But at £30m, it's a number that makes the question real.

One to watch over the next few days."
06465788-9265-4813-8861-b5f3350bdbff,man_city,t,news,routine,,archived,t,2026-08-13 22:56:45.206142+00,2026-08-14 00:56:45.206142,2026-08-13 22:56:44+00,2026-08-13 22:56:48.383+00,2026-08-14 00:56:48.383,0.05294763333333333333,00,,,,Man City have agreed a £52m deal to sell Tijjani Reijnders (midfielder) to Saudi Pro-League side Al-Qadsiah. He only joined last year.,Saudi money wins again,Man City agreed to sell midfielder Reijnders to Al-Qadsiah for £52m. One year was enough.,"reijnders.
£52m saudi deal.
one year at city.","Like signing a year-long Reformer Pilates contract, doing three sessions, then cancelling.",Man City have agreed to sell Tijjani Reijnders to Saudi side Al-Qadsiah for £52m after just one year at the club. Another squad change as Maresca rebuilds the team.,"[""Tell [him] Reijnders is leaving City after one year for £52m Saudi money. See how he takes that."", ""Did you know Reijnders only joined City a year ago? The Saudi offer was clearly more appealing."", ""Ask him: is the Saudi league actually a problem for the Premier League, or just money doing what money does?""]",drama,t,"Man City have sold Tijjani Reijnders to Saudi's Al-Qadsiah for £52m, one year after signing him.",f,{man_city},359,"Tijjani Reijnders (Man City's midfielder) is heading to the Saudi Pro-League. City have agreed a £52m deal with Al-Qadsiah, just one year after he joined.

It's become a pattern across the league. The Saudi clubs offer money that's hard to refuse, and players move on earlier than expected.

Another squad reshuffle for Maresca (City's new manager) to manage."
e005c3c5-b371-4fde-895f-4b68ca5bc52c,man_city,t,news,routine,,archived,t,2026-08-13 22:57:02.672409+00,2026-08-14 00:57:02.672409,2026-08-13 22:57:01+00,2026-08-13 22:57:05.285+00,2026-08-14 00:57:05.285,0.04354318333333333333,00,,,,Jeremy Doku (Man City winger) has signed a new contract at the club as Maresca's squad starts to take shape.,Doku's staying,Jeremy Doku has signed a new contract at Man City. Backing the new boss.,"doku.
new deal at city.
backing maresca.",Like staying with your gym even after they replaced the trainer you loved. Doku trusts Maresca.,"Jeremy Doku has signed a new contract at Manchester City, committing to the club as new manager Maresca shapes his squad ahead of the season.","[""Tell [him] Doku signed a new City contract. Good news in the middle of all the squad changes."", ""Did you know Doku re-committed even while the squad is being rebuilt around a new manager?"", ""Ask him: is Doku the kind of player who could become City's main man this season?""]",exciting,f,,f,{man_city},347,"Jeremy Doku (Man City's winger) has committed his future to the club, signing a new contract as Maresca (City's new manager) builds his squad for the season.

It's a positive signal. With Bernardo Silva gone and Reijnders now heading to Saudi Arabia, holding onto Doku matters.

For [his name], this is one less thing to worry about at the Etihad."
89b27ae1-6ffb-4e2f-b7cd-c4cac79a0a9d,man_utd,t,news,routine,,archived,t,2026-08-13 22:58:20.498255+00,2026-08-14 00:58:20.498255,2026-08-13 22:58:19+00,2026-08-13 22:58:23.152+00,2026-08-14 00:58:23.152,0.04422908333333333333,00,,,,"Marcus Rashford (Man Utd's winger) is back after his Barcelona loan, but Carrick (Man Utd's manager) says his future at the club is still uncertain.",He'll have questions,"Marcus Rashford is back from his Barcelona loan but could still leave, Carrick says.","rashford's back.
but could leave again.
carrick's call.",Like an ex returning from a gap year. Nobody knows if they're really back.,"Marcus Rashford is back at Manchester United after his loan at Barcelona, but his long-term future is still uncertain. Carrick has been publicly discussing the situation this week.","[""Mention Rashford is back at Utd but might leave again. See how [his name] takes that."", ""Did you know Carrick also admitted United can't compete with the top spenders right now?"", ""Ask him: should Rashford stay or go, now that he's returned from Barcelona?""]",drama,t,"Rashford is back at Man Utd after Barcelona, but his future remains uncertain.",f,{man_utd},477,"Marcus Rashford (Man Utd's winger) has returned from his loan spell at Barcelona, but his future at Old Trafford isn't settled. Carrick (Man Utd's manager) has been talking publicly about the situation, suggesting a decision still needs to be made.

Carrick also admitted this week that United can't financially compete with the biggest spenders in the window. No £100m signings.

For [his name], the Rashford saga entering a new chapter might be the talking point of the week."
93462113-6a87-42e4-8f1c-6d832b2db05e,nottm_forest,t,news,routine,,archived,t,2026-08-13 23:04:03.30956+00,2026-08-14 01:04:03.30956,2026-08-13 23:04:01+00,2026-08-13 23:04:06.689+00,2026-08-14 01:04:06.689,0.05632400000000000000,01,,,,Elliot Anderson on leaving Nottm Forest for Man City: 'I've been watching them for 10 years',He always had City in his sights,Anderson left Forest for Man City. He says he's been watching them for a decade.,"anderson heads
to the etihad
with no regrets","Like a fan who spent a decade watching their favourite team from the terraces, only to eventually walk out onto the pitch in their colours, Anderson has gone from admirer to player at Man City.","Elliot Anderson left Nottm Forest for Man City in a big-money deal this week, and in an interview with The Independent he admitted he's been watching City for 10 years and feels fully settled in his decision.","[""Ask him about this one: Anderson said he's been watching Man City for 10 years. Did he ever mention wanting to play for a bigger club?"", ""Forest sold him for a big fee, do you think they'll bring someone in before the window closes?"", ""Is losing Anderson a big deal for Forest or do you think they can cope without him?""]",,f,,f,"{nottm_forest,man_city}",690,"Elliot Anderson has completed his big-money move from Nottingham Forest to Manchester City, and he's not second-guessing himself. In a sit-down with The Independent, he said: 'I've been watching Man City for the past 10 years, I'm confident I've made the right decision.'

Anderson came through at Newcastle before making Forest his home, and now he's gone again, this time to exactly the club he had his eye on. The Independent noted it was a year of 'transfer highs and World Championship lows' for the midfielder, but he's landed where he always wanted.

For Forest, losing him right before the season is a dent. They'll be hoping the big-money fee helps them move fast on a replacement."
98e84a75-8ed7-4b91-9d03-34feee71da90,wolves,f,news,routine,,archived,t,2026-08-13 23:07:14.572016+00,2026-08-14 01:07:14.572016,2026-08-13 23:07:13+00,2026-08-13 23:07:17.048+00,2026-08-14 01:07:17.048,0.04126640000000000000,01,,,,"Trippier joined Wolves for the manager, who was sacked three days later. 'I wasn't expecting it'",He really wasn't expecting that,Trippier's manager got sacked 3 days after he signed for Wolves. 'I wasn't expecting it.',"trippier's wild
start to life
at molineux","Like signing up to join a band because of the lead singer, only for them to quit three days in, Trippier came to Wolves for Edwards, and now he's making it work with an entirely new conductor.","Kieran Trippier joined Wolves because he believed in manager Rob Edwards, who was then sacked just three days after he signed. He admits he wasn't expecting it, but says he's fully committed to the Championship challenge ahead.","[""Trippier signed for Wolves specifically because of the manager, who was then sacked three days later. Ask him how he feels about that kind of start."", ""He says the Championship is 'totally different to the Premier League', does that sound like someone who's ready for the grind, or does it worry you?"", ""Wolves play Blackburn tomorrow in their Championship opener. With Trippier in the squad, do you think they can push for promotion this year?""]",drama,f,,f,{wolves},735,"Kieran Trippier sat down with The Guardian this week and was refreshingly honest about the chaos that greeted his Wolves arrival. He dropped to the Championship partly because of manager Rob Edwards, only for Edwards to be sacked just three days after Trippier signed. 'I'm not going to sit here and lie, I wasn't expecting it,' he said.

César Peixoto has taken over, and Trippier, back in the Championship for the first time in 12 years, is getting on with it. He's been training at Compton Park and described the division with respect: 'The Championship is relentless… it's totally different to the Premier League.'

Wolves open their Championship campaign against Blackburn tomorrow. Trippier's leadership is going to matter a lot."
abc4da6a-fc4a-414f-adb1-97f1307f204e,arsenal,t,news,routine,,archived,t,2026-08-14 07:21:28.838671+00,2026-08-14 09:21:28.838671,2026-08-14 07:21:20+00,2026-08-14 07:21:50.711+00,2026-08-14 09:21:50.711,0.36453881666666666667,09,2026-08-16 14:00:00+00,,,Arsenal face Man City in the Community Shield on Saturday. Enzo Maresca (Man City's new manager) makes his competitive debut at the Principality Stadium.,Cancel Saturday plans,Arsenal vs Man City in the Community Shield on Saturday. First trophy of the season.,"arsenal vs man city.
community shield.
saturday.",Like when an ex shows up to the first mutual event with a completely new vibe and everyone's watching. Arsenal finds out Saturday if Man City's Maresca era is actually different.,"Arsenal are defending Premier League champions and face Man City in the Community Shield on Saturday. Man City have a new manager this season in Enzo Maresca, who replaced Pep Guardiola. First test of the new season.","[""Tell him Arsenal vs Man City is this Saturday, 3pm. He'll have had it circled since the fixtures dropped."", ""Ask him: does Maresca's Man City feel like a bigger or smaller threat than Guardiola's?"", ""He'll probably say the Community Shield doesn't really count. Then watch how much he cares when it kicks off.""]",exciting,t,"Arsenal vs Man City in the Community Shield on Saturday, first trophy of the new season",t,"{arsenal,man_city}",399,"Arsenal are the reigning Premier League champions, and their first big game of the new season is this Saturday against Man City. It's the Community Shield at the Principality Stadium in Cardiff, 3pm UK time. Man City look different this year. Pep Guardiola's era is over, and Enzo Maresca is now in charge at the Etihad. For [his name], this one has been marked in the calendar since August started."
d23e2300-9083-45fb-bf78-96cc5b39f076,aston_villa,t,news,routine,,archived,t,2026-08-14 07:22:03.969648+00,2026-08-14 09:22:03.969648,2026-08-14 07:22:00+00,2026-08-14 07:22:10.989+00,2026-08-14 09:22:10.989,0.11698920000000000000,09,,,,Youri Tielemans (Villa's former midfielder) moved to Man United this summer and suggested he'd joined a bigger club. He's since apologised to Villa fans.,"Oops, he said it out loud",Tielemans left Villa for Man Utd and called them a bigger club. He apologised.,"tielemans.
moving on, loudly.
sorry, villa.","Like when someone leaves their job, immediately posts a LinkedIn brag about their amazing new office, and forgets their old colleagues can see it. Tielemans did the football version.","Youri Tielemans left Aston Villa for Manchester United this summer. He then publicly suggested he'd moved to a bigger club. He's since apologised to Villa fans, but the comment is already doing the rounds.","[""Tell him Villa's Tielemans joined Man Utd and then said they were a bigger club. He'll have a very strong take."", ""He'll probably say the apology doesn't count when you've already said it. Honestly, fair point."", ""Ask him: is Villa actually smaller than Man Utd right now, or just different?""]",drama,t,Tielemans apologises to Aston Villa fans after calling Man United a bigger club,f,"{aston_villa,man_utd}",290,"Villa's former midfielder Youri Tielemans moved to Man United this summer and, in an early interview, said he'd moved to a bigger club. Aston Villa fans were not thrilled. He's since apologised to Villa supporters, but the quote is already out there. For [his name]: this one writes itself."
501127bd-292b-4c6c-a8c8-abea83a21d8f,chelsea,t,news,routine,,archived,t,2026-08-14 07:22:11.970216+00,2026-08-14 09:22:11.970216,2026-08-14 07:22:11+00,2026-08-14 07:22:15.706+00,2026-08-14 09:22:15.706,0.06226306666666666667,09,,,,"Chelsea finished 10th last season. New manager Xabi Alonso is in charge now, and the question going into this season is whether he can turn it around.",He'll have theories already,Chelsea finished 10th last season. New manager Xabi Alonso is in charge now.,"chelsea.
10th to title?
xabi alonso.","Last season was Chelsea's situationship era, almost good, never quite there. Xabi Alonso showed up to move things off maybe and into something real.","Chelsea finished 10th last season. With Xabi Alonso as their new manager, the club is going into the new season with ambitions to close a significant gap. It's a big ask in one year.","[""Tell him Chelsea have Xabi Alonso now. See if he says they're back in the conversation or still in rebuild mode."", ""Ask him: is a new manager enough to close the gap from 10th to the title in one season?"", ""He'll probably rank every Chelsea manager of the last ten years before answering. You've been warned.""]",drama,f,,f,{chelsea},302,"Chelsea had a pretty rough 2025-26 season, finishing 10th in the Premier League. This season looks different: Xabi Alonso (their new manager) is in charge, and the BBC is already asking whether they can go from 10th to the title. He'll have a full analysis ready for you. Maybe wait until after dinner."
9cd9612d-6f59-48a9-8739-381246bfdfb0,fulham,t,news,routine,,archived,t,2026-08-14 07:22:16.773806+00,2026-08-14 09:22:16.773806,2026-08-14 07:22:15+00,2026-08-14 07:22:21.295+00,2026-08-14 09:22:21.295,0.07535323333333333333,09,,,,Fulham's pre-season friendly against Malaga descended into chaos. Fulham left the pitch before the penalty shootout. Malaga scored into an empty net.,Stories incoming,Fulham walked off before penalties in a pre-season game. Malaga scored into an empty net.,"fulham.
walked off the pitch.
before penalties.","Like leaving a Hinge date mid-dessert because the vibe completely died. Fulham basically did that to Malaga, except on a football pitch in front of cameras.",Fulham's pre-season friendly against Malaga turned chaotic. The Fulham side left the pitch before a scheduled penalty shootout. Malaga then scored a penalty into an empty net. Fulham have since explained their side.,"[""Tell him Fulham walked off before penalties in a pre-season friendly. Malaga scored into an empty net. His reaction will be worth it."", ""Ask him: is walking off in a pre-season game ever actually justified, or always bad form?"", ""He'll have a strong view on whether this is acceptable. Let him finish before the food arrives.""]",drama,f,,f,{fulham},388,"Pre-season is supposed to be quiet. Not this week for Fulham. Their friendly against Malaga got fiery enough that the Fulham side walked off the pitch before a penalty shootout. Malaga then scored a penalty into an empty net with nobody there to stop it. Fulham have since responded to explain what happened, but it's already one of the stranger pre-season stories you'll see this summer."
6331408a-e708-4be2-8866-5f194b5c8c4b,leicester,f,news,routine,,archived,t,2026-08-14 07:22:22.070442+00,2026-08-14 09:22:22.070442,2026-08-14 07:22:21+00,2026-08-14 07:22:24.663+00,2026-08-14 09:22:24.663,0.04320930000000000000,09,,,,"Leicester City is up for sale. Thai owners King Power are looking to exit after 16 years, with an asking price of more than £200m.",Sixteen years. And now selling.,Leicester's King Power owners are selling the club for more than £200m after 16 years.,"leicester.
king power out.
16 years in.","Sixteen years of memories, including some of their greatest moments. And now King Power are putting it all on Rightmove. Every ending has a listing price.",Leicester City's Thai owners King Power are looking to sell the club after 16 years. The asking price is more than £200m. It's a significant moment regardless of whether Leicester are in the Premier League or Championship.,"[""Tell him Leicester are up for sale, King Power are out after 16 years. He'll have opinions on who should buy them."", ""Ask him: does it matter who the owners are, as long as the club keeps investing?"", ""King Power have owned Leicester for 16 years. Whoever buys them next sets the tone for the next decade.""]",drama,t,Leicester City put up for sale for more than £200m after 16 years under King Power,f,{leicester},352,"Leicester City's Thai owners King Power are putting the club up for sale after 16 years in charge. The asking price is more than £200m. It's a huge moment for Leicester fans, King Power have been with the club through some historic moments. For [his name] this is big transfer-window-sized news, even though Leicester are in the Championship right now."
73c17946-e261-4fc0-864b-e998c8f49f6b,man_utd,t,news,routine,,archived,t,2026-08-14 07:22:25.693786+00,2026-08-14 09:22:25.693786,2026-08-14 07:22:24+00,2026-08-14 07:22:28.215+00,2026-08-14 09:22:28.215,0.04202023333333333333,09,,,,Michael Carrick says Man United won't make a £100m signing this summer. Marcus Rashford is back from his Barcelona loan but could still leave.,He'll have opinions,"Carrick says no £100m signing for Man Utd. Rashford's back from Barcelona, for now.","carrick.
no big money move.
rashford's back.",Carrick said they've made good progress and can't do the £100m move. That reads like a company saying 'competitive salary' and then freezing the pay review the same week.,"Man United manager Michael Carrick has confirmed the club won't be spending £100m on one signing this summer. Marcus Rashford has returned from his Barcelona loan, but his long-term future at the club is still uncertain.","[""Tell him Carrick has ruled out a £100m signing and Rashford is back but might still go. He'll have several takes."", ""Ask him: is Carrick being realistic about the budget, or managing expectations before announcing something?"", ""He'll probably walk you through the whole Rashford situation from the beginning. Order a side dish.""]",drama,t,"Man United won't make a £100m signing this summer, with Rashford's future still uncertain",f,{man_utd},394,"Man United manager Michael Carrick (in his first full season in charge) has been straight about the club's finances: no £100m signing this summer. The club has added Andrey Santos, Youri Tielemans and Karl Darlow, but the big-money move isn't coming. Meanwhile, Rashford is back after his Barcelona loan, the club insists he's their player, though he could still leave before the window closes."
9d24fdb6-08c2-459e-b43a-8a9364a797ec,west_ham,f,news,routine,,archived,t,2026-08-14 07:22:32.174918+00,2026-08-14 09:22:32.174918,2026-08-14 07:22:30+00,2026-08-14 07:22:36.105+00,2026-08-14 09:22:36.105,0.06550136666666666667,09,,,,"West Ham are starting their first Championship season since 2012, and there's a boardroom battle running alongside it. People are calling it 'like Eastenders.'",He's going to have opinions,West Ham are in the Championship. A boardroom battle is running at the same time.,"west ham.
championship.
boardroom chaos.",Like when the friend group loses its most popular member and everyone suddenly starts jostling for who's in charge of the group chat. West Ham just got relegated and the boardroom noticed.,"West Ham are starting their first season outside the Premier League since 2012. Alongside that challenge, the BBC is reporting a significant boardroom dispute happening at the club. It's a lot of noise at the start of a season.","[""Tell him West Ham's first Championship season in 14 years has started with a boardroom drama running alongside it."", ""Ask him: does the boardroom situation affect West Ham's chances of getting back up?"", ""He'll probably explain every bit of the ownership situation before you get to the starter.""]",drama,f,,f,{west_ham},342,"West Ham are back in the Championship for the first time since 2011-12, that's 14 years out of the second division. As if that weren't dramatic enough, the BBC is reporting a boardroom battle happening at the same time, with people close to the club comparing it to a soap opera. If [his name] follows West Ham: brace for updates over dinner."
946ffa87-c651-422c-ae58-df329bf6cdf2,spurs,t,news,routine,,archived,f,2026-08-14 07:23:22.625037+00,2026-08-14 09:23:22.625037,2026-08-14 07:23:21+00,,,,,,,,Tottenham's Djed Spence (right-back) has flown to Italy ahead of completing a move to Inter Milan. The deal looks very close to done.,Stories incoming,Spurs right-back Djed Spence has flown to Italy for an Inter Milan move. Deal looks close.,"spence.
lands in italy.
inter next.",Spence spent more time being loaned out than actually playing for Spurs. This is the official goodbye after a very long situationship.,Tottenham right-back Djed Spence has flown to Italy ahead of completing a move to Inter Milan. He's been at Spurs since 2022 but spent significant time on loan. This deal would make the departure official.,"[""Tell him Spence has landed in Italy for the Inter move. He'll already know the backstory."", ""Ask him: was Spence ever actually part of Spurs' plans, or was this always just a holding pattern?"", ""He'll have thoughts on whether this frees up space for someone better. Drop 'Inter seemed keen' and let him take it from there.""]",,f,,f,{spurs},320,"Spurs right-back Djed Spence is on the verge of leaving for Inter Milan. He's already in Italy. It's been a long time coming, Spence has been at Tottenham since 2022 but spent stretches of that time out on loan. This looks like the end of that chapter. For [his name]: a squad tidy-up he'll probably have been expecting."
15a12b7c-0228-4463-86d3-fa6d358f24de,man_city,t,news,routine,,archived,t,2026-08-14 07:23:35.259394+00,2026-08-14 09:23:35.259394,2026-08-14 07:23:34+00,2026-08-14 07:23:37.784+00,2026-08-14 09:23:37.784,0.04207676666666666667,09,,,,Man City have agreed to sell midfielder Tijjani Reijnders to Saudi club Al-Qadsiah for £52m. He joined from AC Milan last summer for £46.5m.,He's going to have opinions,"Reijnders is leaving Man City for Al-Qadsiah for £52m, just a year after joining.","reijnders.
saudi deal agreed.
one year in.","Buying something on a fashion app, realising it doesn't quite work, and selling it on Vinted a year later for slightly more than you paid. Man City's Reijnders situation, but make it £52m.",Man City signed Tijjani Reijnders from AC Milan last summer for £46.5m. A year later they've agreed to sell him to Saudi club Al-Qadsiah for £52m. A fast turnaround that will get people talking.,"[""Tell him Reijnders is leaving Man City for Saudi Arabia, a year after joining. He'll have a full breakdown ready."", ""Ask him: is this good business from Man City, or does it say something about how the squad is being rebuilt?"", ""They bought him for £46.5m and sold for £52m. In one year. He'll be doing the maths on what that means.""]",drama,t,"Man City agree to sell Reijnders to Saudi side Al-Qadsiah for £52m, one year after signing him",f,{man_city},357,"Man City signed Tijjani Reijnders from AC Milan last summer for £46.5m. One year later, they've agreed to sell him to Saudi Pro League club Al-Qadsiah for £52m. He fell out of favour towards the end of City's season, and now he's heading to Saudi Arabia. For [his name], this will raise questions about Man City's plans under their new manager Enzo Maresca."
70b9ff84-fcc8-4667-aeb3-e8872df83cb9,arsenal,t,news,routine,,archived,t,2026-08-14 22:37:07.529995+00,2026-08-15 00:37:07.529995,2026-08-14 22:37:06+00,2026-08-14 22:37:11.602+00,2026-08-15 00:37:11.602,0.06786675000000000000,00,,,,"Arteta (Arsenal's manager) says fans don't need to worry about his future. 'I want to be here,' he said, contract talks aren't an issue.",He'll be reassured,Arsenal manager Arteta says his contract talks won't be an issue. He wants to stay.,"arteta.
wants to stay.
not an issue.",Like a flatmate texting 'I'm renewing' before the landlord's even sent the forms. Arteta volunteered the reassurance.,"Arteta's contract expires at the end of the coming season, but he says it won't be a problem. He wants to stay at Arsenal and is relaxed about the timeline.","[""Tell him Arteta said publicly he wants to sign a new contract. He might already know, but say it like you caught the interview."", ""Ask him: does he think Arsenal will sort it before Christmas, or is this going to drag all season?"", ""His deal runs out next summer. Tell him Arteta said it won't be a problem. He'll either agree or spend ten minutes listing reasons it might be.""]",drama,f,,f,{arsenal},323,"Mikel Arteta came out ahead of the Community Shield and told everyone to relax. His contract expires at the end of the new season, but he wants to extend it. 'They don't have to worry,' he said. 'I want to be here.' Not exactly a bombshell, but it's the kind of thing fans need to hear before the season properly kicks off."
37c93e73-d72b-4b74-b7b1-dbb7dcfeed98,arsenal,t,news,routine,,archived,f,2026-08-14 22:37:31.773504+00,2026-08-15 00:37:31.773504,2026-08-14 22:37:30+00,,,,,,,,"Arsenal have opened talks to sign Jarell Quansah (England defender, Bayer Leverkusen). Leverkusen want €50m. Saliba and Timber are both injured.",He might have opinions,Arsenal reportedly in talks for Leverkusen defender Quansah. Could still fall through.,"quansah talks.
leverkusen firm.
fifty million.",Like booking a locksmith the same week your spare key goes missing and the lock starts sticking. Arsenal suddenly very motivated.,"Two of Arsenal's starting defenders are injured, and the club have opened talks with Bayer Leverkusen to sign Jarell Quansah. Leverkusen want at least €50m for the England international.","[""Tell him Arsenal have opened talks with Leverkusen for Quansah, their England defender. He'll have a view on the fee."", ""Did you know both Saliba and Timber are injured right now? That's why Arsenal are moving fast."", ""Ask him: is Quansah worth €50m? He'll have an answer ready.""]",drama,f,,f,{arsenal},362,"Arsenal are in the market for a defender, and they've opened talks with Bayer Leverkusen about Jarell Quansah, an England international. Leverkusen are holding out for at least €50m. The urgency is real: both William Saliba and Jurrien Timber are currently out injured, which means Arsenal's back line is thinner than Arteta would like going into the new season."
58f16aa8-66a1-4e1c-b27b-664055df34cc,aston_villa,t,news,routine,,archived,t,2026-08-14 22:38:48.937609+00,2026-08-15 00:38:48.937609,2026-08-14 22:38:47+00,2026-08-14 22:38:51.463+00,2026-08-15 00:38:51.463,0.04208985000000000000,00,,,,"Jimmy Rimmer, a goalkeeper who won the European Cup with Aston Villa in 1982, has died aged 78.",A Villa legend gone,"Jimmy Rimmer, who won the European Cup with Villa in 1982, has died aged 78.","jimmy rimmer.
europa cup winner.
aged 78.",,Jimmy Rimmer was part of Aston Villa's 1982 European Cup-winning squad. He won the league and European Cup with Villa during one of the club's greatest eras. He died aged 78.,"[""Tell him Jimmy Rimmer has died. If he's a Villa fan who knows his history, this will mean something."", ""Did you know Rimmer only played nine minutes of the 1982 European Cup final before getting injured? Villa still won."", ""Ask him who Villa's greatest-ever goalkeeper is, he'll have a view, and Rimmer will probably come up.""]",bad_news,f,,f,{aston_villa},326,"Jimmy Rimmer was part of one of Villa's greatest-ever nights, the 1982 European Cup win. He'd been the first-choice keeper going into the final but came off injured after just nine minutes. Nigel Spink, his deputy, stepped in and Villa held on to win. Rimmer died aged 78. For older Villa fans especially, this one will sting."
f8409e4d-ef23-4015-a632-292cbad71f65,brighton,t,news,routine,,archived,f,2026-08-14 22:40:20.299471+00,2026-08-15 00:40:20.299471,2026-08-14 22:40:19+00,,,,,,,,"BBC are reporting Arsenal are leading the race to sign Jack Hinshelwood from Brighton. It's gossip-column stuff for now, but Arsenal are reportedly ahead.",He might have thoughts,Arsenal reportedly leading the race to sign Hinshelwood from Brighton. Rumour stage only.,"hinshelwood.
arsenal leading.
still a rumour.","Like seeing your ex is newly active on Hinge. Nothing's confirmed, but you've clocked it.","Arsenal are reportedly leading the race to sign Jack Hinshelwood from Brighton, according to the BBC's transfer gossip. Nothing confirmed yet.","[""Tell him the BBC are reporting Arsenal are leading the race to sign Hinshelwood. He'll know whether to be worried."", ""Ask him: if Hinshelwood does go, who fills that gap for Brighton?"", ""He probably already saw this one in the gossip columns. Drop it casually and see his reaction.""]",drama,f,,f,"{brighton,arsenal}",270,"The BBC's Saturday gossip column has Arsenal leading the race to sign Jack Hinshelwood from Brighton. Nothing confirmed, and gossip columns are just that, gossip. But it's Arsenal, and Arsenal have been very active this summer. Worth keeping an eye on for Brighton fans."
36dab615-451c-41c7-9d01-b29952d44b41,chelsea,t,news,routine,,archived,t,2026-08-14 22:41:40.810825+00,2026-08-15 00:41:40.810825,2026-08-14 22:41:39+00,2026-08-14 22:41:43.834+00,2026-08-15 00:41:43.834,0.05038625000000000000,00,,,,Chelsea's Enzo Fernandez (Argentine midfielder) is expected to stay after the club's £120m deadline passed today. Man City didn't bid. He's not going anywhere.,Crisis averted,Chelsea's £120m Fernandez deadline passed. Man City didn't bid. He's staying.,"fernandez stays.
deadline gone.
no buyers.","Like setting a deadline for an ex to decide, and then midnight comes and goes and you're both just... standing there. Chelsea said £120m or nothing. Nothing it is.","Chelsea put a £120m price tag on midfielder Enzo Fernandez and gave clubs a Friday deadline to bid. The deadline has passed, nobody met the price, and Fernandez is expected to stay at Stamford Bridge this season.","[""Tell him Chelsea's Fernandez deadline passed today, no club bid £120m. He's staying at Chelsea."", ""Ask him: does he think Chelsea made a mistake not selling, or is holding onto him the right call?"", ""Watch how he reacts when you tell him Man City blinked first. Chelsea fans will enjoy this one.""]",drama,t,Chelsea's Enzo Fernandez is staying. The £120m deadline passed and no club bid.,f,"{chelsea,man_city}",334,"Chelsea put a £120m price on Enzo Fernandez and told clubs, mainly Man City, to bid by today or back off. Today came and went. Nobody bid. Chelsea now expect Fernandez to stay for the season. It's a statement of sorts: they're not selling their best players on the cheap. Whether Fernandez is fully happy about it is another question."
0dea5d03-7d6d-4b12-ae87-e18ca5fbcd3e,liverpool,t,news,routine,,archived,t,2026-08-14 22:45:17.700496+00,2026-08-15 00:45:17.700496,2026-08-14 22:45:16+00,2026-08-14 22:45:21.186+00,2026-08-15 00:45:21.186,0.05809173333333333333,00,,,,"Jeff Bezos (Amazon founder) is now a Liverpool co-owner. His consortium bought a 30% stake, valuing the Reds at £5.5bn. FSG keep control.",Phone's going to ring,A Jeff Bezos consortium just bought 30% of Liverpool. Club valued at £5.5bn.,"bezos in at anfield.
thirty percent.
five billion quid.","Like if the guy who invented one-click delivery also bought your local pub. Same vibe, slightly different clientele incoming.",Amazon founder Jeff Bezos is now part-owner of Liverpool after his consortium bought a 30% stake. The club is valued at £5.5bn. FSG still run things day-to-day.,"[""Tell him Jeff Bezos just bought a 30% stake in Liverpool. He'll have opinions on whether that's good or bad for the club."", ""Ask him: is a tech billionaire as a co-owner a good thing, or does it feel too corporate?"", ""FSG said the transfer budget won't change. He'll have a view on whether that's actually true or just PR.""]",drama,t,"Jeff Bezos-backed consortium buys 30% of Liverpool, valuing the club at £5.5bn.",t,{liverpool},455,"Amazon founder Jeff Bezos is now part of the ownership group at Liverpool. Fenway Sports Group have sold a 30% stake to a consortium called 1892 Holdings, which includes Bezos, in a deal worth around £1.65bn. The club is valued at £5.5bn. Amit Bhatia joins as new vice-chairman. FSG are keeping control of day-to-day operations and say there won't be a change to the transfer budget. Whether Liverpool fans believe that or not is a different conversation."
18080372-5940-48bd-87f6-57a562a5c924,man_city,t,news,routine,,archived,t,2026-08-14 22:46:46.027106+00,2026-08-15 00:46:46.027106,2026-08-14 22:46:45+00,2026-08-14 22:46:48.497+00,2026-08-15 00:46:48.497,0.04116490000000000000,00,,,,Man City face Arsenal in the Community Shield on Sunday. It's Enzo Maresca's first competitive game in charge.,Whiteboard material,Man City vs Arsenal in the Community Shield on Sunday. Maresca's big debut.,"city vs arsenal.
sunday. the shield.
maresca starts.","Like starting a new job and your first day is a presentation to the whole company. Maresca knew this was coming, but still.",Man City face Arsenal in the Community Shield on Sunday in Enzo Maresca's first competitive game as manager. He's replaced Pep Guardiola and the season starts here.,"[""Tell him Man City face Arsenal in the Community Shield on Sunday, it's Maresca's first proper game as manager."", ""Ask him: do you think City are ready, or does Maresca need more time to bed his squad in?"", ""He'll have opinions on the Guardiola comparison already. Ask if he thinks Maresca can be as good.""]",exciting,f,,f,"{man_city,arsenal}",333,"Man City face Arsenal in the Community Shield on Sunday, and it doubles up as Enzo Maresca's first competitive game as City manager. He's taken over from Pep Guardiola, which is about as difficult a first job as you can get. He's also hinted there's more transfer business to come before the window closes. Quite the opening weekend."
8b641e87-0f45-4c4b-9035-27853689ddaa,man_city,t,news,routine,,archived,f,2026-08-14 22:47:10.577087+00,2026-08-15 00:47:10.577087,2026-08-14 22:47:09+00,,,,,,,,Barcelona are set to make a new offer for Man City's Rodri (Spanish midfielder). City are reportedly open to selling for around £70m.,He might go quiet,Barcelona set to bid again for City's Rodri. City reportedly open to selling.,"rodri to barca?
city open to it.
around seventy mil.",Like your most reliable friend announcing they might leave the group chat for good. Everyone assumes they'd never actually go.,"Barcelona are set to make a renewed offer for Manchester City's Rodri, their Spanish midfield star and Ballon d'Or winner. City are reportedly open to selling for around £70m.","[""Tell him Barcelona are reportedly about to bid for Rodri again. He'll have strong feelings about whether City should sell."", ""Ask him: can City actually replace Rodri if he goes, or is this a huge mistake?"", ""He's been watching City's squad change all summer. Mention Rodri might go too. See how he takes it.""]",drama,t,"Barcelona preparing new bid for Man City's Rodri, with City open to selling for around £70m.",f,{man_city},343,"It's not confirmed, but multiple reports suggest Barcelona are preparing a renewed offer for Rodri, City's Spanish midfielder and Ballon d'Or winner. Man City are reportedly open to letting him go at around £70m. That would be one of the biggest sales of the summer, and raise real questions about how City replace their most important player."
c6c097d8-c196-4f73-96c1-30499025a3eb,man_utd,t,news,routine,,archived,f,2026-08-14 22:48:18.041185+00,2026-08-15 00:48:18.041185,2026-08-14 22:48:17+00,,,,,,,,"Man United's new third kit for 2026-27 has dropped. It's ivory, burgundy and dark green, inspired by the famous Salford Lads and Girls Club.",He'll have opinions,"Man Utd's new third kit is out. Ivory, burgundy and green.","new third kit.
ivory and dark green.
salford lads club.",Like a brand releasing a limited-edition colourway and claiming it's an 'homage' to a local icon. Either inspired or a bit much.,"Manchester United's 2026-27 third kit is out. It's ivory, burgundy and dark green, reportedly inspired by the famous Salford Lads and Girls Club in Manchester.","[""Tell him the new third kit is out. Ivory, burgundy and dark green. He'll have a view on whether it works."", ""Did you know the colors are inspired by the Salford Lads and Girls Club? He'll either love that detail or roll his eyes."", ""Ask him: would he actually wear it?""]",exciting,f,,f,{man_utd},287,"Man United have released their third kit for the new season. It's ivory, burgundy and dark green, reportedly a nod to the famous Salford Lads and Girls Club, the Manchester institution known for that iconic Smiths photo. Whether that makes it cool or a bit try-hard is a matter of taste."
bade6ca7-07f0-4b0a-91b7-675549517128,southampton,f,news,routine,,archived,t,2026-08-14 22:50:29.321434+00,2026-08-15 00:50:29.321434,2026-08-14 22:50:28+00,2026-08-14 22:50:33.178+00,2026-08-15 00:50:33.178,0.06427610000000000000,00,,,,Southampton manager Tonda Eckert is still under an FA probe from last season's Spygate. His future at the club is uncertain.,He'll have opinions,Southampton boss Eckert faces an FA probe. His future at the club is uncertain.,"spygate lingers.
eckert's future.
still no answer.",Like finding out your new team leader has an ongoing HR investigation. Everyone's waiting to see if they stay or go.,Southampton manager Tonda Eckert is still under an FA investigation from a Spygate incident last season. His future at the club is uncertain with the probe ongoing.,"[""Tell him the Southampton Spygate probe isn't over, Eckert's future is still uncertain. He'll have context you don't."", ""Ask him: do you think Eckert stays, or does the FA end up forcing Southampton's hand?"", ""He's probably been following this one. Ask him to explain what Spygate actually was, you'll get the full story.""]",drama,f,,f,{southampton},329,"Southampton started the new season with an unresolved cloud hanging over it. Manager Tonda Eckert is still under an FA investigation tied to a Spygate incident from last season. The club were also sanctioned by the EFL. The probe isn't finished, and Eckert's future at the club is still up in the air going into the new campaign."
3fd1b3f4-3878-4756-bbf2-bfec5dabc7fb,spurs,t,news,routine,,archived,t,2026-08-14 22:51:32.764547+00,2026-08-15 00:51:32.764547,2026-08-14 22:51:31+00,2026-08-14 22:51:35.535+00,2026-08-15 00:51:35.535,0.04617421666666666667,00,,,,Romero (Spurs' outgoing captain) says he 'wasn't perfect' as he confirmed leaving for Atletico Madrid. Rare honesty from a departing player.,T-shirt material,Romero said he 'wasn't perfect' as he confirmed leaving Spurs for Atletico Madrid.,"romero leaving spurs.
wasn't perfect.
he said it himself.","Like the person who leaves the group trip and texts 'sorry I wasn't the easiest' on the way to the airport. Unexpected, but you respect it.","Cristian Romero has confirmed he's leaving Tottenham for Atletico Madrid for around £34m. In his farewell, he admitted he 'wasn't perfect' during his five-year stint, an unusually candid goodbye.","[""Tell him Romero said he 'wasn't perfect' as his parting shot. He'll either respect the honesty or say Romero was too hard on himself."", ""Ask him: was Romero actually good enough for a top club, or is the move to Atletico a step down?"", ""His exit leaves a captain's armband up for grabs. He'll have a strong opinion on who should step up.""]",drama,f,,f,{spurs},339,"Cristian Romero confirmed he's heading to Atletico Madrid, and in his exit statement, he said he 'wasn't perfect' during his five years at Spurs. That's a surprisingly honest thing to say on the way out. Most players give you the full 'this club is in my heart forever' speech. The deal is worth around £34m. Spurs will need a new captain."
06360da5-dffa-4943-9112-8cc787fefa84,west_ham,f,news,routine,,archived,t,2026-08-14 22:55:54.200014+00,2026-08-15 00:55:54.200014,2026-08-14 22:55:52+00,2026-08-14 22:55:59.588+00,2026-08-15 00:55:59.588,0.08979976666666666667,00,,,,Arne Engels heading to West Ham after Celtic confirm medical,He's basically already signed,"Celtic's manager confirmed Engels is having his medical, big Belgium upgrade incoming.","engels
packs his bags
for london","Like when a colleague you love hands in their notice for a better offer elsewhere, exciting for them, bittersweet for everyone left behind.",Arne Engels impressed during his time at Celtic Park. West Ham are making him their first big statement signing of the Championship season.,"[""Arne Engels is a Belgian midfielder who played at Celtic, ask him if he followed the Scottish Premiership at all."", ""West Ham are in the Championship this season, is your guy optimistic about going straight back up?"", ""A medical means the deal is basically done, does he have a feel for how big an upgrade Engels would be?""]",exciting,f,,f,{west_ham},427,"It's practically a done deal. Celtic manager Martin O'Neill confirmed on Friday that Arne Engels, his Belgian midfielder, is having a medical ahead of a move to West Ham. The news drops just two days before West Ham's Championship opener against Burnley on Sunday. With the club chasing an immediate return to the Premier League, picking up a player who impressed in European football at Celtic is a proper statement of intent."
693d66b1-2a80-41b1-934f-1850ba0dac4c,wolves,f,matchday,routine,,archived,t,2026-08-14 22:58:05.942743+00,2026-08-15 00:58:05.942743,2026-08-14 22:58:05+00,2026-08-14 22:58:08.62+00,2026-08-15 00:58:08.62,0.04462095000000000000,00,,1563083,,"Jiménez rescues a point for Wolves, but that penalty will be argued about for weeks",He's back. He scored. Of course.,Jiménez scored a controversial late pen on his return to Molineux. Wolves 2-2 Blackburn.,"jiménez
comes home
and delivers","Like returning to your old job for one day to save the project, nobody expected it, but you knew you still had it.",Raúl Jiménez came back to Molineux and made his mark straight away. His stoppage-time penalty earned Wolves a hard-fought 2-2 draw against Blackburn on the opening day of the Championship season.,"[""Raúl Jiménez came back to Wolves this summer, ask him if he'd followed Jiménez since the skull fracture and comeback."", ""The penalty in stoppage-time was really controversial, what does he think, was it the right call?"", ""Wolves were ahead then let it slip to 2-1 down, how does he rate their chances of going straight back up?""]",drama,f,,f,{wolves},498,"Wolves are back at Molineux for the Championship, and they nearly had the worst possible start. After taking the lead, they were pegged back twice by Blackburn, including a goal from Andri Gudjohnsen that put Rovers ahead. Then Jiménez stepped up. The returning hero converted a stoppage-time penalty to make it 2-2, but Sky Sports pundits Curtis Davies and Jobi McAnuff were immediately debating whether it should ever have been given, handball right on the edge of the box, and it was very tight."
22332e54-2b10-4e2a-ad1c-7bc164b20eec,arsenal,t,news,routine,,archived,t,2026-08-16 06:39:04.197246+00,2026-08-16 08:39:04.197246,2026-08-16 06:39:03+00,2026-08-16 06:39:09.741+00,2026-08-16 08:39:09.741,0.09239590000000000000,08,,,,"Arsenal open the new season today. Defending champions vs FA Cup winners Man City, Community Shield in Cardiff, 3pm.",Cancel the afternoon,"Arsenal vs Man City, Community Shield, Cardiff, 3pm. He's been ready for this all summer.","arsenal today.
man city, cardiff.
defend the title.",Winning Bake Off last year and being back in the tent on episode one. You won. Everyone knows. Still have to bake the bread.,Arsenal are the defending Premier League champions and they open the new season today against Man City in the Community Shield in Cardiff. Kick-off 3pm. He's been counting down to this.,"[""He's been building up to this all pre-season. Tell him you're switching it on at 3 and see his face."", ""Ask him: does winning the Community Shield actually mean anything, or is it just a warm-up? BBC says it's no reliable pointer to the season."", ""Tell him BBC called Arsenal strong favourites to defend the title this morning. He'll like that.""]",exciting,t,Arsenal vs Man City in the Community Shield today. Kick-off 3pm at Cardiff's Principality Stadium.,t,"{arsenal,man_city}",492,"Arsenal kick off the new season this afternoon. They're the defending Premier League champions, and their first competitive match is against Man City (FA Cup winners) in the Community Shield at Cardiff's Principality Stadium. Kick-off is 3pm.

BBC Sport ran a whole piece this morning asking whether Arsenal can defend the title. Short answer: they're considered favourites.

He'll have been waiting for this all summer. It's the first proper test of whether the trophy stays at the Emirates."
c753229e-c7ce-44b6-b718-300fe210b5e2,aston_villa,t,news,routine,,archived,f,2026-08-16 06:40:32.220067+00,2026-08-16 08:40:32.220067,2026-08-16 06:40:31+00,,,,,,,,Villa in talks for Japan goalkeeper Zion Suzuki. Emiliano Martinez (Villa's World Championship-winning keeper) could be on his way to Juventus.,"Villa, keeper news",Villa in talks for Japan keeper Suzuki. Martinez could be Juventus-bound.,"martinez.
nears the exit.
suzuki incoming.",Like your flatmate who's been browsing Rightmove for months. You didn't bring it up. Now there's a viewing on Tuesday.,"Villa could be about to do a full keeper swap. Martinez, their World Championship winner, is being linked with Juventus, and Japan's Zion Suzuki is reportedly close to arriving as his replacement. Neither deal is done yet.","[""Tell him Villa are in talks for a new keeper, Zion Suzuki. He'll either know exactly who that is or have strong opinions on it."", ""Ask him: does losing Martinez matter if they've found a decent replacement, or is he the one irreplaceable player at Villa?"", ""Did you know the goalkeeper linked to Villa is Japan's international keeper? He might need a minute to process that.""]",drama,f,,f,{aston_villa},402,"Aston Villa are reportedly in negotiations to sign Zion Suzuki, Japan's international goalkeeper. The move could signal the end of Emiliano Martinez's time at Villa Park.

Martinez, who won the World Championship with Argentina, has been linked with Juventus. The Guardian says the deal for Suzuki is close and Martinez's exit is nearing.

Nothing is confirmed yet. Both parts of this are still moving."
3e9eb6c5-94ac-4941-9328-fff9d0f66770,chelsea,t,news,routine,,archived,t,2026-08-16 06:43:58.545206+00,2026-08-16 08:43:58.545206,2026-08-16 06:43:57+00,2026-08-16 06:44:01.56+00,2026-08-16 08:44:01.56,0.05024656666666666667,08,,,,Chelsea won 3-1 in Xabi Alonso's (new manager) first game at Stamford Bridge. Morgan Rogers (new signing) scored on debut. Fernandez got booed.,He'll enjoy most of it,"Chelsea 3-1 Real Sociedad in Alonso's first game. Rogers scored, Fernandez got booed.","alonso's first win.
rogers scored.
fernandez booed.",New manager's first all-hands goes well. Except the colleague who's clearly about to leave was in the front row.,Chelsea won 3-1 in Xabi Alonso's first game in charge. New signing Morgan Rogers scored. Enzo Fernandez came on and got booed by some fans. Not the most straightforward debut for the new boss.,"[""Chelsea won 3-1 in Alonso's first game. Rogers scored on debut. Tell him you already know the score."", ""Ask him: is the Fernandez situation going to be a problem if he stays? His own fans booed him today."", ""Did you know Rogers scored in his very first Chelsea appearance? He'll either love that or immediately start worrying whether the new signings are good enough.""]",drama,t,"Chelsea beat Real Sociedad 3-1 in Xabi Alonso's first game. Morgan Rogers scored, Fernandez booed.",f,{chelsea},604,"Chelsea started Xabi Alonso's era with a 3-1 win over Real Sociedad in a pre-season friendly at Stamford Bridge. It was his first game in charge and it went well.

Morgan Rogers, one of their summer signings, scored his first Chelsea goal on his debut appearance. Alonso had a chance to show what his style looks like, and BBC Sport said it was a glimpse of his blueprint for the season.

The awkward bit: Enzo Fernandez (midfielder), who has been linked with a move to Man City all summer, came on and was booed by some fans. He's expected to stay, but clearly not everyone is happy about what happened."
67ee98b6-9c62-499b-a63d-ede005a2e33c,crystal_palace,t,news,routine,,archived,t,2026-08-16 06:45:31.954547+00,2026-08-16 08:45:31.954547,2026-08-16 06:45:31+00,2026-08-16 06:45:34.797+00,2026-08-16 08:45:34.797,0.04737421666666666667,08,,,,"Crystal Palace signed Ana Khalaili, an Israel international, from Belgian club Union Saint-Gilloise. The deal runs until 2031.",New at Selhurst,Palace signed Israel's Khalaili from Union Saint-Gilloise on a deal until 2031.,"palace sign khalaili.
israel international.
2031.",Like a Hinge notification from someone two matches down who you'd almost missed. They're in. Signed until 2031.,Crystal Palace have signed Ana Khalaili from Belgian club Union Saint-Gilloise. The Israeli international has committed until 2031. A low-key but solid piece of business from Palace.,"[""Tell him Palace signed someone called Khalaili from a Belgian club today. He'll either know exactly who that is or immediately look them up."", ""Ask him: is this the type of signing Palace usually make, or does it mean something different this window?"", ""Did you know the deal runs until 2031? Palace are backing this one for the long haul.""]",exciting,f,,f,{crystal_palace},400,"Crystal Palace have signed Ana Khalaili, an Israeli international, from Belgian side Union Saint-Gilloise. The deal runs until 2031, so Palace are clearly backing this one long-term.

BBC Sport confirmed the signing. He comes from Union Saint-Gilloise, a Belgian club that's become well-known for developing talent.

Not a blockbuster name, but a proper signing with a five-year commitment behind it."
0b4f8a2f-9fe6-4244-a04f-5aa6259ac49c,liverpool,t,news,routine,,archived,f,2026-08-16 06:48:28.937274+00,2026-08-16 08:48:28.937274,2026-08-16 06:48:28+00,,,,,,,,The Bezos group reportedly has an option to take a controlling interest in Liverpool. Not just the minority stake everyone assumed.,He might want to sit down,Bezos may have an option for a controlling stake in Liverpool. Not just a minority buy-in.,"bezos.
not just a guest.
option for control.","Like your new flatmate not just taking the spare room, but quietly putting their name on the lease option too.","When Bezos bought into Liverpool, the deal was framed as a minority stake with FSG still in charge. But there's reportedly an option built in for full control down the line. The full story might not be written yet.","[""Tell him the Bezos group reportedly has an option to eventually take a controlling stake. He probably thought FSG were staying in charge."", ""Ask him: does a full Bezos takeover down the line change how he feels about it?"", ""Did you know the deal was valued at $1.65bn? He'll probably have thoughts on what that means for transfers.""]",drama,t,The Bezos group reportedly has an option to eventually take a controlling interest in Liverpool.,f,{liverpool},380,"When Jeff Bezos's consortium bought into Liverpool, the story was 'FSG keep control' and the Bezos group are minority partners.

But reports say there's an option to take a controlling interest built into the deal. So this might not be the end of the story on who actually runs Liverpool.

Nothing confirmed yet. But if that option is ever exercised, it changes the whole picture."
0253f2d2-582a-4f46-aa84-1a05130b4f5b,man_city,t,news,routine,,archived,t,2026-08-16 06:50:04.723444+00,2026-08-16 08:50:04.723444,2026-08-16 06:50:03+00,2026-08-16 06:50:07.331+00,2026-08-16 08:50:07.331,0.04345926666666666667,08,,,,Maresca (Man City's new manager) ruled Haaland out as captain. His goalscoring ability counted against him. Bernardo Silva's successor is being chosen.,Haaland won't be captain,"Maresca named Man City captains, ruling Haaland out of the role for now.","haaland, ruled out.
new city captain.
bernardo's successor.",Like when the person who tops the sales leaderboard every month isn't made team lead. They're too valuable exactly where they are.,"Maresca has ruled Haaland out as Man City captain, saying his goalscoring role takes priority. He's picking the successor to Bernardo Silva as skipper, but will finalise the leadership group after the transfer window.","[""He's been wondering who Man City's captain would be. Tell him Maresca ruled Haaland out because he needs him focused on scoring, not captaincy."", ""Ask him: is Haaland the type to care about being passed over as captain, or is he just happy scoring goals?"", ""Tell him Maresca's picking Bernardo Silva's successor as skipper. He'll have a strong view on who that should be.""]",drama,t,Maresca rules out Haaland as Man City captain. Picking Bernardo Silva's successor instead.,f,{man_city},499,"Enzo Maresca has named Man City's captains but confirmed Haaland has been ruled out. The reason? His goalscoring ability. Maresca needs him focused on scoring, not captaincy duties.

The Independent says Maresca is picking Bernardo Silva's successor as skipper. Maresca told Sky Sports the captains are confirmed 'for now', he'll revisit after the transfer window closes.

For a squad in transition, it's a big call. And Haaland being deliberately kept out of the conversation is the unexpected bit."
31441491-5727-46d1-8e02-9aa07cb27016,man_utd,t,news,routine,,archived,t,2026-08-16 06:53:50.535197+00,2026-08-16 08:53:50.535197,2026-08-16 06:53:49+00,2026-08-16 06:53:53.257+00,2026-08-16 08:53:53.257,0.04536338333333333333,08,,,,"Man Utd lost 4-2 to Amorim's AC Milan. Rashford (winger) returned as a sub, his first United appearance in 20 months.",He'll be conflicted,Man Utd lost 4-2 to AC Milan. But Rashford came back as a sub after 20 months away.,"rashford returns,
utd still lose 4-2",Like your work nemesis getting promoted the same week your long-lost favourite colleague is back from maternity. A lot to process.,Rashford's first United appearance in 20 months came in a 4-2 pre-season defeat to AC Milan. Mixed feelings all round heading into the new season.,"[""Carrick said 'no excuses' after the loss, what does your guy think of that attitude from a manager?"", ""Rashford came back as a sub after 20 months. Does he think that reunion has legs?"", ""4-2 to AC Milan in pre-season, worth panicking about or just noise before it matters?""]",drama,t,"Rashford returns to Man Utd after 20 months, but United lose 4-2 to AC Milan",t,{man_utd},533,"Man United wrapped up pre-season with a 4-2 loss to Ruben Amorim's AC Milan in Poland. It wasn't pretty, and manager Carrick didn't sugarcoat it, saying 'no excuses' after the defeat.

But there was one feel-good moment: Marcus Rashford came on as a second-half substitute, his first appearance in a United shirt in nearly 20 months. Whether that reunion is permanent or just a pre-season cameo, the crowd was glad to see him back.

Season starts now, how your guy processes that result will tell you a lot about his mood heading in."
7e2ee31d-4623-410e-91b6-fbd8e2556c6e,newcastle,t,news,routine,,archived,t,2026-08-16 06:55:28.836989+00,2026-08-16 08:55:28.836989,2026-08-16 06:55:26+00,2026-08-16 06:55:31.414+00,2026-08-16 08:55:31.414,0.04295018333333333333,08,,,,"Newcastle's new boss Matthias Jaissle lost his first home game 1-2 to Leverkusen, but said: 'I am quite optimistic.'","Fresh start, familiar sting",New boss Jaissle lost 1-2 at home to Leverkusen. He's staying positive regardless.,"new boss, first loss
at st james' park","Like starting a new gym with a brilliant new instructor you were so excited about, then the first class leaves you sore in all the wrong ways. You still think he's worth sticking with.","Matthias Jaissle's first home game as Newcastle manager ended 1-2 to Leverkusen in front of 39,000 fans. He called himself 'quite optimistic', the jury is still out.","[""What does he know about Matthias Jaissle? Newcastle fans seem cautiously hopeful."", ""Losing at home first go, does your guy see it as a warning sign or just pre-season noise?"", ""They're reportedly close to signing a new defender from Benfica, is that the kind of signing he thinks Newcastle need?""]",drama,f,,f,{newcastle},519,"Newcastle have a new manager: Matthias Jaissle, who replaced Eddie Howe this summer. His first home game at St James' Park brought out 39,000 fans, and ended in a 1-2 friendly defeat to Bayer Leverkusen.

Jaissle's response? 'I am quite optimistic.' Which, when your first home game ends in a loss, is either inspiring or slightly concerning depending on your point of view.

They're also in advanced talks to bring in Amar Dedic from Benfica, so reinforcements could be coming. Early days for the new era at St James'."
3263fd38-30d3-48dd-9e4a-a5a06cce81e1,spurs,t,news,routine,,archived,t,2026-08-16 06:59:17.429603+00,2026-08-16 08:59:17.429603,2026-08-16 06:59:16+00,2026-08-16 06:59:19.73+00,2026-08-16 08:59:19.73,0.03833995000000000000,08,,,,Djed Spence has left Spurs for Inter Milan on a five-year deal. Tottenham beat Hoffenheim 3-0 in pre-season yesterday.,Spurs let Djed Spence go,Djed Spence is off to Inter Milan. Spurs beat Hoffenheim 3-0 in pre-season yesterday.,"spence gone,
inter milan bound","Like when someone from your friend group finally moves to the city they always said they'd end up in. You're happy for them, but the group feels different now.","Djed Spence has signed a five-year deal at Inter Milan, leaving Spurs with a thinner squad at right-back. Tottenham did beat Hoffenheim 3-0 the day before, so there's at least that.","[""How does he rate Djed Spence, was he a Spurs player worth keeping or did they do well to sell?"", ""Beating Hoffenheim 3-0, does that put him in a good mood ahead of the new season?"", ""With Spence gone, does he think Spurs need another full-back before the window closes?""]",,f,,f,{spurs},468,"Djed Spence (right-back) has officially left Tottenham, signing a five-year deal with Inter Milan. He sent a farewell message to Spurs fans on the way out.

Meanwhile, Tottenham had a 3-0 win over Hoffenheim in pre-season yesterday, a clean sheet and three goals heading into the new season is exactly the kind of warmup you want.

The Spence exit thins the squad slightly at full-back, so it'll be interesting to see if Spurs bring anyone in before the window closes."
e156fc7f-e5b2-408a-8192-5a3f0cc5ebad,west_ham,f,news,routine,,archived,t,2026-08-16 07:00:16.465743+00,2026-08-16 09:00:16.465743,2026-08-16 07:00:15+00,2026-08-16 07:00:19.041+00,2026-08-16 09:00:19.041,0.04292095000000000000,09,,,,"West Ham have signed Arne Engels from Celtic for £22m, a new EFL record fee for a Belgian international midfielder.",West Ham broke the EFL bank,"They have signed Belgium midfielder Arne Engels from Celtic for £22m, a new EFL record.","£22m record:
engels is a hammer","Like when your flatmate insisted on spending a wild amount on a statement sofa after a rough year, technically a new personal best, just not quite the flex it would've been in better times.",West Ham have paid a record £22m EFL fee to sign Belgium international midfielder Arne Engels from Celtic. A big statement signing for the club as they look to bounce back.,"[""What does he know about Arne Engels? West Ham just broke the EFL transfer record for him."", ""Spending £22m in the Championship, does he think that's bold ambition or reckless money?"", ""If West Ham are splashing record fees, does he think they can go straight back up?""]",exciting,f,,f,{west_ham},492,"West Ham have made a statement, they've paid £22m for Celtic's Arne Engels, a Belgium international midfielder, which is a new EFL record transfer fee.

Engels is 22 years old and has played international football for Belgium, so this is a proper signing rather than a squad filler. West Ham are clearly spending big to push back up this season.

Whether your guy sees this as a sign of serious intent or just burning money, it's hard to ignore a club-record deal for a Belgian international."
10838ab2-a932-4ed5-b040-c8d073ab09f4,arsenal,t,sunday_brief,routine,,archived,t,2026-08-16 09:14:29.733452+00,2026-08-16 11:14:29.733452,2026-08-16 09:14:28+00,2026-08-16 09:14:34.337+00,2026-08-16 11:14:34.337,0.07672580000000000000,11,,,,"The trophy defence starts today. Arsenal vs Man City in the Community Shield, then Coventry at the Emirates on Friday to open the league.",Season is back,"Community Shield today, Coventry at home Friday. He will be in a mood either way.","arsenal vs city.
trophy defence.
friday, the league.","The champions defending, like the girl who won Sports Personality now having to do it again.",,"[""Text him mid-afternoon: which one is Arsenal wearing today, home or away kit? He will tell you and mention the fixture without you asking."", ""Worth knowing: Community Shield is Arsenal vs the FA Cup holders, and this year the champions play Man City because City won the cup. It is the season opener but it does not count for the league."", ""If they lose today he will say it does not matter. If they win he will say it is a sign. Both are wrong. Friday is the day that actually counts.""]",,f,,f,,405,"Arsenal are the champions. That is the sentence he has been repeating all summer. Today they play Manchester City in the Community Shield at 3pm UK time. It is a friendly with a trophy at the end, so a good day out but not the real thing. The real thing is Friday, when they open the league at home to Coventry, one of the newly promoted sides. He will be watching both. He will be smug about one of them."
e44684de-2f5f-4c78-a0a2-cb5ce1b32eb9,aston_villa,t,sunday_brief,routine,,archived,t,2026-08-16 09:15:25.341579+00,2026-08-16 11:15:25.341579,2026-08-16 09:15:24+00,2026-08-16 09:15:28.436+00,2026-08-16 11:15:28.436,0.05157368333333333333,11,,,,"Villa lost the Super Cup to PSG on Wednesday. Brighton away next Sunday to open the league, then Arsenal at home the week after.",Villa's rebuild week,Lost the Super Cup Wednesday. Brighton away next Sunday to open the league.,"villa 1-2 psg.
super cup gone.
brighton next sunday.","Losing the pre-season final, like the group presentation you rehearsed all week going wrong.",,"[""Pre-load Sunday next week. Villa play at 2pm, so a lazy morning then football on in the background works."", ""The Super Cup is the trophy the Champions League winner plays the Europa League winner for. It sits before the league starts. Losing it stings but nobody remembers by October."", ""The Villa vs Arsenal fixture on August 31 is the first proper test of who is where in the pecking order this season.""]",,f,,f,,365,"Villa finished fourth in the Premier League last season, which qualified them for the Champions League this year. They played PSG in the UEFA Super Cup on Wednesday and lost 2-1. Not the start of the season he had in mind. Next Sunday they are away at Brighton for the league opener, and the week after that it is Arsenal at Villa Park. The proper stuff starts now."
65561514-0aa5-43dd-b829-40928eaf68cf,bournemouth,t,sunday_brief,routine,,archived,t,2026-08-16 09:15:49.448569+00,2026-08-16 11:15:49.448569,2026-08-16 09:15:48+00,2026-08-16 09:15:52.455+00,2026-08-16 11:15:52.455,0.05010718333333333333,11,,,,"Big away day next Sunday: Bournemouth open at Manchester City. They finished 6th last season, best ever. Tough test to start.",City away to open,Bournemouth start at the Etihad next Sunday. Best finish ever last year: 6th.,"city away.
sunday, 2pm.
from 6th.","The hardest possible opener, like the group project starting with the flat-mate you argued with.",,"[""Tell him you saw the fixture list. Bournemouth at City to open, then Everton at home. Ask him which one he actually thinks they can nick."", ""6th place last season was Bournemouth's best ever finish. He knows this. Reference it and watch him light up."", ""He'll probably say the opener does not matter. It matters, but only if they lose 5-0.""]",,f,,f,,356,"Bournemouth had their best ever Premier League finish last season, 6th on 57 points. And they got Manchester City away as their opening fixture, which is the hardest possible start. Next Sunday, 2pm UK time. Then Everton at home the following Saturday. Two weeks that will tell you whether last season was a peak or a floor. He is already nervous about it."
e3e7ef6b-ba02-46fc-a877-7663cf48f74a,brentford,t,sunday_brief,routine,,archived,t,2026-08-16 09:16:14.315587+00,2026-08-16 11:16:14.315587,2026-08-16 09:16:13+00,2026-08-16 09:16:17.148+00,2026-08-16 11:16:17.148,0.04720688333333333333,11,,,,Brentford host Tottenham at 5:30 next Saturday to open the league. A little London derby to start the season.,London derby Saturday,Brentford open at home to Spurs next Saturday at 5:30. Quiet local one to start.,"spurs, saturday.
home, 5.30 kick.
season on.","The quiet London derby, like meeting his mate for pints without any of his loud ones there.",,"[""Suggest Saturday takeaway. Kickoff is 5:30, so Deliveroo before, football on, done by 7:30."", ""The Brentford vs Spurs one is quiet as London derbies go. No history, no venom, just two mid-table sides who will not admit they are mid-table."", ""He'll probably say Brentford always start well and fade. Ask him whether 9th place last year counts as fading.""]",,f,,f,,369,"Brentford finished 9th on 53 points last season, a solid mid-table year. This season starts at home to Tottenham next Saturday at 5:30pm UK time. It is a London derby with none of the noise of a top-six one, which is very Brentford. Then Leeds away the following Saturday, then a League Cup night at Birmingham on the Tuesday. A proper football week to kick things off."
86a13c91-39e2-4886-9b5f-c3cd541505fb,brighton,t,sunday_brief,routine,,archived,t,2026-08-16 09:16:37.866881+00,2026-08-16 11:16:37.866881,2026-08-16 09:16:37+00,2026-08-16 09:16:40.633+00,2026-08-16 11:16:40.633,0.04610198333333333333,11,,,,"Big Brighton week: Tromso away Thursday for the Conference League, then Villa at home Sunday to open the Premier League.",Europe is back,"Tromso in Norway Thursday, Villa at home Sunday. Brighton's biggest week of pre-season.","tromso, thursday.
villa, sunday.
europe on.","The week two flights and three plans deep, like a weekend hen do that keeps escalating.",,"[""Plan around Sunday. Villa at home is at 2pm, so a lie-in then match then lunch works."", ""Tromso is above the Arctic Circle. The Amex to Tromso is about a 5-hour flight and 30 degrees colder. He will bring this up."", ""Brighton were 8th on 53 points last season. Not top four but very much in the European mix. This is the reward.""]",,f,,f,,401,"Brighton have Europe back, and it starts with a trip to Tromso in northern Norway on Thursday for the Conference League playoff first leg. That is Arctic Circle territory. Then Aston Villa at home on Sunday at 2pm UK for the Premier League opener, and Tromso back at the Amex the following Thursday. Big week, three matches in eight days. Finished 8th last season on 53 points, and this is the reward."
32e0edd7-7a85-447b-a37d-b000bec9804b,burnley,f,sunday_brief,routine,,archived,t,2026-08-16 09:17:02.747933+00,2026-08-16 11:17:02.747933,2026-08-16 09:17:01+00,2026-08-16 09:17:04.619+00,2026-08-16 11:17:04.619,0.03118445000000000000,11,,,,"Burnley host West Ham at 4pm today. Championship starts with the two clubs that just came down. Fresh league, familiar opponent.","Championship, 4pm today","Burnley open at home to West Ham. Two clubs that just came down, meeting on day one.","west ham today.
4pm, turf moor.
new league.","The reunion match on a new level, like bumping into your ex at a new bar you both moved to.",,"[""Text him before kickoff. Not a big pep talk, just: heard it kicks off at 4, hope Turf Moor is buzzing. That is enough."", ""The Championship opening day is quietly one of the best fixtures in football, mostly because everyone is angry, tired, and pretending they are not."", ""He'll probably say Burnley bounce straight back. A lot of teams say that. Norwich have said it a lot. Do not be the one to point it out today.""]",,f,,f,,370,"Burnley go into the Championship today at 4pm UK time at home to West Ham. Two clubs that just came down from the Premier League, meeting on opening day. It is a strange, honest kind of fixture. The plastic seats are the same. The league is different. Then West Brom away next Sunday, then a League Cup night at Bradford on Wednesday. New level, three games in ten days."
cf22c3d3-08eb-4cc1-91ec-8b1f7a763a4b,chelsea,t,sunday_brief,routine,,archived,t,2026-08-16 09:17:25.746848+00,2026-08-16 11:17:25.746848,2026-08-16 09:17:24+00,2026-08-16 09:17:28.157+00,2026-08-16 11:17:28.157,0.04016920000000000000,11,,,,"Chelsea open away at Fulham a week on Monday, 8pm kick off. West London derby to start the season on Sky Monday Night Football.",Monday night derby,"Chelsea open at Fulham a week on Monday, 8pm. West London derby on Sky.","fulham away.
monday, 8pm.
sky main event.","The Monday night game, like the meeting you've been dreading all weekend.",,"[""Book Monday next week off in your head. Chelsea at Fulham 8pm, he will be locked in from 7. Order in."", ""West London derby vibes are quiet compared to Chelsea vs Arsenal. Bragging rights and not much else, but three points from an opener always matter."", ""10th last season was Chelsea's worst finish in ages. He is expecting more this year. Manage the first-week temperature accordingly.""]",,f,,f,,382,"Chelsea start the league a week on Monday, away at Fulham at 8pm. A west London derby to open, and it is the Monday night game on Sky, so all eyes on them. Then Luton at home in the League Cup on Thursday, then Brighton at home in the league next Saturday. Chelsea finished 10th on 52 points last season, which was not what anyone signed up for. He wants a proper start to this one."
f1036eb4-ba91-4f79-8d83-3cf9dc939db9,crystal_palace,t,sunday_brief,routine,,archived,t,2026-08-16 09:17:55.397518+00,2026-08-16 11:17:55.397518,2026-08-16 09:17:54+00,2026-08-16 09:17:57.923+00,2026-08-16 11:17:57.923,0.04209136666666666667,11,,,,"Palace open at Everton's new ground next Saturday, then Manchester City at Selhurst on the Friday. Not the softest fortnight.",Everton new stadium,"Palace open at Everton's new ground Saturday, then City at home Friday night.","everton next.
new ground, 3pm.
city, friday night.","Two big-night openers, like the calendar week where two weddings land in a row.",,"[""Tell him you clocked the Friday game. Palace at home to City on August 28 is the kind of night he will want you around for."", ""The Everton fixture is a proper occasion, first competitive game at Hill Dickinson. He will want to be watching."", ""15th was tight last season. This opening pair is not the reset he was hoping for, but Selhurst on a Friday night rarely disappoints.""]",,f,,f,,398,"Crystal Palace start next Saturday at 3pm away at Everton, the first proper league game at the new Hill Dickinson Stadium. Then Manchester City at home under the Friday night lights on August 28. That is two of the more atmospheric fixtures on offer, back to back. Palace finished 15th on 45 points last season, which is not a lot of margin for a soft opening month. Wednesday nights and takeaways."
c0bd2a39-ac11-4411-aab3-d1a618b76d66,everton,t,sunday_brief,routine,,archived,t,2026-08-16 09:18:10.103885+00,2026-08-16 11:18:10.103885,2026-08-16 09:18:09+00,2026-08-16 09:18:12.255+00,2026-08-16 11:18:12.255,0.03585191666666666667,11,,,,"First proper game at Hill Dickinson Stadium next Saturday, Everton vs Crystal Palace at 3pm. New ground, new season.","New ground, new season","First league game at Hill Dickinson next Saturday. Everton vs Palace, 3pm.","hill dickinson.
first league day.
palace at 3pm.","The first proper occasion at the new house, like a housewarming with the door still smelling of paint.",,"[""Text him Saturday morning: how are you feeling about the first one at the new place. He will have thought about it for weeks."", ""Hill Dickinson Stadium is the new one on the waterfront. Everton played there for a bit last season but this is the first proper league opener there. Big deal for him."", ""Everton finished 13th on 49 points last season. Not glamorous but it kept them up comfortably. This year the target is climbing again.""]",,f,,f,,383,"Everton open their season next Saturday at 3pm at home to Crystal Palace, and it is the first Premier League game at the new Hill Dickinson Stadium. That is the story of the day. Then a League Cup night at Preston on the Wednesday, then Bournemouth away the following Saturday. A club that spent decades at Goodison starting a new era with a home league opener. Bit poetic, actually."
d825ac5a-26db-4bb8-bade-a17457eb2348,fulham,t,sunday_brief,routine,,archived,t,2026-08-16 09:18:24.643663+00,2026-08-16 11:18:24.643663,2026-08-16 09:18:24+00,2026-08-16 09:18:26.512+00,2026-08-16 11:18:26.512,0.03113895000000000000,11,,,,"Monday night at Craven Cottage: Fulham host Chelsea to open the league, 8pm on Sky. West London derby to kick things off.",Cottage on Sky Monday,"Fulham open at home to Chelsea a week Monday, 8pm. Derby night on telly.","chelsea, monday.
cottage, 8pm.
sky prime slot.","The Monday night derby in the pretty ground, like the boutique restaurant getting the big review.",,"[""Book the Monday. Fulham at home to Chelsea at 8pm, he will be in front of the telly from 7. Suggest an early dinner."", ""The Cottage on a Monday night is one of the nicer atmospheres in the league. Cameras will linger on the river. Genuinely pretty."", ""Fulham beat Chelsea last time at Craven Cottage in the league. He knows this. Bring it up before he does.""]",,f,,f,,366,"Fulham open the league a week on Monday, at home to Chelsea at 8pm. It is the Monday Night Football game on Sky, which means the ground will be full and the Cottage will look its best on telly. Then AFC Wimbledon at home in the League Cup on the Thursday, then Sunderland away next Sunday. Fulham were 11th last season on 52 points. Not a bad little run to build on."
7c05c9e2-d244-47ef-953c-630062206637,leeds,t,sunday_brief,routine,,archived,t,2026-08-16 09:18:38.774636+00,2026-08-16 11:18:38.774636,2026-08-16 09:18:38+00,2026-08-16 09:18:41.54+00,2026-08-16 11:18:41.54,0.04608940000000000000,11,,,,"Leeds start next Saturday at Nottingham Forest at 3pm, then a League Cup night at Forest again on the Tuesday. Same opponent twice in four days.",Forest twice in four days,"Leeds open at Forest next Saturday, then Forest again in the cup Tuesday. Same trip twice.","forest, saturday.
forest, tuesday.
same trip twice.","The double booking of the same venue, like weddings in the same country house a week apart.",,"[""Tell him you clocked the double up. Same fixture Saturday and Tuesday, both at Forest. He will grumble about the travel."", ""14th on 47 points last year means Leeds stayed up without ever really settling. This season is the settle-in one."", ""The League Cup at Forest on Tuesday is not the priority, but he will still be in front of it. Have plans for the Saturday, join him for the Tuesday if you fancy.""]",,f,,f,,366,"Leeds open at Nottingham Forest away next Saturday at 3pm. Then Forest again three days later in the League Cup, back at the City Ground. Same opponent, same trip, twice in four days. Leeds finished 14th on 47 points last season, which is a survived-first-season-up kind of number. Then Brentford at home on the Saturday after. A proper opening ten days of football."
54666459-6195-4f8e-976e-ef33feb35af1,liverpool,t,sunday_brief,routine,,archived,t,2026-08-16 09:18:54.491516+00,2026-08-16 11:18:54.491516,2026-08-16 09:18:53+00,2026-08-16 09:18:57.435+00,2026-08-16 11:18:57.435,0.04905806666666666667,11,,,,"Liverpool play Como in a friendly today, then Newcastle away next Sunday at 4:30pm to open the league. Big Sky Sunday to start.",Newcastle away Sunday,Liverpool open at St James' next Sunday 4:30. The big Sky game of the weekend.,"newcastle away.
sunday, 4.30.
sky big game.","The 4:30 Sunday game with everyone watching, like the birthday brunch where the whole group turns up.",,"[""Save next Sunday afternoon. Newcastle away at 4:30 will be the game everyone watches. Roast and telly is the play."", ""5th last year and no Champions League cut deep. He does not want to relive it. Frame this season as fresh start, not payback."", ""Newcastle at home always have a big first day. Loud ground, Wor Flags out. Liverpool will not get an easy afternoon.""]",,f,,f,,405,"Liverpool have a friendly against Como today, then the season starts next Sunday away at Newcastle at 4:30pm UK time. That is the big Sunday afternoon Sky slot, which every neutral will watch. Then Nottingham Forest at home the following Saturday lunchtime. Liverpool finished 5th on 60 points last season, which meant no Champions League. This year is the response season, and it begins loud on Tyneside."
4f4903fe-94c4-4546-825e-68883c00154e,man_city,t,sunday_brief,routine,,archived,t,2026-08-16 09:19:26.322544+00,2026-08-16 11:19:26.322544,2026-08-16 09:19:25+00,2026-08-16 09:19:28.745+00,2026-08-16 11:19:28.745,0.04037426666666666667,11,,,,Community Shield today: City vs Arsenal at 3pm in Cardiff. Then Bournemouth at home next Sunday to open the league. Response season kicks off.,"Shield today, 3pm","City vs Arsenal in Cardiff. First trophy of the year, first look at the season.","arsenal, 3pm.
cardiff, shield day.
season on.","The first big rematch of the year, like the ex you keep running into at the same coffee place.",,"[""Pop it on at 3. It is Wembley in spirit and Cardiff in fact, and he will not want to miss the walk-out."", ""The Community Shield does not really count, but City vs Arsenal, first competitive game, will feel like a preview of the whole season."", ""City finishing 2nd last year was their worst in ages. Whatever happens today, he wants a proper season this year. Match his energy.""]",,f,,f,,413,"Manchester City play Arsenal in the Community Shield today at 3pm UK time at the Principality Stadium in Cardiff. It is the first trophy of the year, sitting between last season and the real thing. Then Bournemouth at home next Sunday at 2pm for the Premier League opener, then Crystal Palace away on the Friday. City finished 2nd on 78 points last season, which for them was disappointing. Response starts today."
6d85f417-d814-4da7-ac6d-568eb15cdc0c,man_utd,t,sunday_brief,routine,,archived,t,2026-08-16 09:19:42.126389+00,2026-08-16 11:19:42.126389,2026-08-16 09:19:41+00,2026-08-16 09:19:44.226+00,2026-08-16 11:19:44.226,0.03499351666666666667,11,,,,"United open away at Hull next Saturday lunchtime, then Ipswich at home the week after. Two promoted sides to start the season.",Hull away Saturday,United open at Hull next Saturday 12:30. Ipswich at home the week after.,"hull, saturday.
12.30 kick.
from 3rd, again.","The lunchtime kickoff that ruins the lie-in, like the 8am brunch reservation your friend booked.",,"[""Text him Friday: any chance of a lie-in Saturday. Kickoff is 12:30, so probably not, but the negotiation matters."", ""United last played at Hull's ground in 2016. He probably has feelings about it. Ask, then let him tell you the whole story."", ""3rd place last season was the big turnaround. He wants a proper title tilt this year. Do not undersell it by calling this a soft opener out loud.""]",,f,,f,,390,"Manchester United go to Hull City next Saturday at 12:30pm UK time for the opener, then Ipswich at home on August 30. Both are newly promoted sides, which on paper is the softest possible fortnight. United finished 3rd on 71 points last season, which was a proper step back up, and this is the start of proving it was not a fluke. Hull away lunchtime kick off, so a quick one. Set an alarm."
400f47e8-83b6-440e-87e5-876c9f8472e7,newcastle,t,sunday_brief,routine,,archived,t,2026-08-16 09:19:56.222114+00,2026-08-16 11:19:56.222114,2026-08-16 09:19:55+00,2026-08-16 09:19:58.432+00,2026-08-16 11:19:58.432,0.03683143333333333333,11,,,,"Newcastle host Liverpool next Sunday at 4:30pm, the big Sky game of the weekend. St James' will be full and loud.",Liverpool at home Sunday,Newcastle host Liverpool next Sunday 4:30 on Sky. Big TV opener at St James'.,"liverpool, sunday.
4.30, st james.
sky main game.","The Sunday afternoon TV window with the whole country watching, like family Christmas dinner in real time.",,"[""Plan Sunday afternoon next week around it. Match on at 4:30, tea after. He will be pacing before kickoff."", ""12th last season was the worst finish since the Saudi takeover. Do not bring it up but understand the pressure sitting in the room."", ""The 4:30 Sunday slot is the biggest single TV window of the week. Every neutral will be watching Newcastle. He will love that.""]",,f,,f,,400,"Newcastle open at home to Liverpool next Sunday at 4:30pm UK time, the Sunday afternoon Sky game everyone will watch. Then West Brom in the League Cup on the Wednesday. Newcastle finished 12th on 49 points last season, which was well below what he expected. This is the response opener, at St James' Park on a Sunday afternoon in front of the whole country. He has been waiting three months for this."
c021934c-e10e-4245-af02-f73069c09152,nottm_forest,t,sunday_brief,routine,,archived,t,2026-08-16 09:20:10.389135+00,2026-08-16 11:20:10.389135,2026-08-16 09:20:09+00,2026-08-16 09:20:13.278+00,2026-08-16 11:20:13.278,0.04814775000000000000,11,,,,"Forest host Leeds next Saturday at 3pm, then Leeds again in the League Cup on the Tuesday. Same opponent twice at the City Ground.",Leeds twice at home,"Forest open vs Leeds Saturday, then Leeds again in the cup Tuesday. Same week twice.","leeds, saturday.
leeds, tuesday.
same week twice.","Same fixture twice in a week, like your work nemesis being on two of your Teams calls in a row.",,"[""Tell him you noticed the double up. Two Leeds games at home in four days, and both are winnable. He needs that."", ""16th on 44 points last year was close. Bring it up only if he does. Focus on the fresh start."", ""The League Cup night on the Tuesday will be quieter. Season tickets get in, ground half full. Nice midweek if you fancy going with him.""]",,f,,f,,391,"Nottingham Forest open at home to Leeds next Saturday at 3pm, then Leeds again three days later in the League Cup. Same fixture, same ground, twice inside four days. Forest finished 16th on 44 points last season, one place off the drop, which he did not enjoy. This start is at home, familiar, winnable. If they cannot beat Leeds twice at the City Ground in a week, it will be a long autumn."
e5825c07-ae47-4bdc-8100-af1efed0c593,spurs,t,sunday_brief,routine,,archived,t,2026-08-16 09:20:26.090324+00,2026-08-16 11:20:26.090324,2026-08-16 09:20:25+00,2026-08-16 09:20:27.926+00,2026-08-16 11:20:27.926,0.03059460000000000000,11,,,,"Spurs open away at Brentford next Saturday at 5:30pm. Not a glamour opener, but 17th last season means every point is a relief.",Brentford away Saturday,Spurs open at Brentford next Saturday 5:30. Coming off a season that finished 17th.,"brentford, sat.
5.30 kick.
from 17th.","The rebuild opener with a stinging season behind it, like the group chat after a family argument.",,"[""Text him Saturday afternoon: kickoff at 5:30 tonight, anything you need me to pick up. He will appreciate the effort."", ""17th last season was ugly and he does not want to talk about it. Do not open with it. Let him bring it up."", ""Brentford at 5:30 on a Saturday is the awkward slot. Everyone at the pub already, no time for a proper dinner. Suggest a quick pizza.""]",,f,,f,,438,"Tottenham start the league next Saturday away at Brentford at 5:30pm. It is a west London trip for a 5:30 kick off, so Sky's early-evening slot. Then Charlton at home in the League Cup on the Wednesday. Spurs finished 17th on 41 points last season, which was one place above the drop and closer to disaster than anyone wants to admit. This is a season that needs a soft, steady start. Brentford is not that but it is not the worst either."
0b4d7c39-0345-4f1f-9cd9-73d7dfb8b5c7,sunderland,t,sunday_brief,routine,,archived,t,2026-08-16 09:20:51.270946+00,2026-08-16 11:20:51.270946,2026-08-16 09:20:50+00,2026-08-16 09:20:53.168+00,2026-08-16 11:20:53.168,0.03161756666666666667,11,,,,Sunderland go to Ipswich next Saturday at 3pm. Coming off 7th place as a newly promoted side last season. Second season now.,Ipswich away Saturday,Sunderland open at Ipswich next Saturday 3pm. Coming off a 7th-place fairy-tale.,"ipswich, sat.
3pm kick.
from 7th up.","The second season after the fairy-tale, like the follow-up to the year you finally sorted your life out.",,"[""Pre-book Saturday for him. Ipswich away at 3pm, roast at 5, telly on, sofa. Standard weekend."", ""7th on 54 points last year was one of the great promoted-team stories. He is proud. Do not undersell it."", ""Second season syndrome is a real thing in football. Do not say those words out loud but expect them to hover over any bad result this month.""]",,f,,f,,424,"Sunderland open away at Ipswich next Saturday at 3pm, then Fulham at home the following Saturday. Sunderland finished 7th on 54 points last season, which for a newly promoted side is a fairy tale, and now comes the harder bit. Second season is where clubs either kick on or slide. Ipswich away is the classic opener neither side wanted, both promoted or bouncing sides, but this time Sunderland go in as the established one."
c418d09e-d7b6-40fa-bd61-5b58fdf24acf,west_ham,f,sunday_brief,routine,,archived,t,2026-08-16 09:21:05.119526+00,2026-08-16 11:21:05.119526,2026-08-16 09:21:04+00,2026-08-16 09:21:07.269+00,2026-08-16 11:21:07.269,0.03582456666666666667,11,,,,"West Ham are at Burnley at 4pm today. First game of the Championship season, two clubs that just came down. New league starts here.","Championship, 4pm today",West Ham at Burnley. Two just-relegated clubs opening the new league on day one.,"burnley, 4pm.
away day one.
new league.","The first day at a new office, like starting at a lower-key job you did not choose.",,"[""Text him after the score, not before. He does not want a pep talk before a game he wishes he was not watching."", ""Turf Moor first away day in a new league. Both sides came down last season. It is a genuine event for both sets of fans."", ""The Championship is a different animal. He knows this. Do not use the phrase second tier out loud today. Nobody wants it.""]",,f,,f,,402,"West Ham open the Championship season this afternoon at 4pm UK time away at Burnley, the other big club that just came down. Then Charlton at home next Saturday, then Southampton in the League Cup on the Tuesday. Odd summer, quieter than usual. Championship openers are strange, everyone still adjusting to the fact this is the level now. Get through today's ninety and it starts to feel like a season."
82c2e9b2-2a62-49d7-a1cd-803684332938,wolves,f,sunday_brief,routine,,archived,t,2026-08-16 09:21:19.994908+00,2026-08-16 11:21:19.994908,2026-08-16 09:21:19+00,2026-08-16 09:21:22.103+00,2026-08-16 11:21:22.103,0.03513486666666666667,11,,,,"Wolves drew 2-2 with Blackburn on Friday to open the Championship. Preston away next Saturday, then Sheffield Wednesday in the cup.",Preston next Saturday,"Wolves drew Blackburn 2-2 on Friday. Preston away next weekend, then Stoke at home.","blackburn 2-2.
preston next.
championship life.","Four games in fifteen days at a level nobody expected, like the calendar of a demotion nobody wanted.",,"[""Ask him what he made of Blackburn on Friday. He watched it, he has opinions, he wants to share them."", ""Preston at Deepdale is one of the more atmospheric away days. Old stand, low roof. Nice to see on telly if the pub has it on."", ""20th place last season was rough. Do not skirt around it. Match his mood, which today is probably somewhere between relieved and grumpy.""]",,f,,f,,421,"Wolves opened their Championship season on Friday night at home to Blackburn and drew 2-2. Not a bad start, not the flying one either. Preston away next Saturday at 3pm, then the League Cup at Sheffield Wednesday on the Monday, then Stoke at home the Saturday after. The reality of the Championship arrived in one week: four games in fifteen days, two of them against clubs that used to be Premier League. Long road back."
6e5deec5-0659-40a2-9d0c-6dc96fb5c067,arsenal,t,matchday,routine,,archived,t,2026-08-17 06:55:35.181503+00,2026-08-17 08:55:35.181503,2026-08-17 06:55:33+00,2026-08-17 06:55:39.589+00,2026-08-17 08:55:39.589,0.07345828333333333333,08,2026-08-16 14:00:00+00,1582365,,Arsenal won the Community Shield 3-0 against Man City yesterday. First trophy of the new season. Coventry at home on Friday night to open the league.,Phone-his-dad moment,Arsenal beat Man City 3-0 to win the Community Shield. He'll be glowing for days.,"community shield.
arsenal 3-0 city.
season starts.",Like getting the best match on your first Hinge swipe. Arsenal didn't waste any time.,"Arsenal won the Community Shield 3-0 against Man City yesterday. It's the traditional trophy match before the Premier League season kicks off, and Arsenal won it with something to spare.","[""Pre-pour his drink. Arsenal just won the Community Shield 3-0 against Man City. He's been waiting to tell you all day."", ""Ask him: does the Community Shield actually matter to him, or is it just a warm-up?"", ""Tell him Arsenal open the league on Friday night against Coventry. His face will tell you how confident he is.""]",exciting,t,Arsenal won the Community Shield 3-0 against Man City.,t,"{arsenal,man_city}",271,"It was as good as it gets for a season opener. Arsenal beat Man City 3-0 in the Community Shield yesterday. No drama, no equaliser to worry about. Three goals, clean sheet, trophy.

The Premier League season starts on Friday. Arsenal host Coventry at the Emirates at 8pm."
d5672ba5-fb3c-43aa-9947-178fe8e63a86,ipswich,t,news,routine,,archived,t,2026-08-17 06:57:09.864725+00,2026-08-17 08:57:09.864725,2026-08-17 06:57:08+00,2026-08-17 06:57:12.79+00,2026-08-17 08:57:12.79,0.04875458333333333333,08,2026-08-22 14:00:00+00,,,Ipswich are back in the Premier League for the new season. First game is at home against Sunderland on Saturday at 3pm.,He'll be bouncing,Ipswich are back in the Premier League. He'll have been counting down for weeks.,"ipswich are back.
premier league.
sunderland, saturday.",Like getting back on Hinge after a year off and matching on day one. Fresh chapter.,Ipswich are back in the Premier League for the 2026-27 season. They open at home against Sunderland on Saturday at 3pm. It's their return to the top flight.,"[""Tell him the season opener is at home this Saturday at 3pm against Sunderland. His excitement levels will tell you everything."", ""Ask him: what's the realistic aim for this season back in the Premier League?"", ""He's been waiting for this. Tell him you'll watch with him on Saturday. He'll appreciate it more than you know.""]",exciting,f,,f,"{ipswich,sunderland}",264,"It's happening again. Ipswich are back in the Premier League for 2026-27. The new season kicks off at home on Saturday, when Sunderland come to Portman Road at 3pm.

This is their first top-flight fixture since getting relegated, and it's a home game to open with."
748dcc85-a645-4018-a570-f18e2901b061,man_city,t,matchday,routine,,archived,t,2026-08-17 06:58:12.81976+00,2026-08-17 08:58:12.81976,2026-08-17 06:58:11+00,2026-08-17 06:58:16.053+00,2026-08-17 08:58:16.053,0.05388733333333333333,08,2026-08-16 14:00:00+00,1582365,,Man City lost the Community Shield 0-3 to Arsenal. Heavy defeat in the new manager's first game. Bournemouth at home Sunday.,He'll be a bit gutted,Man City lost 0-3 to Arsenal in the Community Shield. He'll have notes.,"0-3 to arsenal.
shield gone.
new season next.","Like your first post-breakup date going immediately sideways. Fresh start, instant disaster.","Man City lost the Community Shield 3-0 to Arsenal yesterday. Their new manager's first competitive game ended in a heavy defeat, though the Premier League opener is just around the corner.","[""Tell him you saw it ended 3-0. He'll have a whole explanation about why pre-season form doesn't count."", ""Ask him: does the new manager get any grace period after a result like that, or does it set a tone for the season?"", ""He's been following City closely. Their first league game is at home Sunday against Bournemouth. He'll be talking about this all weekend.""]",bad_news,f,,f,"{man_city,arsenal}",271,"Not the start anyone wanted. Man City went to the Community Shield and lost 3-0 to Arsenal. Their new manager's first competitive game ended in a heavy defeat.

The Premier League season starts on Sunday though. Bournemouth at home at 2pm, and the league is what matters."
cbfda2e4-8d79-48b0-af42-f628877adb70,arsenal,t,news,routine,,archived,t,2026-08-18 06:37:59.858102+00,2026-08-18 08:37:59.858102,2026-08-18 06:37:58+00,2026-08-18 06:38:03.813+00,2026-08-18 08:38:03.813,0.06591496666666666667,08,,,,Odegaard (Arsenal captain) says last season's injury struggle made him stronger heading into the title defence.,He's smiling at his phone,Arsenal captain Odegaard says his injury year made him sharper. He sounds ready.,"odegaard.
hurt, then healed.
ready for it now.","It's like taking a Hinge break when you're burned out, doing the actual work, then coming back genuinely ready for something real.",Arsenal captain Odegaard had a tough year with injuries. He says it's made him stronger. Arsenal are defending champions this season and he wants to lead that defence.,"[""He's been following Odegaard's fitness since the summer. Tell him the captain says he's come back different. Then sit back."", ""Ask him: does he think Arsenal win the league again this season, or is the rest of the league catching up?"", ""Tell him Odegaard is talking about his injury battle making him mentally tougher. Worth dropping into the conversation tonight.""]",exciting,f,,f,{arsenal},293,"Martin Odegaard (Arsenal captain) had a genuinely difficult time with injuries last season. He says the struggle didn't break him. Arsenal ended their title drought last year, and heading into the new season as defending champions, their captain is saying he's come back with a different gear."
c5d2add3-0219-44d6-9e24-cb84b5377bd1,aston_villa,t,news,routine,,archived,t,2026-08-18 06:39:36.667411+00,2026-08-18 08:39:36.667411,2026-08-18 06:39:35+00,2026-08-18 06:39:39.334+00,2026-08-18 08:39:39.334,0.04444315000000000000,08,,,,"The Juventus deal for Martinez (Aston Villa goalkeeper) fell through. He's still at Villa, but his future is unclear.",He'll have opinions,Villa's Martinez had his Juventus move collapse. His future at the club is unclear.,"martinez.
juve said no.
now what?",It's like when your job offer gets rescinded at the last minute and you're still at your old desk trying to act normal.,"Villa goalkeeper Martinez had a move to Juventus lined up. It collapsed. He's still at the club as the new season begins, but his future is unclear.","[""He's been tracking this one all week. Tell him Martinez is still at Villa after the Juventus deal fell through. He'll have a take."", ""Tell him Juventus went for Spurs' keeper instead, which is why Martinez is stuck in limbo at Villa. He might already know."", ""Ask him: does he think Martinez stays and commits to Villa for the season, or does another club come in?""]",drama,f,,f,"{aston_villa,spurs}",298,"Aston Villa goalkeeper Emi Martinez had a move to Juventus lined up. It's collapsed. Juventus went for Spurs keeper Vicario instead. Martinez is back at Villa but nobody knows what happens next. He's got a Premier League season starting on Sunday at Brighton, and it's a bit of a strange situation."
2a160a74-96d9-4b6d-8f58-8f90fdebd0ef,brighton,t,news,routine,,archived,t,2026-08-18 06:41:52.774144+00,2026-08-18 08:41:52.774144,2026-08-18 06:41:51+00,2026-08-18 06:41:59.702+00,2026-08-18 08:41:59.702,0.11546426666666666667,08,,,,Brighton knocked back a £7.5m bid from Rangers for winger Cozier-Duberry. He's not going anywhere.,Crisis averted,Brighton turned down a £7.5m Rangers bid for winger Cozier-Duberry. He stays.,"brighton said no.
rangers bid rejected.
cozier-duberry stays.",It's like your employer matching your counter-offer the day before you hand in your notice. He's staying put.,Rangers offered £7.5m for Brighton winger Cozier-Duberry. Brighton said no. The player stays at the club as the new season kicks off.,"[""Tell him Brighton knocked back a £7.5m bid from Rangers for Cozier-Duberry. He's staying. Gauge the reaction."", ""He'll probably have strong thoughts on whether the fee was right. Let him run with it."", ""Ask him: do you think £7.5m is enough for a Premier League winger, or was Brighton right to hold out?""]",exciting,f,,f,{brighton},229,Rangers wanted Brighton winger Amario Cozier-Duberry badly enough to put £7.5m on the table. Brighton said no. The winger is staying at the club. Brighton start the new Premier League season against Aston Villa at home on Sunday.
6c3f11be-2f64-4072-ad80-d5cb7392ef63,chelsea,t,news,routine,,archived,t,2026-08-18 06:43:53.34667+00,2026-08-18 08:43:53.34667,2026-08-18 06:43:52+00,2026-08-18 06:43:59.946+00,2026-08-18 08:43:59.946,0.10998883333333333333,08,,,,"Chelsea co-owners Boehly and Walter are exploring selling their 13% stakes to Clearlake Capital, which would give Clearlake 86% control.",He'll have a whiteboard out,Chelsea's Boehly and Walter are exploring selling their stakes to Clearlake.,"boehly.
might be selling up.
clearlake takes over?",It's like two of the original squad quietly floating the idea of cashing out while the new CEO has barely had their first week.,"Chelsea co-owners Boehly and Walter are considering selling their stakes to Clearlake Capital. If they do, Clearlake would effectively control the club just as new manager Xabi Alonso is getting started.","[""He's been watching Chelsea's ownership saga all summer. Tell him Boehly is now exploring a sale. That'll get him going."", ""Tell him if the deal goes through, Clearlake would have 86% of Chelsea. Basically complete control of the club."", ""Ask him: does he think centralised ownership actually helps Chelsea, or is the drama just getting started?""]",drama,t,"Chelsea co-owners Boehly and Walter explore selling their stakes to Clearlake Capital, who would hit 86% control.",t,{chelsea},343,"Todd Boehly (Chelsea chairman) and Mark Walter (director) are exploring selling their shares in Chelsea to Clearlake Capital, which already owns the majority of the club. Each of them holds about 13%. If the sale goes ahead, Clearlake would have around 86% of Chelsea. New manager Xabi Alonso has just started. The boardroom is already moving."
74d32873-70f4-43d5-b444-12ebb4872662,ipswich,t,news,routine,,archived,t,2026-08-18 06:46:00.26739+00,2026-08-18 08:46:00.26739,2026-08-18 06:45:58+00,2026-08-18 06:46:03.299+00,2026-08-18 08:46:03.299,0.05052683333333333333,08,,,,"Ipswich have signed two players from Strasbourg: midfielder Julio Enciso and Abdoul Ouattara, completing their arrival before the new season.",T-shirt material,"Ipswich signed two from Strasbourg: Enciso and Ouattara. Two in, one go.","ipswich.
two in.
strasbourg duo signed.","It's like your housemate announcing two new flatmates on the same day, before you've even agreed to one of them.",Ipswich have signed two players from Strasbourg: Julio Enciso and Abdoul Ouattara. Both arrive as the club prepares for the new Premier League season.,"[""Tell him Ipswich just signed two players from Strasbourg in one go. He'll have thoughts on whether they're the right signings."", ""He'll probably want to run you through exactly who Enciso and Ouattara are. Just nod and top up his drink."", ""Ask him: does Ipswich have what it takes to stay up this season, or is it another survival fight from the off?""]",exciting,f,,f,{ipswich},259,"Ipswich have completed the signing of Julio Enciso (midfielder) and Abdoul Ouattara (forward) from French club Strasbourg. Two players arriving at once, both ready for the new season. Ipswich open the Premier League campaign at home to Sunderland on Saturday."
bdd21bb6-6cbf-4779-9cde-a582db2c41f8,man_city,t,news,routine,,archived,t,2026-08-18 06:48:00.420929+00,2026-08-18 08:48:00.420929,2026-08-18 06:47:58+00,2026-08-18 06:48:03.006+00,2026-08-18 08:48:03.006,0.04308451666666666667,08,,,,Rodri (Man City's Spain midfielder) has arrived in Barcelona to complete his dream move. One of City's most important players is leaving.,He'll be a bit gutted,Man City's Rodri has landed in Barcelona to complete his move. He's actually gone.,"rodri.
off to barcelona.
dream move complete.",It's like the one person in the group chat who always sorts the logistics quietly finally deciding to go after their own plans. You don't know what you've got till they stop showing up.,"Rodri, Man City's Spain midfielder, has arrived in Barcelona to complete his move to the club. He's described it as his dream move. City lose one of their most important players as the season begins.","[""He'll already know. Tell him Rodri is officially in Barcelona. Then watch him recalibrate his Man City predictions."", ""Tell him Man City are already looking for a replacement in the transfer window. He'll have opinions on how you replace someone like that."", ""Ask him: can Man City be title contenders without Rodri, or has this tipped the season in Arsenal's favour?""]",bad_news,t,"Rodri has arrived in Barcelona to complete his transfer from Man City, describing it as his dream move.",t,{man_city},281,"Rodri (Man City midfielder, Spain international) has arrived in Barcelona to complete what he's calling his dream move. He's been one of Man City's most important players for years. The new Premier League season hasn't even started and City have already lost their midfield anchor."
2c74ff8f-aa4b-4d7d-95fd-79d7a0d64130,man_utd,t,news,routine,,archived,t,2026-08-18 06:48:16.211433+00,2026-08-18 08:48:16.211433,2026-08-18 06:48:15+00,2026-08-18 06:48:18.838+00,2026-08-18 08:48:18.838,0.04377611666666666667,08,,,,Man Utd will not sell captain Bruno Fernandes (United's Portuguese midfielder) despite Galatasaray's approach. He's staying.,Crisis averted,Man Utd confirmed they won't sell Fernandes despite Galatasaray interest. He stays.,"fernandes.
not going anywhere.
staying put.","It's like your friend ruling out moving abroad for the job offer, and you realise you'd been holding your breath about it without admitting it.",Man Utd captain Bruno Fernandes will not be sold despite interest from Galatasaray. The club made clear he is not for sale. He stays at Old Trafford for the new season.,"[""Tell him Fernandes is confirmed as staying at United. The club knocked back Galatasaray. He'll be relieved or not surprised."", ""He's been moaning about United all summer. Tell him at least the captain is staying. Worth a conversation starter tonight."", ""Ask him: is keeping Fernandes enough for United to have a proper season, or are there bigger gaps in the squad?""]",exciting,f,,f,{man_utd},233,"Manchester United have made it clear: Bruno Fernandes (United captain, Portuguese midfielder) is not going anywhere. Galatasaray were interested, but United rejected the approach. His captain stays at Old Trafford for the new season."
37f788ac-405c-458a-bea2-91c4b2403964,nottm_forest,t,news,routine,,archived,t,2026-08-18 06:49:42.323648+00,2026-08-18 08:49:42.323648,2026-08-18 06:49:41+00,2026-08-18 06:49:43.837+00,2026-08-18 08:49:43.837,0.02522253333333333333,08,,,,Forest have sold striker Taiwo Awoniyi (Nigeria international) to Coventry City for £9m. Leeds at home on Saturday.,He'll have opinions,Forest sold striker Awoniyi to Coventry for £9m. Season starts Saturday.,"awoniyi.
sold to coventry.
9m, gone.","It's like clearing someone out of the flat right before a big party. Makes logistical sense, but you notice the space.","Forest have sold Taiwo Awoniyi, their Nigerian striker, to Coventry City for £9m. The sale was completed before the new season begins. Forest open the Premier League campaign at home to Leeds on Saturday.","[""He's been watching Forest's squad all summer. Tell him Awoniyi has gone to Coventry. He'll start doing the maths on their attack."", ""Tell him £9m for a striker going out before the season starts is the kind of transfer that either makes sense or doesn't. He'll know which."", ""Ask him: do you think Forest can still push for Europe without Awoniyi?""]",drama,f,,f,{nottm_forest},268,"Nottingham Forest have sold striker Taiwo Awoniyi (Nigeria international) to Coventry City for £9m. The sale goes through right before the new season starts. Forest host Leeds on Saturday at 3pm. One forward out, the question is whether they have enough going forward."
1722b15f-871a-4925-ac16-6eb7fdb45bdd,spurs,t,news,routine,,archived,t,2026-08-18 06:49:55.587128+00,2026-08-18 08:49:55.587128,2026-08-18 06:49:54+00,2026-08-18 06:49:58.928+00,2026-08-18 08:49:58.928,0.05568120000000000000,08,,,,Spurs have accepted a loan deal for goalkeeper Vicario to go to Juventus. Antonin Kinsky is now Tottenham's first-choice keeper.,He'll have opinions,Spurs' Vicario is going to Juventus on loan. Kinsky is the new No.1 at Tottenham.,"vicario.
loan to juve.
kinsky takes over.",It's like when someone's on secondment and does such a good job covering that suddenly the desk isn't theirs anymore when they get back.,"Tottenham have loaned goalkeeper Vicario to Juventus. He had lost his first-choice spot at Spurs to Antonin Kinsky, who is now the starting keeper going into the Premier League season.","[""He's been wondering about Spurs' keeper situation. Tell him Vicario is off to Juve and Kinsky is the new No.1. He'll have a verdict."", ""Tell him the reason Vicario is going on loan is he lost his spot to Kinsky this summer. Bit of an awkward position to be in."", ""Ask him: does he think Kinsky can be a reliable Premier League goalkeeper for Spurs this season?""]",drama,f,,f,{spurs},333,"Tottenham have accepted a loan offer from Juventus for goalkeeper Guglielmo Vicario (Spurs goalkeeper). The reason: Vicario has lost his No.1 slot to Antonin Kinsky (new Spurs goalkeeper), so a loan made sense for all parties. Kinsky is now Spurs' first-choice keeper going into the new season. Spurs open at Brentford next Saturday."
f2a00378-20cf-459b-be43-39b595f3594a,wolves,f,news,routine,,archived,f,2026-08-18 06:51:25.466443+00,2026-08-18 08:51:25.466443,2026-08-18 06:51:24+00,,,,,,,,Former Wolverhampton Wanderers captain Mike Bailey has died aged 84 after a long illness.,Former Wolves captain,"Mike Bailey, former Wolves captain, has died aged 84 after a long illness.","mike bailey.
former captain.
aged 84.",,"Mike Bailey, a former captain of Wolverhampton Wanderers, has passed away aged 84. He was a significant figure in the club's history.","[""Let him tell you about Bailey. If he's followed Wolves for years, he might have something to say."", ""Tell him you saw the news. Sometimes that's all that needs saying."", ""He might want to look up some old highlights tonight. Worth setting aside time to sit with him.""]",bad_news,f,,f,{wolves},171,"Mike Bailey, a former Wolverhampton Wanderers captain, has died aged 84. He had been ill for some time. Bailey was part of Wolves history. The club will be paying tribute."
5786967d-c099-4136-948a-c7ad5112befc,arsenal,t,news,routine,,archived,t,2026-08-19 06:40:49.337261+00,2026-08-19 08:40:49.337261,2026-08-19 06:40:47+00,2026-08-19 06:40:53.753+00,2026-08-19 08:40:53.753,0.07359565000000000000,08,,,,"Arteta (Arsenal manager) said it plainly before the season starts: 'We want to be the best club in the world.' Arsenal vs Coventry, Friday night.",T-shirt material,"Arteta said Arsenal want to be the best club in the world. Friday, they start defending.","arteta.
best in the world.
coventry friday.","It's like matching with someone on Hinge who opens with 'I'm not here for fun, I'm here for the one.' Bold, a bit intense, but you know exactly where you stand.",Arsenal manager Arteta said publicly he wants the club to be the best in the world. That's the ambition going into Friday's opener against Coventry.,"[""Drop 'Arteta said Arsenal want to be the best club in the world' and see where the conversation goes. He'll either fist-pump or list every other team in his way."", ""Ask him: does he think Arteta means it, or is it pre-season manager talk?"", ""The season starts Friday. This is the mood they're taking into it.""]",exciting,t,Arteta says Arsenal want to be the best club in the world. The Premier League season starts Friday.,f,{arsenal},396,"Mikel Arteta (Arsenal manager) sat down for his pre-season press conference and didn't mess about. He told Sky Sports: 'We want to be the best club in the world.'

Arsenal are already Premier League champions. The Community Shield is in the cabinet after Sunday's 3-0 win over City. Now Arteta's setting the bar even higher.

First test of that ambition: Coventry at the Emirates on Friday night."
340d9de2-2612-485d-98f2-c120684f9408,aston_villa,t,news,routine,,archived,t,2026-08-19 06:42:11.666114+00,2026-08-19 08:42:11.666114,2026-08-19 06:42:10+00,2026-08-19 06:42:14.848+00,2026-08-19 08:42:14.848,0.05303143333333333333,08,,,,Aston Villa have agreed a loan deal for Wan-Bissaka (West Ham's right-back). Extra cover sorted before Sunday's opener at Brighton.,He'll have opinions,Villa just loaned right-back Wan-Bissaka from West Ham. Sunday opener at Brighton.,"villa.
wan-bissaka in.
brighton sunday.","It's like a mate messaging at 8pm asking to borrow an outfit for a 9pm dinner. Solved, barely, but she's going.",Aston Villa have agreed a loan deal for Wan-Bissaka from West Ham. Extra cover added before Sunday's Premier League opener at Brighton.,"[""Tell him Villa got Wan-Bissaka in on loan from West Ham. He'll know immediately whether that's a smart move or a panic buy."", ""Ask him: does this solve the right-back problem, or is there still a gap in the squad?"", ""He's been keeping an eye on Villa's transfers. This one lands at the last minute. Let him take it from there.""]",exciting,f,,f,"{aston_villa,west_ham}",329,"Aston Villa have agreed to bring in Wan-Bissaka (West Ham's right-back) on loan, according to BBC Sport and the Guardian.

Villa have had a busy summer -- the Martinez-to-Juventus saga ended with him staying, and now they've added cover at right-back just before the league starts.

First league game: away at Brighton on Sunday."
d63be69c-249b-4d7f-b810-be57ef015589,brighton,t,news,routine,,archived,t,2026-08-19 06:44:54.761633+00,2026-08-19 08:44:54.761633,2026-08-19 06:44:53+00,2026-08-19 06:44:57.994+00,2026-08-19 08:44:57.994,0.05387278333333333333,08,,,,"Brighton have signed Canada striker David on loan. He's in for a big double gameweek: Conference League Thursday, Villa at home Sunday.",Fresh face for Brighton,"Brighton signed Canada striker David on loan. Conference League Thursday, Villa Sunday.","brighton.
new striker.
thursday first.","It's like a mate who just joined the WhatsApp group right before the group holiday. New energy, perfect timing, nobody quite knows what they're getting yet.","Brighton have signed Canadian striker David on loan, just in time for their Conference League game on Thursday and the Premier League opener against Villa on Sunday.","[""Tell him Brighton signed a Canadian striker called David just before their Conference League opener on Thursday. He'll know if that's a good or great signing."", ""Ask him: does a new striker change Brighton's outlook for the double gameweek?"", ""He's been tracking Brighton's summer. This one drops the day before the Tromso game. Watch his reaction.""]",exciting,f,,f,{brighton},307,"Brighton have signed Canada international striker David on loan, confirmed by BBC Sport on Tuesday night.

The timing is good -- they play Tromso in the Conference League on Thursday evening, then host Aston Villa on Sunday to open the Premier League season.

New striker, new season, two games to prove it."
84d48e6a-ae14-4853-aaaa-f17a1c8e161d,crystal_palace,t,news,routine,,archived,t,2026-08-19 06:46:35.045552+00,2026-08-19 08:46:35.045552,2026-08-19 06:46:34+00,2026-08-19 06:46:37.123+00,2026-08-19 08:46:37.123,0.03462413333333333333,08,,,,"Crystal Palace have signed Zavier Gozo, a 19-year-old US prospect from MLS. First league game Saturday at Everton's new ground.",He'll have a verdict,"Palace signed Zavier Gozo, 19, a US prospect from MLS. League opener Saturday at Everton.","palace.
gozo in from mls.
saturday opener.","It's like finding out someone on your team has been living in America for a year and apparently been 'killing it' over there. The hype's real, but you haven't seen it yourself yet.","Crystal Palace have signed Zavier Gozo, a 19-year-old US prospect from MLS. League starts Saturday away at Everton.","[""Tell him Palace just signed a 19-year-old American called Zavier Gozo from MLS. He'll have a verdict on whether that's a statement or a punt."", ""Ask him: does signing a young US prospect say something about where Palace want to go?"", ""Apparently Gozo's been turning heads in America all year. Palace spotted him before the big clubs did.""]",exciting,f,,f,{crystal_palace},369,"Crystal Palace have signed Zavier Gozo, a 19-year-old US youth international, from MLS. The deal was confirmed by BBC Sport and the Guardian on Tuesday evening.

The Guardian described Gozo as having 'turned heads in MLS this year' and on the cusp of a full US national team breakthrough.

Palace's first league game is Saturday at Everton's new Hill Dickinson Stadium."
80fe4bd7-ae1a-4a59-a922-fcba86fc2539,liverpool,t,news,routine,,archived,t,2026-08-19 06:48:28.693756+00,2026-08-19 08:48:28.693756,2026-08-19 06:48:27+00,2026-08-19 06:48:31.934+00,2026-08-19 08:48:31.934,0.05400406666666666667,08,,,,Bezos's group has officially bought 38% of Liverpool for more than £2bn. They could become majority shareholders within a year.,He's going to have opinions,Bezos's group paid over £2bn for 38% of Liverpool. Could be majority owner within a year.,"bezos.
38% of liverpool.
£2bn in.","It's like when your flatmate's new boyfriend turns up with his own key, his cooking on Sundays, and apparently has first dibs on buying the flat.","Bezos's group has confirmed a 38% stake in Liverpool, paying more than £2bn. They could become majority shareholders within a year.","[""Tell him Bezos's group officially bought 38% of Liverpool for more than £2bn. He'll want to work out what that means for transfers."", ""Ask him: if Bezos takes full control, what changes at Liverpool?"", ""They've also got first refusal to buy the rest. This could just be the start.""]",drama,t,Bezos consortium confirmed they've bought 38% of Liverpool for more than £2bn. They could become majority shareholders within a year.,t,{liverpool},393,"The Jeff Bezos group, trading as 1892 Holdings, has bought almost 40% of Liverpool. BBC Sport and the Guardian confirmed the numbers: the group paid more than £2bn for an initial 38% slice of the club.

1892 Holdings also has first refusal if FSG decides to sell more shares, meaning Bezos could become Liverpool's majority owner within a year.

First league game: away at Newcastle on Sunday."
ca232c7d-53be-44ea-8b68-77d43d51181a,man_city,t,news,routine,,archived,t,2026-08-19 06:50:07.237498+00,2026-08-19 08:50:07.237498,2026-08-19 06:50:06+00,2026-08-19 06:50:10.519+00,2026-08-19 08:50:10.519,0.05469170000000000000,08,,,,The Amazon Prime Guardiola documentary is out. He threatened to leave Man City '100 times' -- his own club chair confirmed it on camera.,Pop the popcorn,The Guardiola Amazon doc is out. He threatened to leave City 100 times. It's on camera.,"guardiola.
had enough, 100 times.
on prime now.",It's like watching the viral TikTok from inside someone's group holiday right after they posted 'best week ever' on Instagram. Amazon caught it all.,A new Amazon Prime documentary about Pep Guardiola's final two seasons at Man City reveals he threatened to leave over 100 times and nearly broke down in tears.,"[""Tell him the Guardiola Amazon documentary is out and he threatened to quit 100 times. He'll need to watch it tonight."", ""Ask him: did he know Guardiola was that close to walking out?"", ""Apparently there's footage of Pep nearly in tears and clashing with his own captain. He'll have a lot to say.""]",drama,t,The Amazon Prime Guardiola documentary reveals he threatened to leave Man City '100 times' and nearly broke down in tears.,f,{man_city},439,"There's a new Amazon Prime documentary about Pep Guardiola's (former Man City manager) final two seasons at the club. The Guardian confirmed it includes footage of Guardiola almost breaking down in tears and clashing with his captain.

Man City's club chair confirmed to Amazon that Guardiola threatened to leave '100 times' during his tenure.

For City fans, it's behind-the-scenes access to the most successful era in the club's history."
977cd1ac-dff3-49d7-a43e-9685429a2049,newcastle,t,news,routine,,archived,t,2026-08-19 06:51:55.575892+00,2026-08-19 08:51:55.575892,2026-08-19 06:51:54+00,2026-08-19 06:51:59.237+00,2026-08-19 08:51:59.237,0.06101846666666666667,08,,,,Newcastle have signed Amar Dedic (right-back) from Benfica for around £30m. He chose Newcastle specifically to work with new boss Jaissle again.,He'll have a take on this,Newcastle signed Dedic from Benfica for £30m. He chose Newcastle to reunite with Jaissle.,"newcastle.
dedic in, £30m.
he followed jaissle.","It's like turning down the Soho House job offer to go back to the startup where your old boss went. The money's probably not as good, but the vibe is.",Newcastle signed right-back Amar Dedic from Benfica for around £30m. He said the chance to work with new boss Matthias Jaissle again was the deciding factor.,"[""Tell him Newcastle signed right-back Dedic for £30m from Benfica, and he actually chose the club just to work with manager Jaissle again. He'll have thoughts."", ""Ask him: is building a squad around players who want to work with Jaissle a smart strategy for Newcastle?"", ""Apparently Dedic and Jaissle worked together at RB Salzburg before. The new boss is pulling in his people.""]",exciting,f,,f,{newcastle},344,"Newcastle have signed Amar Dedic (right-back) from Benfica for around £30m, confirmed by BBC Sport and the Guardian.

The Guardian revealed that Dedic specifically chose Newcastle to reunite with new manager Matthias Jaissle, having previously worked together at RB Salzburg.

Newcastle host Liverpool on Sunday for their Premier League opener."
66d92e89-03ef-412a-9128-499b7988b01b,west_ham,f,news,routine,,archived,t,2026-08-19 06:58:12.374791+00,2026-08-19 08:58:12.374791,2026-08-19 06:58:11+00,2026-08-19 06:58:14.91+00,2026-08-19 08:58:14.91,0.04225348333333333333,08,,,,"Aaron Wan-Bissaka is leaving West Ham on loan to Aston Villa, with an obligation to buy at the end of the season.",One more out the door,"Wan-Bissaka joins Aston Villa on loan, with a buy obligation at season's end.","wan-bissaka.
villa-bound.
obligation included.",Renting a flat you've already agreed to buy -- the moving boxes are already labelled.,"Wan-Bissaka heads from the Championship back to the Premier League. With an obligation to buy in the deal, Villa are already planning for him to stay.","[""With Wan-Bissaka gone, who do you think plays right back for West Ham now?"", ""Do you think the obligation to buy is a done deal already, or could it still fall through?"", ""Is it strange seeing him end up at Villa after his time at West Ham?""]",,f,,f,"{west_ham,aston_villa}",463,"West Ham are letting Aaron Wan-Bissaka go. The right back has joined Aston Villa on an initial loan deal that comes with an obligation to buy at the end of the season.

With the Hammers now in the Championship, it made sense for him to head back to the top flight. Villa get a proven Premier League defender and West Ham clear a wage from the books.

It opens up a spot in the defensive squad. Whether they reinforce before the window closes is the next question."
68d60463-eafa-4c00-8ef5-cd9bdf76d270,arsenal,t,news,routine,,archived,t,2026-08-20 06:41:57.460935+00,2026-08-20 08:41:57.460935,2026-08-20 06:41:56+00,2026-08-20 06:42:02.32+00,2026-08-20 08:42:02.32,0.08098441666666666667,08,,,,"Ezri Konsa (Aston Villa defender) is heading to Arsenal for more than £50m. He'll cover for Saliba, who's out with a back injury until October.",Crisis averted,Arsenal are bringing in Villa's Konsa for £51m. Saliba's injured till October.,"konsa.
in from villa.
defence sorted.",Ordering Zara Click & Collect the morning of the event because everything you'd planned is at the dry cleaner's. Arsenal sorted their defence before the season opener.,"Arsenal needed a defender before the Premier League season kicked off. Both Saliba and Timber are injured, so they moved for Konsa from Villa for around £51m. He should feature when Arsenal host Coventry tomorrow.","[""Tell [his name] Arsenal are getting Konsa from Villa. He'll love it or debate the price all evening."", ""Ask him: does Konsa fix the defensive gap while Saliba's out, or is there still something missing?"", ""He's probably refreshing transfer news. Let him know this one's done.""]",exciting,t,Arsenal bringing in Aston Villa defender Ezri Konsa for more than £50m before the season starts.,t,"{arsenal,aston_villa}",289,"Arsenal needed defensive cover and they've found it. Ezri Konsa is coming in from Aston Villa for around £51m. Both William Saliba and Jurrien Timber are out injured. Saliba had a back injury at the World Championship and won't be back until October, so Konsa should feature straight away."
e54bde47-d8da-4ae7-8885-4d7021ed0870,aston_villa,t,news,routine,,archived,t,2026-08-20 06:43:31.460574+00,2026-08-20 08:43:31.460574,2026-08-20 06:43:30+00,2026-08-20 06:43:33.937+00,2026-08-20 08:43:33.937,0.04127376666666666667,08,,,,Villa are losing Ezri Konsa (their England centre-back) to Arsenal for around £51m. He's been a key part of their defence.,He might grumble,Villa let Konsa go to Arsenal for £51m. Big hole at the back before the season opens.,"konsa.
out, to arsenal.
51m.","When your most dependable flatmate texts the group chat she's moving out, and it turns out she's going to live with your work rival.",Aston Villa are selling defender Ezri Konsa to Arsenal for around £51m. It comes right before Villa open their Premier League season at Brighton on Sunday.,"[""He'll probably be grumbling that Villa are selling to a rival. Tell him you noticed."", ""Ask him: do Villa have cover at the back, or is this a real problem heading into the season?"", ""Word is Al-Hilal are also sniffing around Watkins. Might be a tricky week for Villa fans.""]",bad_news,f,,f,"{aston_villa,arsenal}",325,"Aston Villa are selling defender Ezri Konsa to Arsenal for around £51m. He's been a reliable presence at centre-back for Villa. The deal comes right before the season starts, with Villa opening at Brighton on Sunday. There are also reports Al-Hilal are circling for Ollie Watkins, though nothing is confirmed on that one yet."
87ad7ef9-fc24-44da-9305-343798987232,brighton,t,news,routine,,archived,f,2026-08-20 06:47:09.075486+00,2026-08-20 08:47:09.075486,2026-08-20 06:47:07+00,,,,,,,,Man United have bid around £65m for Brighton midfielder Carlos Baleba. Brighton want more. Nothing is agreed yet.,He might have views,Man United are after Brighton's Baleba. Brighton aren't selling at that price yet.,"baleba.
man utd want him.
brighton hold firm.","Like getting a job offer you didn't apply for, while your current boss finds out and frantically offers you a raise. Baleba's in the middle of that right now.","Manchester United have bid around £65m for Brighton midfielder Carlos Baleba, but Brighton want more. The 22-year-old has agreed personal terms with United, so the transfer saga is very much live.","[""He's probably tracking this one closely. Tell him Brighton are holding firm on the price for now."", ""Did you know Baleba would be United's third midfielder signing of the summer? He'll have an opinion on that."", ""Ask him: does Brighton have to sell, or can they actually keep Baleba if they hold out?""]",drama,f,,f,"{brighton,man_utd}",317,"Manchester United have put in a bid of around £65m for Brighton's Carlos Baleba (22, midfielder). Brighton value him higher and haven't said yes. Baleba has reportedly agreed personal terms with United, so things could develop quickly. Brighton may not want to lose another key player so close to the season starting."
dfbc079f-3804-4dcb-94d1-1adad7206b79,brighton,t,news,routine,,archived,t,2026-08-20 06:48:19.208638+00,2026-08-20 08:48:19.208638,2026-08-20 06:48:18+00,2026-08-20 06:48:21.743+00,2026-08-20 08:48:21.743,0.04223936666666666667,08,2026-08-20 17:00:00+00,,,Brighton's players covered match tickets for fans at tonight's Conference League game against Tromso in Norway. They paid out of their own pockets.,T-shirt material,Brighton's squad paid for fans' tickets to tonight's Arctic Circle game. Lovely touch.,"brighton.
arctic tonight.
players paid.",Like someone picking up the whole table's bill without making a thing of it. Brighton's squad just paid for their fans' Arctic Circle trip.,Brighton's players covered the ticket costs for supporters traveling to Tromso in Norway for tonight's Conference League playoff match. The Arctic Circle trip is a big ask for fans.,"[""Tell [his name] Brighton's players covered the fan tickets for tonight's Norway trip. He'll think that's brilliant."", ""Did you know this is just the first leg? They play the return at home next week, so it counts double."", ""Ask him: is this the kind of club culture that makes Brighton special to follow?""]",exciting,f,,f,{brighton},271,"Brighton are playing Tromso in Norway tonight in the Conference League. Getting there is a long trip, so the squad decided to cover the cost of match tickets for supporters making the journey to the Arctic Circle. It's the kind of thing he'll repeat at least three times."
33895f2b-4f79-426f-8251-577c1aa43dce,chelsea,t,news,routine,,archived,t,2026-08-20 06:53:19.790512+00,2026-08-20 08:53:19.790512,2026-08-20 06:53:19+00,2026-08-20 06:53:22.277+00,2026-08-20 08:53:22.277,0.04144146666666666667,08,,,,"Chelsea have split their squad before the transfer window closes. Delap, Jackson and Mudryk are all in the outgoing training group.",His squad's having a clearout,"Chelsea split the squad. Delap, Jackson and Mudryk are in the outgoing group.","three players moved
to the exit group
window's closing","Like when your boss stops cc'ing you on the big strategy emails - no drama, just a quiet demotion. Chelsea moved Delap, Jackson and Mudryk into a separate training group before the window shuts.","Chelsea have split their pre-season training group into two, with Delap, Jackson and Mudryk all working away from the main squad. It's a clear signal the club expect to sell these players before the transfer window closes. Delap even had his number nine shirt reassigned.","[""What do you make of Chelsea moving Delap, Jackson and Mudryk to a separate training group?"", ""If Jackson leaves, who would be Chelsea's main striker?"", ""Does losing the number nine shirt mean Delap is definitely gone?""]",drama,f,,f,{chelsea},504,"Chelsea have split their training squad in two before the window closes. Liam Delap, Nicolas Jackson and Mykhailo Mudryk are all now training apart from the main group at Cobham - a clear sign the club expect to move them on.

Delap even had his number nine shirt taken away, which feels like a final word. With the transfer window still open, expect these names to be in the news.

If your partner's quieter than usual about Chelsea, this might be why. Worth asking him what he thinks about who's going."
a2f8ec6e-5dda-4434-8140-623160e4b27c,liverpool,t,news,routine,,archived,f,2026-08-20 06:56:45.324287+00,2026-08-20 08:56:45.324287,2026-08-20 06:56:44+00,,,,,,,,Italian champions Inter Milan are closing in on a £30m deal for Liverpool's Curtis Jones.,A midfielder he loves might go,Inter Milan are closing in on a £30m deal for Liverpool's Curtis Jones.,"inter are closing in
on a deal for
curtis jones","Think of it as your company getting a serious offer for your best colleague - one you'd genuinely miss. Inter Milan are closing in on a £30m deal for Liverpool's Curtis Jones, and it looks like it could go through.","Liverpool midfielder Curtis Jones is the subject of a £30m offer from Inter Milan, the Italian champions. BBC Sport reports the deal is close, meaning Jones could soon be playing in Serie A. It would be a noticeable departure from Liverpool's midfield.","[""How do you feel about Inter being so close to getting Curtis Jones?"", ""If Jones goes, who do you think Liverpool would bring in to replace him?"", ""Is £30m a good price for Jones or should Liverpool hold out for more?""]",drama,f,,f,{liverpool},474,"Inter Milan are reportedly closing in on a deal worth around £30m for Liverpool midfielder Curtis Jones. The Italian champions made their move and it looks like it could go through.

Jones has been a regular in Liverpool's midfield. Losing him would be a noticeable gap, though clubs like Liverpool tend to reinvest quickly.

If your partner seems distracted ahead of the new season, this might be why. Worth asking him how he feels about Jones potentially heading to Italy."
764a182c-4c6e-4340-b10d-a7bede7bf905,man_city,t,news,routine,,archived,t,2026-08-20 06:58:23.602423+00,2026-08-20 08:58:23.602423,2026-08-20 06:58:22+00,2026-08-20 06:58:26.088+00,2026-08-20 08:58:26.088,0.04142628333333333333,08,,,,Man City have sold Netherlands midfielder Tijjani Reijnders to Saudi side Al-Qadsiah for £52m.,His midfield keeps getting thinner,Reijnders moves to Saudi Arabia for £52m. City lose another midfielder this summer.,"reijnders is gone
52 million to
saudi arabia","It's like watching two of the best people in your department put in their notice in the same month - you start wondering who's steering the ship. City have now sold two key midfielders this summer, with Reijnders heading to Saudi Arabia for £52m.","Manchester City's Netherlands midfielder Tijjani Reijnders has completed a £52m move to Saudi side Al-Qadsiah. It's the second significant midfielder departure from City this summer, following Rodri's move to Barcelona. City will look to reinvest before the window closes.","[""How do you feel about City selling Reijnders to Saudi Arabia for £52m?"", ""That's two midfielders gone this summer - do you think City will replace them properly?"", ""Is losing Reijnders and Rodri in the same window too much for City to handle?""]",drama,f,,f,{man_city},509,"Manchester City's squad reshuffle continues. Netherlands midfielder Tijjani Reijnders has completed a £52m move to Saudi side Al-Qadsiah, making him the latest big-name departure from the Etihad this summer.

City have been selling midfielders and banking the cash - which points either to big reinvestment plans or a significant rebuild ahead of the new season.

If your partner's keeping a close eye on City's transfer news, this is the latest chapter. Worth asking him how he thinks the squad's shaping up."
13946f8d-8ca5-490f-adf6-93c9a1ec6cf9,man_utd,t,news,routine,,archived,t,2026-08-20 07:00:04.377819+00,2026-08-20 09:00:04.377819,2026-08-20 07:00:03+00,2026-08-20 07:00:07.052+00,2026-08-20 09:00:07.052,0.04456968333333333333,09,,,,"Marcus Rashford says he just wants to play football without his name being mentioned every day, after Gary Neville brought him up on a podcast.",He's sick of being the story,Rashford just wants to play. He said he's tired of his name being mentioned every day.,"rashford says he
just wants to play
in peace",Think of the workmate whose name keeps coming up in every team chat even when they're not there - that's Rashford right now. He told a podcast he just wants to play without his name being mentioned every day.,Manchester United forward Marcus Rashford said on a podcast that he wants to play football without his name constantly being discussed. The comment came after pundit Gary Neville brought him up in a conversation. It sounds like Rashford is tired of being the centre of attention off the pitch.,"[""Does Rashford wanting less attention mean he's going to refocus this season?"", ""Is Gary Neville still going on about United players even when they haven't played yet?"", ""If Rashford plays well and stays out of the headlines - is that the best possible outcome for United?""]",,f,,f,{man_utd},482,"Manchester United forward Marcus Rashford has spoken out, saying he wants to play football 'without his name being mentioned every day'. The comment came after Gary Neville brought him up on a podcast.

Rashford's been one of the most talked-about players in English football for years - often more for what's happening off the pitch than on it. He sounds ready to just get his head down.

Worth mentioning to your partner - Rashford wanting a quieter life is a very relatable mood."
31fcbe87-56ea-4b32-aeb3-fcbb1c7fa652,spurs,t,news,routine,,archived,f,2026-08-20 07:01:40.274899+00,2026-08-20 09:01:40.274899,2026-08-20 07:01:39+00,,,,,,,,Tottenham are in talks with Manchester City over a potential double deal for Savinho and Omar Marmoush.,Two City players in Spurs' sights,Spurs are in talks with City over a double deal - Savinho and Marmoush.,"spurs hunting
two players from
man city","Think of your rival firm headhunting two colleagues at once - ambitious and a bit audacious. That's Spurs right now, reportedly in talks to sign both Savinho and Omar Marmoush from Man City in one double deal.","Tottenham are reportedly in talks with Manchester City over a potential double signing of Savinho and Omar Marmoush. Sky Sports reports the two clubs are in discussions about a deal. If it goes through, it would be one of the bigger transfer moves of the summer window.","[""What do you make of Spurs potentially signing both Savinho and Marmoush from City?"", ""Would two City players actually improve Spurs' squad significantly?"", ""Do you think both deals will go through, or will one fall apart at the last minute?""]",,f,,f,"{spurs,man_city}",460,"Tottenham are reportedly in talks with Manchester City over a potential double deal for Savinho and Omar Marmoush, according to Sky Sports. It would be a significant pair of signings if it goes through.

City have been busy selling players this summer, so the timing works for them too. Whether Spurs can pull off both deals before the window closes is the question.

If your partner's cautiously optimistic about Spurs this summer, this is the one to mention."
e92dbe07-8d8d-41bc-9547-13e51ac30050,arsenal,t,news,routine,,archived,f,2026-08-21 06:37:34.724317+00,2026-08-21 08:37:34.724317,2026-08-21 06:37:33+00,,,,,,,,Arsenal are exploring a move for Juventus winger Kenan Yildiz after missing out on Vinicius Jr.,Winger hunt ongoing,Arsenal reportedly eyeing Kenan Yildiz from Juventus as a Plan B winger. Not confirmed.,"arsenal.
yildiz on the list.
after vinicius.",Like going back on Hinge after the match you really liked stopped replying. Arsenal missed Vinicius Jr and are now exploring Yildiz from Juventus.,"Arsenal missed out on Vinicius Jr this summer and are now looking at Juventus winger Kenan Yildiz as an alternative. Nothing confirmed yet, but Arteta wants a left-sided attacker before the window closes.","[""Tell him Arsenal are reportedly looking at Juventus winger Yildiz after missing out on Vinicius Jr. He'll have a take."", ""Ask him: is Yildiz the right fit for what Arteta needs, or does he think Arsenal can still land someone better?"", ""He'll probably say Arsenal can do better. Let him make the case.""]",drama,f,,f,{arsenal},236,Arsenal missed out on Vinicius Jr this summer and are now exploring Kenan Yildiz from Juventus as a left-sided attacker option. Arteta (Arsenal manager) wants the position filled before the transfer window closes. Nothing confirmed yet.
cbab4aee-59c0-41fd-b6c5-8f8eb72ee3ff,aston_villa,t,news,routine,,archived,t,2026-08-21 06:39:07.184965+00,2026-08-21 08:39:07.184965,2026-08-21 06:39:06+00,2026-08-21 06:39:09.716+00,2026-08-21 08:39:09.716,0.04218391666666666667,08,,,,Southampton rejected Villa's £18m bid for defender Taylor Harwood-Bellis. They're still searching for cover after losing Konsa.,Bid knocked back,Southampton rejected Villa's £18m bid for defender Harwood-Bellis. Back to searching.,"villa bid rejected.
harwood-bellis stays.
for now.",Like your go-to getting taken and the next option turning you down flat. Villa need a new defender and Southampton said no to their £18m bid.,"Villa tried to sign Southampton's Taylor Harwood-Bellis for around £18m, but Southampton said no. They still need defensive cover after losing Ezri Konsa to Arsenal.","[""Tell him Southampton rejected Villa's £18m bid for Harwood-Bellis. He'll know exactly what that means for their defence."", ""Ask him: does he think Villa will come back with a higher offer, or look elsewhere?"", ""He'll have a list of who Villa should be targeting instead. Just ask.""]",drama,f,,f,"{aston_villa,southampton}",267,"Aston Villa tried to sign Taylor Harwood-Bellis (Southampton defender) for around £18m plus add-ons, and Southampton knocked it back. With Konsa (their England centre-back) now gone to Arsenal, Emery (Villa manager) needs defensive cover before the season gets going."
890b6773-8285-4951-8c43-d07ad8fddd0f,brighton,t,news,routine,,archived,t,2026-08-21 06:40:54.889939+00,2026-08-21 08:40:54.889939,2026-08-21 06:40:50+00,2026-08-21 06:41:10.808+00,2026-08-21 08:41:10.808,0.26530101666666666667,08,,,,Brighton rejected Liverpool's £50m bid for winger Yankuba Minteh. He's staying at the Amex.,He's staying,Brighton knocked back Liverpool's £50m bid for winger Minteh. Not budging.,"brighton said no.
£50m for minteh.
liverpool turned down.",Like turning down £50m on Depop because the piece just isn't for sale. Brighton held firm on Minteh.,"Liverpool bid £50m for Brighton winger Yankuba Minteh, reportedly as a replacement for Salah. Brighton turned it down. Minteh stays, for now.","[""Tell him Brighton just rejected a £50m bid from Liverpool for their winger Minteh. He'll have a view on that price tag."", ""Ask him: does he think Brighton can keep holding out, or is Minteh leaving by the end of the window?"", ""He'll probably say £50m isn't enough. Let him tell you what he thinks they should demand.""]",exciting,t,Brighton reject Liverpool's £50m bid for Minteh,f,"{brighton,liverpool}",235,"Liverpool wanted Yankuba Minteh (Brighton winger) as a possible Salah replacement and put in a £50m offer. Brighton said no. Minteh is going nowhere, at least for now. He goes into the Premier League opener with his value even clearer."
f67ac759-ee2a-4c4b-b0c5-a1e7485dc6b8,chelsea,t,news,routine,,archived,f,2026-08-21 06:42:12.712682+00,2026-08-21 08:42:12.712682,2026-08-21 06:42:11+00,,,,,,,,Joao Pedro (Chelsea striker) is set to sign a new contract until 2032 before the Premier League season kicks off.,Something went right,Chelsea set to tie down striker Joao Pedro until 2032. Good news amid all the exits.,"pedro.
signed until 2032.
chelsea hold firm.","Like when the group chat is basically dead and one friend slides in with 'I'm not going anywhere, I love this place.' Chelsea are keeping Joao Pedro.",Chelsea are set to extend striker Joao Pedro's contract to 2032 before the new Premier League season. Good news for them after a busy summer of departures.,"[""Tell him Joao Pedro is reportedly signing a new deal at Chelsea until 2032. One player they're definitely holding onto."", ""Ask him: does he think Pedro is good enough to be their main striker for the next six years?"", ""He'll have opinions on Chelsea's squad. Drop the Pedro news and let him take it from there.""]",exciting,f,,f,{chelsea},232,"Amid all the departures and drama at Stamford Bridge this summer, Joao Pedro (Chelsea striker) is about to sign a new deal keeping him at the club until 2032. Chelsea have been shifting players out but this is one they want to keep."
528365f4-68cb-4cda-b7d4-400fcb55148c,liverpool,t,news,routine,,archived,t,2026-08-21 06:44:35.893719+00,2026-08-21 08:44:35.893719,2026-08-21 06:44:35+00,2026-08-21 06:44:39.097+00,2026-08-21 08:44:39.097,0.05338801666666666667,08,,,,Liverpool's £50m bid for Yankuba Minteh (Brighton winger) was rejected. They're still looking for a wide forward.,That one didn't work,Liverpool's £50m bid for Minteh rejected by Brighton. Still searching for a winger.,"£50m. rejected.
no minteh.
back to square one.",Like sending a Hinge superlike and getting unmatched the same day. Liverpool got a hard no from Brighton.,Liverpool bid £50m for Brighton winger Minteh as a potential Salah replacement. Brighton said no. Liverpool are still searching for wide cover before the window closes.,"[""Tell him Liverpool's £50m bid for Brighton winger Minteh was rejected. He'll have thoughts on what they do next."", ""Ask him: who does he think Liverpool should go after instead?"", ""He'll probably say they should've moved quicker. Just let him run with it.""]",drama,f,,f,"{liverpool,brighton}",272,"Liverpool put in a £50m offer for Yankuba Minteh (Brighton winger) as part of their search for wide-forward cover, and Brighton knocked it back. Minteh was seen as a possible long-term option after Salah's departure. The window's still open, but Liverpool need a new plan."
caaf4270-dc55-48dc-bc87-b8bfc6a7d7dc,man_city,t,news,routine,,archived,t,2026-08-21 06:45:33.520115+00,2026-08-21 08:45:33.520115,2026-08-21 06:45:32+00,2026-08-21 06:45:36.656+00,2026-08-21 08:45:36.656,0.05226475000000000000,08,,,,Spurs have agreed a £75m deal to sign Manchester City winger Savinho. Another key player heading out of the Etihad.,Another one gone,Spurs agreed £75m to sign Man City winger Savinho. Three big names out this summer.,"savinho.
to spurs, £75m.
who's left.","Like watching your friend group dissolve one wedding at a time. City have now sold Savinho, Rodri and Reijnders in the same summer.",Manchester City have agreed to sell winger Savinho to Spurs for £75m. It's the third big departure this summer after Rodri and Reijnders. Their rebuild is on.,"[""Tell him Spurs just agreed £75m for Man City's Savinho. That's Rodri, Reijnders, and now Savinho gone in one summer."", ""Ask him: does he think Man City can actually compete this season after all these departures?"", ""He'll probably have a strong take on whether Maresca's the right man to handle this rebuild.""]",bad_news,t,Man City agree £75m Savinho sale to Spurs amid summer rebuild,f,"{man_city,spurs}",281,Tottenham have agreed to pay £75m (potentially rising to £85m) to sign Savinho from Manchester City. He follows Rodri and Reijnders through the exit door this summer. City's rebuild under new manager Enzo Maresca just got more complicated before a ball's been kicked in the league.
ba4daa60-4632-4072-bb92-f5f2436bef49,man_utd,t,news,routine,,archived,f,2026-08-21 06:46:51.220199+00,2026-08-21 08:46:51.220199,2026-08-21 06:46:50+00,,,,,,,,Manchester United look close to signing Carlos Baleba (Brighton and Cameroon midfielder) for around £70m.,He might have opinions,United reportedly close to a £70m deal for Brighton midfielder Baleba. Not official yet.,"baleba.
close to united.
around £70m.",Like your mate who's been talking about quitting her job for months finally handing in her notice. Baleba looks to be leaving Brighton for United.,Manchester United are reportedly close to signing Brighton midfielder Carlos Baleba for around £70m. Carrick needs midfield reinforcements and Baleba has been the main target.,"[""Tell him United are reportedly close to signing Brighton midfielder Baleba for around £70m. He'll have a view on whether it's the right call."", ""Ask him: is Baleba the midfield upgrade Carrick actually needs?"", ""He'll probably say it's either brilliant or not enough. Let him work it out.""]",drama,f,,f,"{man_utd,brighton}",278,"Manchester United look set to land Carlos Baleba (Brighton and Cameroon midfielder) in a deal expected to be around £70m. Carrick (United manager) needs midfield depth and Baleba's been the name in the frame. Nothing official yet, but multiple reports are pointing the same way."
3ccb03e2-deeb-4659-80d9-7ad1c7bc4fcd,newcastle,t,news,routine,,archived,t,2026-08-21 06:48:15.999159+00,2026-08-21 08:48:15.999159,2026-08-21 06:48:15+00,2026-08-21 06:48:18.784+00,2026-08-21 08:48:18.784,0.04641401666666666667,08,,,,Newcastle's new manager Matthias Jaissle opened up about how an injury ended his playing career at 25 and put him on the path to management.,"The new boss, in his own words",Jaissle: injury ended his playing days at 25 and made him a manager. First game Sunday.,"jaissle.
injury made him.
first game sunday.",Like the friend who got made redundant at 25 and pivoted into something she was actually built for. Jaissle's career-change story is basically that.,Newcastle's new manager Jaissle spoke about his career-ending injury at 25 and how it put him on the path to management. He also spoke with Eddie Howe before taking the job. First game is Sunday vs Liverpool.,"[""Tell him Jaissle opened up about how an injury ended his playing career at 25 and turned him into a manager. Sounds like a good story."", ""Ask him: does he think Jaissle's the right man to take Newcastle forward?"", ""He'll probably say something about Sunday's game vs Liverpool. Ask if he's nervous for it.""]",drama,f,,f,{newcastle},334,"Matthias Jaissle (Newcastle's new manager) spoke publicly about the injury that ended his playing career at 25, saying it showed him the path to management. He also talked about a conversation with Eddie Howe (his predecessor at Newcastle) as he prepared to take the job. It's a nice window into who's now in charge at St James' Park."
01ca8634-1ef4-4afe-b9de-1e8d32878151,southampton,f,news,routine,,archived,t,2026-08-21 06:49:20.399545+00,2026-08-21 08:49:20.399545,2026-08-21 06:49:19+00,2026-08-21 06:49:23.155+00,2026-08-21 08:49:23.155,0.04592425000000000000,08,,,,Southampton rejected Aston Villa's £18m bid for defender Taylor Harwood-Bellis. He's not going anywhere.,Held firm,Southampton knocked back Villa's £18m bid for Harwood-Bellis. He stays. Good news.,"southampton.
no to villa.
harwood-bellis stays.",Like turning down a generous offer on Vinted because you're actually still wearing it. Southampton know what they have.,Southampton rejected Aston Villa's £18m-plus offer for defender Taylor Harwood-Bellis. He's staying. Southampton are holding their best players.,"[""Tell him Southampton rejected Villa's £18m bid to keep Harwood-Bellis. He'll have a view on whether they were right."", ""Ask him: does he think Southampton can hold on to him for the whole window?"", ""He'll probably have an opinion on whether £18m is fair value for an England defender.""]",exciting,f,,f,"{southampton,aston_villa}",229,"Aston Villa offered around £18m plus add-ons for Southampton defender Taylor Harwood-Bellis, and Southampton said no. He's an England-linked centre-back and Southampton clearly see him as key to their season. Good sign of intent."
e561b5b3-6f13-47c4-89cc-951b720335f6,spurs,t,news,routine,,archived,t,2026-08-21 06:50:13.382509+00,2026-08-21 08:50:13.382509,2026-08-21 06:50:12+00,2026-08-21 06:50:15.68+00,2026-08-21 08:50:15.68,0.03829151666666666667,08,,,,Tottenham have agreed a £75m deal to sign Savinho (Manchester City winger). He's heading to north London.,Giddy for a week,Spurs agreed a £75m deal to sign Man City winger Savinho. He's heading to north London.,"spurs got savinho.
£75m from city.
finally.",Like your friend finally swiping right on the Hinge match she'd been talking about for three weeks. Spurs finally pulled the trigger on Savinho.,Tottenham have agreed to sign Savinho from Manchester City for £75m. He's a Brazil winger and one of the more exciting players in recent PL seasons. Big news before the new season starts.,"[""Tell him Spurs have agreed £75m for Man City winger Savinho. That's a big statement signing before the season starts."", ""Ask him: does this change what he thinks Spurs can do this season?"", ""He'll probably be somewhere between surprised and delighted. Ask if he thinks Spurs can challenge.""]",exciting,t,Spurs agree £75m deal for Man City winger Savinho,f,"{spurs,man_city}",252,Tottenham have agreed a £75m deal (rising to £85m with add-ons) to sign Savinho from Manchester City. The Brazil winger was one of City's most dangerous players last season. Spurs move quickly ahead of their first league game at Brentford this weekend.
a0ccb512-ca3b-49ae-a2de-236a2e4aa0d6,arsenal,t,news,routine,,published,t,2026-08-22 06:45:47.85083+00,2026-08-22 08:45:47.85083,2026-08-22 06:45:47+00,2026-08-22 06:45:50.637+00,2026-08-22 08:45:50.637,0.04643616666666666667,08,,,,"Arsenal beat Coventry 3-0 to open their title defence. Havertz (striker), Saka (winger) and Odegaard (Arsenal captain) all scored.",Phone-his-dad moment,Arsenal beat Coventry 3-0 on opening night. He'll work the whole address book.,"arsenal 3-0 coventry.
the defence begins.",Like turning up to a first-round interview you're massively overqualified for. Arsenal were barely warming up and already 3-0.,Arsenal beat newly-promoted Coventry 3-0 on Friday night to kick off their Premier League title defence. Three different scorers. Arteta was delighted. He's going to be glowing.,"[""Pre-pour his drink. Tell him you saw the score."", ""Ask him: which of the three goals do you think was the best?"", ""He's probably been calculating the league table already. Tell him it already looks good.""]",exciting,t,"Arsenal open their title defence with a 3-0 win over Coventry. Havertz, Saka and Odegaard all scored.",t,"{arsenal,coventry}",240,"Champions Arsenal didn't ease into the new season. They thumped newly-promoted Coventry 3-0 on Friday night. Havertz scored first, Saka added a second, and Odegaard topped it off. Arteta said he had 'a lot to like.' He's probably not wrong."
eff3a828-c8f2-4a98-8e18-d6a0b47b7642,aston_villa,t,news,routine,,published,t,2026-08-22 06:46:08.732289+00,2026-08-22 08:46:08.732289,2026-08-22 06:46:07+00,2026-08-22 06:46:11.535+00,2026-08-22 08:46:11.535,0.04671185000000000000,08,,,,Emery (Aston Villa manager) admitted Watkins (Villa striker) might be available to leave before the transfer window closes.,He'll have thoughts,Villa boss Emery admitted Watkins might leave before the deadline. He'll be frustrated.,"emery.
watkins might go.
still in the window.","Like your flatmate mentioning she might have found somewhere else to live, mid-tenancy. Emery just said Watkins might leave before the season even gets going.",Villa boss Emery admitted their striker Watkins might leave before the transfer deadline. They've already lost several big players this summer. An uncertain start for Villa.,"[""Tell him Villa manager Emery said Watkins might go before the window closes. He'll have a take."", ""Ask him: if Watkins left, who would Villa rely on up front this season?"", ""He'll probably say Villa are falling apart. Point out they still have a strong squad otherwise.""]",drama,f,,f,{aston_villa},319,"Villa have already lost a few big names this summer, and now Emery admitted their star striker Ollie Watkins might be next. He said Watkins could follow several players out of the door before the transfer window closes. Villa just played their first game at Brighton on Sunday, and already there's uncertainty up front."
237700b4-9a4b-47a5-9015-f02058f00aef,brighton,t,news,routine,,published,t,2026-08-22 06:46:58.616989+00,2026-08-22 08:46:58.616989,2026-08-22 06:46:58+00,2026-08-22 06:47:01.631+00,2026-08-22 08:47:01.631,0.05023351666666666667,08,,,,Brighton drew in Norway against Tromso in their Conference League playoff first leg. The return match at home is where it gets decided.,He'll take it,Brighton drew in Norway in the European play-off. Home leg next to go through.,"drew in norway.
brighton still in it.",Like the first Bake Off episode where nobody goes home. The tension is building but the real drama starts next week.,Brighton drew in Norway in the first leg of their Conference League playoff. The return match at Brighton gives them home advantage to advance. Still very much alive.,"[""Tell him Brighton drew in Norway. He'll explain what they need at home to go through."", ""Ask him: is a draw in Norway a good enough result for Brighton to advance?"", ""He'll have the home-leg scenarios already worked out. Ask what Brighton actually need to win.""]",exciting,f,,f,{brighton},253,"Brighton headed to Tromso in Norway for the first leg of their Conference League playoff and came back with a draw. It's not a disaster. The second match is at Brighton, which gives them home advantage to finish the job. De Zerbi's side are still in it."
2902d1e3-e176-4871-b987-0a62426bff06,chelsea,t,news,routine,,published,t,2026-08-22 06:47:24.302918+00,2026-08-22 08:47:24.302918,2026-08-22 06:47:23+00,2026-08-22 06:47:26.768+00,2026-08-22 08:47:26.768,0.04108470000000000000,08,,,,Chelsea rejected an initial loan offer from Leeds United for winger Mykhailo Mudryk. He's staying at Stamford Bridge for now.,"Mudryk staying put, for now",Chelsea knocked back Leeds' loan bid for Mudryk. He's not going anywhere just yet.,"mudryk stays.
leeds said no deal.
for now.","Like turning down a Hinge match because they asked to split the bill on the first date. Not a no forever, just not on those terms.",Chelsea knocked back Leeds' loan offer for winger Mudryk. He's in the outgoing group but the club wants more. The window closes soon.,"[""Tell him Chelsea rejected Leeds' loan bid for Mudryk. The saga isn't over yet."", ""Ask him: where do you think Mudryk ends up before the window closes?"", ""He'll probably say Chelsea are stuck with a player nobody wants. Point out Leeds did want him, just not on Chelsea's terms.""]",drama,f,,f,"{chelsea,leeds}",288,"Chelsea were happy to see Mudryk go on loan, but not to Leeds. They rejected an initial season-long loan offer from Leeds this week. Mudryk has been in Chelsea's outgoing training group, but the club wants more for him than a Championship loan. Worth watching as the deadline gets closer."
83b85b65-4cfc-49a9-8342-1475248430ab,liverpool,t,news,routine,,published,f,2026-08-22 06:47:57.00996+00,2026-08-22 08:47:57.00996,2026-08-22 06:47:56+00,,,,,,,,Brighton knocked back Liverpool's improved £60m bid for winger Yankuba Minteh. Talks are apparently still going.,Minteh saga continues,Liverpool raised their Minteh bid to £60m. Brighton said no again. Still talking.,"liverpool bid again.
brighton say no.
for now.","Like texting your ex twice in a week. A bit desperate, but also, fair enough.","Liverpool raised their offer for Brighton's Minteh to £60m. Brighton rejected it again, but both clubs are still talking. The transfer window closes soon.","[""Tell him Brighton rejected Liverpool's second bid for Minteh, now at £60m. He'll have a view on how this ends."", ""Ask him: at what price does Brighton eventually sell Minteh?"", ""He'll probably say Liverpool are overpaying. Ask him what he'd do in their position.""]",drama,f,,f,"{liverpool,brighton}",262,"Liverpool came back with a bigger offer for Brighton winger Yankuba Minteh, this time worth £60m. Brighton said no again, though both clubs are apparently still in talks. Liverpool really want this one. Whether Brighton blink before the deadline is the question."
04b1c50d-cd28-4230-9dce-7d519b0d2686,man_utd,t,news,routine,,published,t,2026-08-22 06:49:04.153936+00,2026-08-22 08:49:04.153936,2026-08-22 06:49:03+00,2026-08-22 06:49:05.962+00,2026-08-22 08:49:05.962,0.03013440000000000000,08,,,,United's midfield has been rebuilt with Tielemans and Santos in. Carrick (United manager) has the squad he asked for. Hull City visit on Saturday.,He'll have a whiteboard out,United rebuilt their midfield. Hull City visit Saturday. Carrick's moment to deliver.,"man utd's midfield.
tielemans, santos.
baleba incoming.","Like your friend who complained about her open-plan office for months, then got a private desk. Now everyone's waiting to see if the work actually improves.","United have rebuilt their midfield this summer with Tielemans and Santos, plus a deal close for Baleba. Hull City visit Saturday for the opener. Carrick has the squad he asked for.","[""Tell him United finally sorted their midfield. He'll have thoughts on whether Carrick can deliver now."", ""Ask him: do you think Tielemans and Santos are good enough signings for United?"", ""He'll probably say it's not enough. Ask him what signing would actually impress him.""]",exciting,f,,f,"{man_utd,hull}",322,"Manchester United have sorted their midfield problem. Tielemans and Santos are in, Baleba deal close to being wrapped up. The Guardian says Carrick now has no excuses. Hull City visit Old Trafford on Saturday for United's first game of the season, which is as good a place as any to find out if the rebuild actually works."
c313273b-dba6-4964-b70f-8b956bd1cb7f,spurs,t,news,routine,,published,t,2026-08-22 06:49:32.04154+00,2026-08-22 08:49:32.04154,2026-08-22 06:49:31+00,2026-08-22 06:49:34.437+00,2026-08-22 08:49:34.437,0.03992433333333333333,08,,,,"Spurs midfielder James Maddison is managing an injury but says his family, including a second set of twins, is keeping him going.",Sweet one about Maddison,Spurs' Maddison is injured. His second set of twins is his unexpected distraction.,"maddison.
injured, distracted.
by twins.","Like when you're stressed about a work deadline but your group chat blows up with family news. Maddison's got babies, an injury, and somehow he seems fine.","Spurs midfielder Maddison is dealing with an injury ahead of the new season. He says his five young children, including a second set of twins, is what's keeping him focused. A lighter side to a tough start.","[""Tell him Maddison is managing an injury but staying positive. His second set of twins helps apparently."", ""Ask him: do you think Maddison will be fit for the start of the season?"", ""He's probably been tracking every Spurs injury update already. Tell him this one has a heartwarming side to it.""]",drama,f,,f,{spurs},312,"James Maddison is managing an injury ahead of the new season but says his family has been his focus. He's now got five children under four, including a second set of twins. He also revealed De Zerbi (Spurs manager) let the squad bond over a few beers before the season kicked off. A different kind of pre-season."
2854e226-61c3-4eca-bc33-9c3b9e76a87e,arsenal,t,news,routine,,published,t,2026-08-23 06:48:06.937725+00,2026-08-23 08:48:06.937725,2026-08-23 06:48:06+00,2026-08-23 06:48:10.583+00,2026-08-23 08:48:10.583,0.06075458333333333333,08,,,,Arsenal legend Ian Wright says Martinelli (Arsenal winger) deserves 'more respect'. He's questioning how the club are handling the winger's potential exit.,Wright's calling it out,Arsenal legend Wright says Martinelli deserves more respect. Proper row incoming.,"wright's speaking up.
martinelli deserves
better, he says.","Like the mate who always shows up and does everything right, but somehow keeps getting overlooked. Someone finally said it out loud in the group chat.","Ian Wright (Arsenal legend) has gone public defending Martinelli (Arsenal winger), saying he deserves more respect from the club. Wright is questioning how Arsenal are handling his potential exit.","[""Tell [his name] Wright just publicly defended Martinelli. Watch what he says next."", ""Ask him: does he think Arsenal are treating Martinelli fairly?"", ""He'll probably have a strong view on whether Martinelli should stay or go. Get ready.""]",drama,f,,f,{arsenal},437,"Arsenal legend Ian Wright has gone public defending Gabriel Martinelli (Arsenal winger). He says Martinelli deserves 'more respect' from the club.

Wright is questioning the way Arsenal have handled what looks like a potential exit for the winger. When a club icon publicly takes sides in a transfer saga, it usually means there's more going on behind the scenes.

If [his name] follows Arsenal, he probably already has thoughts on this."
971a2922-002b-4752-9235-b6a868a1517e,aston_villa,t,news,routine,,published,f,2026-08-23 06:48:34.524454+00,2026-08-23 08:48:34.524454,2026-08-23 06:48:33+00,,,,,,,,"Aston Villa are reportedly close to signing free agent Leon Goretzka (Germany midfielder), who left Bayern Munich after eight years this summer.",Villa transfer update,"Villa reportedly closing in on free agent Goretzka, Germany midfielder, ex-Bayern Munich.","villa in for goretzka.
free agent,
ex-munich.",Like getting a DM from the most in-demand person in your year group right after they became single. Villa are first to the inbox.,"Leon Goretzka (Germany midfielder) left Bayern Munich this summer and Aston Villa are reportedly closing in on a deal. It would be a free transfer, so no fee involved.","[""Tell [his name] Villa are reportedly about to sign a free agent Germany midfielder. He'll have an opinion."", ""Goretzka left Bayern Munich this summer, so Villa could get him for free. He might find that clever."", ""Ask him: is Goretzka still the player he was at his best?""]",exciting,f,,f,{aston_villa},405,"Aston Villa are reportedly close to signing Leon Goretzka (Germany midfielder), who left Bayern Munich earlier this summer after eight years at the club.

Because Goretzka is a free agent, Villa wouldn't need to pay a transfer fee, just agree terms on his contract. Nothing is confirmed yet but BBC report the deal is close.

If [his name] follows Villa, he might find this an interesting bit of business."
af29d969-d6b2-4f7b-8ff5-80c7b669aef1,brentford,t,news,routine,,published,t,2026-08-23 06:48:52.524536+00,2026-08-23 08:48:52.524536,2026-08-23 06:48:52+00,2026-08-23 06:48:56.398+00,2026-08-23 08:48:56.398,0.06455773333333333333,08,,,,Brentford beat Spurs convincingly on opening day. New signing Mamadou Sangare dazzled on debut as Spurs' new boss admitted his squad are 'not a team yet'.,Glowing,Brentford beat Spurs on opening day. New boy Sangare dazzled on debut. He'll be buzzing.,"brentford opened up.
new boy sangare.
statement day.","Like the new girl at the party who nobody expected to steal the show, ending up the most memorable person there.","Brentford beat Spurs convincingly on opening day, with new signing Sangare dazzling on debut. Spurs' manager admitted his team are still 'not a team yet' despite big summer spending.","[""Tell [his name] Brentford opened their season by beating Spurs. His face will make it worth it."", ""Brentford's new signing Sangare was their standout player on debut. He might not know the name yet."", ""Ask him: does he think Brentford can keep this level up?""]",exciting,f,,f,"{brentford,spurs}",436,"Brentford beat Tottenham Hotspur convincingly on opening day of the new Premier League season. New signing Mamadou Sangare (Brentford debutant) was the standout player, with BBC calling it a 'comfortable' win.

Spurs' new head coach Roberto De Zerbi (Spurs boss) was left admitting afterwards that his side are 'not a team yet', despite spending heavily over the summer.

If [his name] follows Brentford, Saturday was the perfect start."
dc4e55e0-9a7f-4ce4-8341-ac179f84d0f1,crystal_palace,t,news,routine,,published,t,2026-08-23 06:49:12.281447+00,2026-08-23 08:49:12.281447,2026-08-23 06:49:11+00,2026-08-23 06:49:14.721+00,2026-08-23 08:49:14.721,0.04065921666666666667,08,,,,Crystal Palace lost their Premier League opener to Everton. Bad start for Palace's new manager in their first match in charge.,He'll be a bit gutted,Palace lost their opening Premier League game to Everton. Rough start for the new season.,"palace opening day.
not the start
they wanted.",Like showing up to your first day at a new job and the main project falling apart before lunch.,"Crystal Palace lost their Premier League opener to Everton. It was also their new manager's first game in charge, making the loss a rough way to start.","[""Tell [his name] Palace lost their opener and it wasn't pretty. He'll want to talk through every decision."", ""Ask him: does he think one result is too early to judge the new season?"", ""The BBC called Palace 'wasteful' in front of goal. He'll have thoughts on who they should still sign.""]",bad_news,f,,f,"{crystal_palace,everton}",352,"Crystal Palace lost their first Premier League game of the new season to Everton. BBC described Palace as 'wasteful' throughout, which will sting.

It was also their new manager's first competitive match in charge, so the timing makes the defeat harder to take.

If [his name] follows Palace, he's probably already replaying the whole game in his head."
134493bb-c10b-472d-94be-1dfed9ad7472,crystal_palace,t,news,routine,,published,t,2026-08-23 06:49:27.809835+00,2026-08-23 08:49:27.809835,2026-08-23 06:49:27+00,2026-08-23 06:49:29.549+00,2026-08-23 08:49:29.549,0.02898608333333333333,08,,,,"Jean-Philippe Mateta (Crystal Palace striker) is legally challenging the validity of the final 10 months of his contract, a move that could force an exit.",He's going to have opinions,Palace striker Mateta says the final months of his contract are invalid. Drama.,"mateta.
contract invalid,
he says.",Like an employee saying their contract technically expired six months ago and they've basically been freelancing since. Except the employer completely disagrees.,"Crystal Palace striker Mateta is legally challenging the final 10 months of his contract, a move that could make him a free agent and force a transfer.","[""Tell [his name] Palace's striker Mateta is legally challenging his contract to force an exit. Bit dramatic."", ""Ask him: can a player actually get out of a contract this way?"", ""He'll probably have a view on whether Mateta should stay or if Palace should just let him go.""]",drama,f,,f,{crystal_palace},401,"Jean-Philippe Mateta (Crystal Palace striker) is challenging the validity of his own contract, claiming the final 10 months of his deal at the club is legally invalid.

This is a fairly extraordinary move. If successful, it would effectively make him a free agent, opening the door for a transfer before the window closes.

Palace fans won't be thrilled, especially after a losing start to the season."
fadb0de5-dc96-4efe-8a42-a0b998bb5f8a,everton,t,news,routine,,published,t,2026-08-23 06:52:25.788924+00,2026-08-23 08:52:25.788924,2026-08-23 06:52:24+00,2026-08-23 06:52:29.142+00,2026-08-23 08:52:29.142,0.05588460000000000000,08,,,,Everton beat Crystal Palace on opening day for the first time in five years. Thierno Barry (Everton striker) and Dewsbury-Hall both scored.,Phone-his-dad moment,Everton won their opener for the first time in five years. He'll dine out on this.,"everton.
opening day win.
first time in five.","Like when your first Hinge date in months is actually brilliant and you wonder why you waited so long. Five years of bad opening-day starts, and finally this.","Everton beat Crystal Palace on opening day, their first such win in five years. Barry scored and Prime Minister Andy Burnham was in the stands.","[""Tell [his name] Everton won their opener for the first time in five years. Watch his face."", ""The Prime Minister (Andy Burnham) was in the stands watching as an Everton fan. He might find that amusing."", ""Ask him: does he think Everton can build on this and push for the top half?""]",exciting,f,,f,"{everton,crystal_palace}",460,"Everton beat Crystal Palace on opening day of the Premier League season. It's their first opening-day win in five years.

Kiernan Dewsbury-Hall (Everton midfielder) and Thierno Barry (Everton striker) both scored. Barry hadn't found the net since December last season, so he'll be especially pleased.

Andy Burnham (Prime Minister and lifelong Everton fan) was in the stands to celebrate. If [his name] follows Everton, this is a great way to start the season."
f8e63804-507f-40ec-9b1a-1d5c0eeebb81,ipswich,t,news,routine,,published,t,2026-08-23 06:58:21.722713+00,2026-08-23 08:58:21.722713,2026-08-23 06:58:20+00,2026-08-23 06:58:24.236+00,2026-08-23 08:58:24.236,0.04188811666666666667,08,,,,Ipswich stun Sunderland with a Jack Clarke goal in the 90th minute on their return to the Premier League. Emersonn and Enciso also starred.,That is how you make an entrance,Jack Clarke's 90th-minute goal gave Ipswich a dream start to their PL return.,"ipswich.
90th minute.
dream start.","Like turning up to a party not knowing anyone and somehow ending the night as the person everyone's talking about. Late winner, perfect debut.","Ipswich won their opening Premier League match against Sunderland thanks to Jack Clarke's 90th-minute goal, with Enciso and Emersonn also impressive on a brilliant day.","[""Tell [his name] Ipswich won their opener, 90th-minute winner, late drama. He'll be buzzing."", ""Enciso apparently had a brilliant game. Ask him: does he know much about the new signings?"", ""Ask him: realistically, where does he think Ipswich can finish this season?""]",exciting,f,,f,{ipswich},430,"Ipswich are back in the Premier League, and they made sure everyone knew it. Jack Clarke scored in the 90th minute to seal a win over Sunderland and give Town the perfect opening-day result.

Emersonn and Enciso both caught the eye, with Enciso described as shining bright by the Guardian. The recruitment team clearly spotted something others missed.

If [his name] follows Ipswich, this is the feel-good start the season needed."
6f663d61-7477-440e-8d30-c7594a2ede91,leicester,f,news,routine,,published,t,2026-08-23 06:58:36.769467+00,2026-08-23 08:58:36.769467,2026-08-23 06:58:36+00,2026-08-23 06:58:38.234+00,2026-08-23 08:58:38.234,0.02440888333333333333,08,,,,Leicester were booed off at the King Power after losing to Burton Albion in their Championship opener.,King Power fell very quiet,Leicester lost to Burton in the Championship. Their own fans booed them off at King Power.,"leicester.
booed off.
opening day.",Like getting dressed up for a big night and tripping on the way out the door. In front of everyone. At home.,Leicester lost to Burton Albion in their Championship opener and were booed off by their own fans at the King Power Stadium.,"[""Leicester lost to Burton at home and got booed off. That's a tough way to start the season."", ""Their own fans turned on them after just one game, does he think that's fair so early on?"", ""Ask him: can Leicester bounce back from this, or is it a sign of a rocky season ahead?""]",bad_news,f,,f,{leicester},377,"Leicester's Championship campaign has started with a nightmare. Burton Albion, Gary Bowyer's side, beat them at the King Power Stadium and the home supporters made their feelings very clear, the team were booed off at full time.

It's a rough start for a club that was in the Premier League not long ago.

If [his name] follows Leicester, expect some strong opinions this week."
8ede50be-a752-454c-a0da-9ec885657bd7,liverpool,t,news,routine,,published,f,2026-08-23 06:58:51.092655+00,2026-08-23 08:58:51.092655,2026-08-23 06:58:50+00,,,,,,,,Liverpool had a £60m bid for Brighton's Yankuba Minteh rejected. They're now eyeing Real Madrid's Endrick as an alternative.,Brighton said no to sixty mil,Liverpool's £60m Minteh bid was rejected. Now they're eyeing Real Madrid's Endrick.,"liverpool.
£60m rejected.
what now?","Like being turned down by your first choice university and having to quickly rethink the whole plan. The grades were there, but the door stayed shut.","Liverpool had a £60m bid rejected by Brighton for winger Yankuba Minteh, and are now considering alternatives including Real Madrid's Endrick.","[""Liverpool tried to sign Brighton's Minteh for £60m and got knocked back. He'll have an opinion on that."", ""Now they're apparently looking at Endrick from Real Madrid, does he think that would be a good signing?"", ""Ask him: who does he actually want Liverpool to sign this window?""]",drama,f,,f,{liverpool},396,"Liverpool want reinforcements and they've hit a wall. A £60m bid for Brighton's Yankuba Minteh (winger) was rejected, and the club are now reportedly looking at Endrick (Real Madrid striker) as an alternative.

Bradley Barcola of PSG is also said to be on their list. Transfer window drama with time still to play.

If [his name] follows Liverpool, expect the transfer talk to dominate this week."
bd5d2dfa-34e3-40cd-b67b-319d8c5b604f,man_city,t,news,routine,,published,t,2026-08-23 06:59:08.562463+00,2026-08-23 08:59:08.562463,2026-08-23 06:59:08+00,2026-08-23 06:59:11.104+00,2026-08-23 08:59:11.104,0.04235895000000000000,08,,,,Rodri (Man City's Spanish midfielder and Spain captain) has left to join Barcelona. Enzo Maresca says City will 'try to find the new Rodri.',Big boots left behind,Man City's Rodri joined Barcelona this week. Now the club need to find his replacement.,"rodri.
barcelona bound.
who fills the gap?",Like the person who quietly held everything together at work finally hands in their notice. Nobody quite realised how much they did until they're gone.,"Rodri, Man City's Spanish midfielder and Spain captain, has left to join Barcelona. Manager Enzo Maresca says the club will look for a replacement.","[""Man City have lost Rodri, he's joined Barcelona. That's huge. See what [his name] thinks."", ""Maresca is already talking about finding 'the new Rodri.' Does he think that's even possible?"", ""Ask him: who could actually fill that role for City this season?""]",drama,t,Rodri leaves Man City to join Barcelona. Maresca vows to find 'the new Rodri.',f,{man_city},469,"Rodri, Man City's Spanish midfielder and Spain captain, has left the club to join Barcelona. The move happened earlier this week, and manager Enzo Maresca is already talking about finding a replacement, saying they will 'try to find the new Rodri.'

Rodri has been central to everything Man City have done in recent years, his absence will be one of the biggest storylines of the season.

If [his name] follows Man City, this is going to be the conversation for months."
c2eddcda-ef2c-45ee-b805-a5e8b5c0162a,man_utd,t,news,routine,,published,t,2026-08-23 06:59:26.869111+00,2026-08-23 08:59:26.869111,2026-08-23 06:59:26+00,2026-08-23 06:59:29.138+00,2026-08-23 08:59:29.138,0.03781481666666666667,08,,,,Hull beat Manchester United on the opening day. Michael Carrick (Man Utd manager) says 'we didn't click' after a shocking defeat to a promoted side.,Hull. Newly promoted Hull.,Man Utd lost to newly promoted Hull on opening day. Shearer: 'didn't look fit at all.',"man utd.
opening day.
hull city won.","Like showing up to your first day at a new job and completely blanking on your own name. It shouldn't happen, and yet here we are.",Manchester United lost to newly promoted Hull City on the opening day of the Premier League season. Manager Michael Carrick said the team 'didn't click.',"[""Man Utd lost to newly promoted Hull on opening day. How is he taking it?"", ""Shearer said on Match of the Day they 'didn't look fit at all.' Does he agree?"", ""Ask him: is he worried about the season, or does he think it's just a blip?""]",bad_news,t,Hull beat Manchester United on opening day in a stunning Premier League return for the promoted side.,t,{man_utd},475,"Manchester United suffered a shocking opening-day defeat, losing to newly promoted Hull City at the MKM Stadium. Manager Michael Carrick refused to panic afterwards, saying the side 'didn't click,' but Match of the Day pundit Alan Shearer was blunter, saying they 'didn't look fit at all.'

Hull's return to the Premier League could not have gone better. For United, questions will follow.

If [his name] follows Man Utd, brace yourself, this is going to be a topic all week."
fd599446-dbb5-4f19-a0e9-60685462db35,newcastle,t,news,routine,,published,t,2026-08-23 06:59:42.742924+00,2026-08-23 08:59:42.742924,2026-08-23 06:59:42+00,2026-08-23 06:59:44.974+00,2026-08-23 08:59:44.974,0.03718460000000000000,08,,,,"Alexander Isak (Liverpool striker, ex-Newcastle) heads back to St James' Park on Sunday, his first match at his old ground since leaving for Liverpool.",Awkward Sunday incoming,Isak returns to St James' Park on Sunday. He had a tough first season at Liverpool.,"isak.
st james' park.
the return.","Like bumping into your ex at a mutual friend's wedding. Everyone's watching, you've both moved on, but the room still shifts when you walk in.","Alexander Isak returns to St James' Park on Sunday with Liverpool, his first visit as a visiting player since leaving Newcastle. He reportedly had a tough first season at Anfield.","[""Alexander Isak, who left Newcastle for Liverpool, is heading back to St James' Park on Sunday. That should be a big atmosphere."", ""Apparently he had a tough first season at Liverpool and needs to prove himself to the new head coach. Does [his name] think the fans will give him stick?"", ""Ask him: what does he think the score will be on Sunday?""]",drama,f,,f,"{newcastle,liverpool}",440,"Alexander Isak left Newcastle to join Liverpool, and on Sunday he heads back to St James' Park for the first time as a visitor. According to the Guardian, he must win over a new head coach after a tough first season at Liverpool, and there will be no easy welcome from the Newcastle fans.

The atmosphere at St James' on Sunday is going to be something.

If [his name] follows Newcastle, this is a storyline worth flagging before the match."
efb1315f-a2cb-4265-8357-af4dce4ae9a1,nottm_forest,t,news,routine,,published,t,2026-08-23 07:00:10.965718+00,2026-08-23 09:00:10.965718,2026-08-23 07:00:10+00,2026-08-23 07:00:13.394+00,2026-08-23 09:00:13.394,0.04047136666666666667,09,,,,Nottingham Forest lost to Leeds in Oliver Glasner's first match as manager. An Anton Stach (Leeds midfielder) free kick in the 88th minute did it.,"New era, same old pain",Forest lost to Leeds in Glasner's first game. An 88th-minute free kick did the damage.,"forest.
glasner's first.
88th minute.","Like starting a new job on a Monday and somehow things go wrong before lunch. The plan was good, the execution just wasn't there yet.",Nottingham Forest lost to Leeds on the opening day of the season in Oliver Glasner's first match as manager. Anton Stach's free kick in the 88th minute was the difference.,"[""Forest lost their opening game to Leeds with a free kick in the 88th minute. How gutted is [his name]?"", ""Their new manager Oliver Glasner said there was 'no button to press' for stability. What does he make of that?"", ""Ask him: is he worried about Forest's season, or does he think this is just a rough start?""]",bad_news,f,,f,{nottm_forest},469,"Oliver Glasner's reign as Nottingham Forest manager started with a defeat. Leeds scored in the 88th minute through Anton Stach (Leeds midfielder), a free kick that silenced the Forest fans and gave the visitors a win on the opening day.

It's Leeds' first win at the City Ground since 1972, according to the Independent. Glasner admitted afterwards there was 'no button to press' for instant stability.

If [his name] follows Forest, this one will sting for a few days."
849b62c8-1e90-492a-9f45-eccd08308d72,spurs,t,news,routine,,published,t,2026-08-23 07:00:28.023986+00,2026-08-23 09:00:28.023986,2026-08-23 07:00:27+00,2026-08-23 07:00:30.317+00,2026-08-23 09:00:30.317,0.03821690000000000000,09,,,,Tottenham lost to Brentford on opening day. Manager Roberto De Zerbi admitted his side are 'not a team yet' despite a big summer of spending.,His manager actually said that,Spurs lost to Brentford on opening day. Their manager said they're 'not a team yet.',"spurs.
'not a team yet.'
opening day.","Like a band releasing an album before they've actually rehearsed properly. The musicians are talented, but you can hear they haven't found their sound yet.","Tottenham lost to Brentford on the opening day, with manager Roberto De Zerbi admitting his squad are 'not a team yet' despite heavy summer spending.","[""Spurs lost to Brentford on the opening day, and their manager literally said they're 'not a team yet.' Offer sympathy."", ""De Zerbi also said they're 'not in the right physical condition.' Does he think this is just a slow pre-season start?"", ""Ask him: does he think Spurs can turn it around, or is this a sign of another frustrating season?""]",bad_news,f,,f,"{spurs,brentford}",407,"Spurs started the season with a defeat at Brentford, and their own manager Roberto De Zerbi made it worse by admitting his squad are 'not a team yet,' adding they are 'not in the right physical condition' either.

Redknapp called the squad 'strangers' on Sky Sports. This after a big summer of spending on new players.

If [his name] follows Spurs, he's probably already seen the headlines. Tread carefully."
223f3c07-dd74-47e2-a52e-7b14f114c802,west_ham,f,news,routine,,published,t,2026-08-23 07:00:43.943029+00,2026-08-23 09:00:43.943029,2026-08-23 07:00:43+00,2026-08-23 07:00:45.885+00,2026-08-23 09:00:45.885,0.03236618333333333333,09,,,,West Ham lost to Charlton in their first Championship home match. Manager Nuno Espirito Santo says the team 'let down' the fans.,Nuno said they let fans down,West Ham lost their Championship opener to Charlton. Nuno says they 'let down' the fans.,"west ham.
championship.
lost to charlton.","Like coming back from a year abroad full of ambition and confidence, then struggling with the basics again. The league doesn't care about your last chapter.","West Ham lost their first Championship home match to Charlton, with manager Nuno Espirito Santo admitting the team 'let down' their fans.","[""West Ham lost their Championship opener at home to Charlton, and Nuno said they 'let down' the fans. How is [his name] feeling?"", ""It's their first season in the Championship in a while, does he think they'll bounce back, or is he worried about the league?"", ""Ask him: what does he think needs to change for West Ham to get their season going?""]",bad_news,f,,f,{west_ham},421,"West Ham's first Championship home match ended in defeat, losing to Charlton at the London Stadium. Manager Nuno Espirito Santo was honest afterwards, saying the team 'let down' their fans.

For a club that was in the Premier League last season, this is a difficult adjustment. The Championship is unforgiving and West Ham will need to respond quickly.

If [his name] follows West Ham, check in, this one will have stung."
ea1da3d1-a3ba-40d1-afc9-7314102c1017,arsenal,t,sunday_brief,routine,,published,t,2026-08-23 09:21:40.6575+00,2026-08-23 11:21:40.6575,2026-08-23 09:21:39+00,2026-08-23 09:21:44.094+00,2026-08-23 11:21:44.094,0.05727500000000000000,11,,,,"Arsenal started the title defence with six goals and none conceded in two games. Havertz, Saka and Odegaard all scored in the Coventry win.",Title defence on track,"Six goals, none conceded in two games. Arsenal are already into their stride.","Six from two.
No goals conceded.","Community Shield, then Coventry. Both 3-0. The defence starts like this.",,"[""He will be insufferable about those six goals this week. Let him have it, it was a clean start."", ""Ask him: with Rodri gone from City, does he think Arsenal are already favourites to retain the title?"", ""Worth knowing: three different scorers in the Coventry game. He will have opinions on which one he rated most.""]",,f,,f,,465,"Arsenal got the title defence rolling in style. They won the Community Shield 3-0 against Man City last Sunday, then backed it up on Friday night with a 3-0 win at home against Coventry in the first league game. Havertz, Saka, and Odegaard all scored. Six goals in a week, nothing conceded. The chasing teams are already watching. He will be walking around this week with a particular energy. Very good time to ask him about expectations for the rest of the season."
7c20d84d-aa48-4b42-bbae-313a59f43158,aston_villa,t,sunday_brief,routine,,published,t,2026-08-23 09:21:44.693058+00,2026-08-23 11:21:44.693058,2026-08-23 09:21:44+00,2026-08-23 09:21:46.887+00,2026-08-23 11:21:46.887,0.03656570000000000000,11,,,,Villa open the league at Brighton today at 1pm. The transfer window is still open and Goretzka could arrive before it shuts.,Big opener today,"Villa play Brighton away at 1pm. Goretzka deal close, Watkins might still leave.",,,,"[""He is going to be checking the Watkins updates all morning. Worth a casual mention of it when you see him."", ""Ask him: if Watkins goes and Goretzka arrives, does he think that is an upgrade or a gamble?"", ""Brighton are in the Conference League this season too. Not a simple opener for Villa today.""]",,f,,f,,503,"Villa did not get the Super Cup result they wanted last week, losing to PSG, but the league is what matters now and it starts today. Away at Brighton at 1pm, a proper test against a side who are also in European competition this season. Emery has been active in the window, with Leon Goretzka potentially coming in as a free agent. But there are question marks too: Ollie Watkins could still leave before the window shuts. He will be distracted by the transfer noise but trying to focus on today's game."
363e6f47-1698-4dd4-8bd9-865f1df5a3c5,bournemouth,t,sunday_brief,routine,,published,t,2026-08-23 09:21:47.697352+00,2026-08-23 11:21:47.697352,2026-08-23 09:21:47+00,2026-08-23 09:21:49.913+00,2026-08-23 11:21:49.913,0.03692746666666666667,11,,,,Bournemouth open their Premier League season at Man City today at 1pm. Sixth place last season and flying into this one.,Season opener at City,Bournemouth kick off away at Man City at 1pm. Sixth last season was no fluke.,,,,"[""He has been waiting for this opener all summer. Ask him what he realistically hopes to get from City away."", ""Worth knowing: Bournemouth beat Crystal Palace 3-0 at home in their last game. They go into this in form."", ""If they get a result today, the mood for the rest of the week will be very different to if they do not.""]",,f,,f,,497,"Bournemouth ended last season on a high, winning their final two games and finishing sixth. A brilliant return. Now comes a tough opening assignment: away at Man City today at 1pm, their first league game of the new season. City lost the Community Shield to Arsenal and are desperate to put something down early. It is not a fixture you would choose for a season opener, but if Bournemouth can get something here, it would set the tone for everything that follows. He will be nervously optimistic."
123649e2-547b-4159-a441-a79bf9b4af04,brentford,t,sunday_brief,routine,,published,t,2026-08-23 09:21:50.360798+00,2026-08-23 11:21:50.360798,2026-08-23 09:21:50+00,2026-08-23 09:21:51.903+00,2026-08-23 11:21:51.903,0.02570336666666666667,11,,,,Brentford beat Spurs on opening day and their new signing Mamadou Sangare dazzled on debut. Spurs' own manager called them 'not a team'.,Brentford win the opener,"Brentford beat Spurs. Sangare dazzled on debut, De Zerbi called his own side not a team.",,,,"[""He will be smug about Sangare after that debut. Ask him how much they paid and whether he thinks it was worth it."", ""Worth knowing: De Zerbi called Spurs 'not a team' after the game. That quote will follow Tottenham for weeks."", ""If Brentford keep winning the tight games against top-half opposition, they might surprise some people this season.""]",,f,,f,,476,"Brentford started the season well, beating Tottenham at home on Saturday. New signing Mamadou Sangare made an immediate impression on debut, and it was the kind of performance that sets a tone early. Spurs' manager Roberto De Zerbi made it worse by admitting publicly that his side are not a team yet. For Brentford, beating Spurs was satisfying enough without the additional commentary. He will be pleased with this, wherever he lands in terms of expectations for the season."
3b078612-f46e-4aae-a587-b62c2470d396,brighton,t,sunday_brief,routine,,published,t,2026-08-23 09:21:52.358496+00,2026-08-23 11:21:52.358496,2026-08-23 09:21:52+00,2026-08-23 09:21:54.635+00,2026-08-23 11:21:54.635,0.03794173333333333333,11,,,,"Brighton drew in Norway in the Conference League first leg, then host Villa at 1pm today. Return leg against Tromso is this week.",European week starts today,"Brighton drew in Tromso on Friday. Return leg this week, Villa at home today at 1pm.",,,,"[""He is probably thinking about the Tromso return more than today already. Ask him which one matters most to him right now."", ""Conference League football at the Amex this week. He will have been checking Tromso's line-up already."", ""Worth knowing: Brighton are in Europe and the top flight at the same time. He will be quietly proud of where the club is.""]",,f,,f,,469,"Brighton went to Norway on Friday for their Conference League playoff first leg and came back with a draw. The return is at the Amex this week, so European football is genuinely in the balance. Meanwhile they host Villa in the league at 1pm today, which is its own big game. Finishing eighth last season earned Brighton a place in Europe, and he will want to see them build on it. Busy week. High stakes on two fronts. He will already have one eye on the Tromso return."
3b2550ca-c7b9-4032-96cc-f8186ca47c0f,burnley,f,sunday_brief,routine,,published,t,2026-08-23 09:21:56.656611+00,2026-08-23 11:21:56.656611,2026-08-23 09:21:55+00,2026-08-23 09:21:59.201+00,2026-08-23 11:21:59.201,0.04240648333333333333,11,,,,Burnley are in the Championship this season and opened at home against West Ham last week. It is a long road back from the Premier League.,Championship life begins,Burnley opened at home against West Ham last week. Both clubs came down from the PL.,,,,"[""He will be quiet about the opening result. Pick a gentle moment to ask how he felt watching it."", ""Ask him: does he think they can go up at the first attempt, or is it going to take a couple of seasons?"", ""West Ham came down with them. Not the only club with ambitions to bounce straight back.""]",,f,,f,,486,"Burnley came up in 2025, had one hard season in the Premier League, and went straight back down. The Championship is the new reality, and last week the season opened at home against West Ham, another club that came down with them. It is an unusual rivalry that did not exist before relegation brought them together. He knows what the Championship is, and he knows what the target is. It is not enjoyable, but it is not the end of the world either. Season two of the rebuild starts here."
d322cd36-35f7-48f9-81b0-ce203b551e9f,chelsea,t,sunday_brief,routine,,published,t,2026-08-23 09:21:59.901479+00,2026-08-23 11:21:59.901479,2026-08-23 09:21:59+00,2026-08-23 09:22:01.559+00,2026-08-23 11:22:01.559,0.02762535000000000000,11,,,,Chelsea open the season at Fulham tomorrow night at 8pm. West London derby for the first game of the year.,Monday night opener,Chelsea play at Fulham tomorrow night at 8pm. West London derby to start the season.,,,,"[""He will be building up to tomorrow all day. Save the football chat for tonight, not this morning."", ""Ask him: does Mudryk staying feel like the right call this season, or a missed chance to cash in?"", ""Craven Cottage under lights on a Monday is a tough opener. If Chelsea lose, it will dominate the whole first week.""]",,f,,f,,501,"Chelsea have not played yet. Their season opener is the Monday night London derby at Craven Cottage, 8pm tomorrow. It is the kind of game that sets a tone straight away: win it and the new season feels full of possibility, lose it and the noise starts immediately. He will be building up to it today. They have been relatively steady in the transfer window compared to past summers, Mudryk is staying and Joao Pedro signed a new deal. Consistent or still drifting? Monday night will tell us something."
8428c76e-0039-454b-9f41-716ba9434ac2,crystal_palace,t,sunday_brief,routine,,published,t,2026-08-23 09:22:02.150525+00,2026-08-23 11:22:02.150525,2026-08-23 09:22:01+00,2026-08-23 09:22:06.033+00,2026-08-23 11:22:06.033,0.06470791666666666667,11,,,,Crystal Palace lost their opener to Everton and are already dealing with a contract dispute from striker Mateta. Messy start.,Rough opening week,Palace lost to Everton on Saturday and striker Mateta is disputing his own contract.,,,,"[""He will have strong opinions about Mateta's contract dispute. Let him vent first and see where it goes."", ""Ask him: is this manager the right person to handle a crisis in the first week, or is it too soon to judge?"", ""Everton had not beaten Palace on an opening day in five years until now. That stat will sting him for a while.""]",,f,,f,,454,"Crystal Palace started the new season with a loss at Everton on Saturday, and if that was not rough enough, Mateta is now legally disputing the final ten months of his contract. The BBC described Palace as wasteful throughout the game, which says a lot for a team with attacking talent. New manager, new problems. He will be frustrated about the result, and the Mateta situation is not going to make for easy conversation. Difficult first week all round."
03a132b7-520b-42ed-b669-9b2dbf6513fd,everton,t,sunday_brief,routine,,published,t,2026-08-23 09:22:06.979107+00,2026-08-23 11:22:06.979107,2026-08-23 09:22:06+00,2026-08-23 09:22:09.576+00,2026-08-23 11:22:09.576,0.04328155000000000000,11,,,,"Everton won their first game at the new Hill Dickinson Stadium, beating Crystal Palace with Thierno Barry scoring.","New stadium, first win",Everton beat Crystal Palace to win their first game at the new Hill Dickinson Stadium.,,,,"[""Tell him you caught the highlights of the new stadium opener. He will want to tell you everything about it."", ""Ask him: does the Hill Dickinson Stadium feel like home already, or does it take a few games to settle in?"", ""Thierno Barry scored, but Everton have not had a reliable striker in years. Worth keeping an eye on whether he is the answer.""]",,f,,f,,458,"Everton beat Crystal Palace on Saturday to open their new home. Thierno Barry got the goal and the Hill Dickinson Stadium had its first competitive win. He will have been looking forward to this for months: a new stadium, a new season, and a result straight away. Their first opening-day win in five years means he is already telling people about it. Good start. The question now is whether they can build on it and push for something better than thirteenth."
bc9b4c11-8156-4979-acb2-8ca0db04f1f3,fulham,t,sunday_brief,routine,,published,t,2026-08-23 09:22:10.134441+00,2026-08-23 11:22:10.134441,2026-08-23 09:22:09+00,2026-08-23 09:22:12.164+00,2026-08-23 11:22:12.164,0.03382598333333333333,11,,,,"Fulham open the season at home against Chelsea tomorrow night at 8pm. London derby, first game, all to play for.",Monday night derby,Fulham host Chelsea tomorrow night at 8pm. Season opener at Craven Cottage.,,,,"[""He will be plotting around tomorrow's kick-off all day. Good Sunday to keep things relaxed before it."", ""Ask him: does Fulham have the squad depth to push into the top half this season, or is eleventh again the realistic ceiling?"", ""Chelsea are coming in cold with no game yet. That can work either way in a London derby.""]",,f,,f,,447,"Fulham had a rough end to last season, losing their last two games, but none of that carries over now. The new season opens tomorrow night at Craven Cottage with Chelsea coming to visit. Monday night under the lights is one of the better atmospheres in London, and a derby to kick off the year is as good an opener as you can get. For him, the result will set the mood for the whole first week. They finished eleventh last year. Better is the aim."
a5376a8a-d0f6-49ac-bf60-5a397e48873c,leeds,t,sunday_brief,routine,,published,t,2026-08-23 09:22:12.801853+00,2026-08-23 11:22:12.801853,2026-08-23 09:22:12+00,2026-08-23 09:22:15.156+00,2026-08-23 11:22:15.156,0.03923578333333333333,11,,,,Leeds beat Nottingham Forest away on opening day with an 88th-minute goal from Anton Stach. Perfect start.,Late winner on opening day,Leeds beat Forest in the 88th minute away on Saturday. Anton Stach with the goal.,,,,"[""Tell him you looked up Anton Stach after the goal. He will appreciate that you bothered."", ""Ask him: is this Leeds side genuinely going to push for the top half this year, or is survival still the priority?"", ""Forest fans had a rough Saturday, new manager first game and they lose at home to a late goal. He will know about that.""]",,f,,f,,480,"Leeds beat Nottingham Forest away on Saturday with an 88th-minute goal from Anton Stach. It was a tough game, Forest have a new manager in Oliver Glasner this season and wanted to start well, but Leeds got the job done late. Surviving their first season back in the Premier League, then opening the new one with three points away from home, is exactly the kind of thing that builds belief. He will be walking taller today. Late goal, tough venue, three points. He loves this team."
507d7ccd-3141-4f00-9f5a-5ea2a8896b73,liverpool,t,sunday_brief,routine,,published,t,2026-08-23 09:22:16.145515+00,2026-08-23 11:22:16.145515,2026-08-23 09:22:15+00,2026-08-23 09:22:18.592+00,2026-08-23 11:22:18.592,0.04077475000000000000,11,,,,Liverpool play at Newcastle today at 3:30pm. Alexander Isak goes back to St James' Park for the first time as a Liverpool player.,Isak back at Newcastle,Liverpool play at Newcastle at 3:30pm today. Isak's return to St James' Park.,,,,"[""Isak going back to his old ground is the kind of subplot he will have been thinking about all week. Ask him how he thinks it plays out."", ""Ask him: do Liverpool have enough to push for the title this season, or is a top-four finish the realistic aim?"", ""The Minteh saga is not over. Liverpool still need a winger and the window is still open. He will be watching that today too.""]",,f,,f,,481,"Liverpool's season opener is at St James' Park today at 3:30pm. Alexander Isak, who left Newcastle to join Liverpool this summer, goes back to his old ground for the first time as a visitor. That is the story within the story. Liverpool had two bids for Brighton's Yankuba Minteh knocked back this week and are still looking for a winger. Fifth last season was below what the club expects from itself, and today is the opening statement of the reset. He will be eager for this one."
c0dfff54-a092-46e4-aba7-8e79de9aea52,man_city,t,sunday_brief,routine,,published,t,2026-08-23 09:22:19.125101+00,2026-08-23 11:22:19.125101,2026-08-23 09:22:18+00,2026-08-23 09:22:20.507+00,2026-08-23 11:22:20.507,0.02303165000000000000,11,,,,Man City open the season at home to Bournemouth today at 1pm. Rodri has left for Barcelona and the Community Shield ended in a 3-0 loss to Arsenal.,City's title charge starts,"Man City host Bournemouth at 1pm, their season opener. Rodri is gone, response needed.",,,,"[""He is going to be determined today is the start of the response. Leave the Arsenal chat until later in the week."", ""Ask him: is there anyone who can replace what Rodri brought to that team, or is this genuinely a rebuild season?"", ""Bournemouth finished sixth last season. Not a soft opener. If City win well today, it means something.""]",,f,,f,,478,"Man City lost the Community Shield 3-0 to Arsenal last Sunday. Then Rodri, their World Championship-winning midfielder, completed his move to Barcelona. That is a significant exit. Now they host Bournemouth in the first league game at 1pm today. It is a lot to absorb before a ball is kicked in the season proper. He will be defensive about the Arsenal result if you bring it up, but more interested if you ask about who replaces Rodri. The title is still what they are chasing."
f7523ea4-b46f-4176-b2ca-c5515a288b21,man_utd,t,sunday_brief,routine,,published,t,2026-08-23 09:22:21.105198+00,2026-08-23 11:22:21.105198,2026-08-23 09:22:20+00,2026-08-23 09:22:22.386+00,2026-08-23 11:22:22.386,0.02134670000000000000,11,,,,Manchester United lost to Hull on opening day. Newly promoted Hull won at the MKM Stadium and Carrick said his side did not click.,United lose the opener,"Hull beat Man Utd on opening day. Newly promoted Hull, Carrick said they did not click.",,,,"[""He will have been processing that result all night. Leave it until he brings it up. He will."", ""Worth knowing: Hull were newly promoted and beat United in their own stadium. That will be a talking point for weeks."", ""Ask him: does Carrick have the squad to put this right quickly, or is this the start of a difficult run?""]",,f,,f,,475,"Manchester United's opening day at Hull ended in defeat. Newly promoted Hull went to the MKM Stadium and came away with three points. Carrick admitted the performance was not good enough, and it is the kind of result that immediately brings the noise. United were third last season and in the Champions League, but this opening-day showing suggests the pre-season optimism may need a reality check. He will be quiet about it or loudly frustrated, depending on his mood today."
39cc923d-fbb1-4e16-838a-059ce130f857,newcastle,t,sunday_brief,routine,,published,t,2026-08-23 09:22:22.817214+00,2026-08-23 11:22:22.817214,2026-08-23 09:22:22+00,2026-08-23 09:22:24.025+00,2026-08-23 11:22:24.025,0.02012976666666666667,11,,,,Newcastle open the season at home to Liverpool today at 3:30pm. Alexander Isak goes back to St James' Park as a Liverpool striker.,Isak homecoming at 3:30,Newcastle host Liverpool at 3:30pm. Alexander Isak goes back to St James' Park today.,,,,"[""The Isak homecoming will dominate the atmosphere today. He will have feelings about it from both directions."", ""Ask him: how do you think the fans receive Isak today? Warm? Hostile? He knows the place well."", ""Jaissle's first Premier League game, against Liverpool, at home. Whatever happens today it becomes the opening chapter.""]",,f,,f,,474,"Newcastle's home opener is at 3:30pm today, against Liverpool. It is also the first time Alexander Isak, who left to join Liverpool this summer, comes back to St James' Park. The ground he played in for four years. The fans who loved him. New manager Matthias Jaissle takes charge for his first Premier League game, and it is a hard opener against a side who are hungry after finishing fifth last season. He will be emotional about Isak but very focused on the three points."
450e8757-3e66-4f2f-ba11-247cc7ad405a,nottm_forest,t,sunday_brief,routine,,published,t,2026-08-23 09:22:24.63865+00,2026-08-23 11:22:24.63865,2026-08-23 09:22:24+00,2026-08-23 09:22:25.703+00,2026-08-23 11:22:25.703,0.01773916666666666667,11,,,,Nottingham Forest lost their opening game to Leeds in the 88th minute. Oliver Glasner's first match as manager did not go to plan.,Late goal costs Forest,Nottingham Forest lost to Leeds in the 88th minute in Glasner's first game as manager.,,,,"[""He will have been grinding on that late goal since full time. Be patient with him this morning."", ""Ask him: does Glasner get time to settle in, or do Forest fans need to see something different quickly?"", ""Worth knowing: late goals are the thing that stick early in a season. If they stop conceding in stoppage time, everything changes.""]",,f,,f,,451,"Oliver Glasner took his first Premier League game in charge of Nottingham Forest and watched his side concede a late goal to lose to Leeds. An 88th-minute strike from Anton Stach ended it. It is the worst kind of defeat, the one where you have almost held on and then have not. Forest finished 16th last season, just above where the drop zone starts to feel real. He will be down about this. Not panicking yet, but down. The rest of this week matters."
3bb62f99-88a2-4296-8740-e5d8109fb3bd,spurs,t,sunday_brief,routine,,published,t,2026-08-23 09:22:26.101532+00,2026-08-23 11:22:26.101532,2026-08-23 09:22:25+00,2026-08-23 09:22:27.212+00,2026-08-23 11:22:27.212,0.01850780000000000000,11,,,,Spurs lost to Brentford on opening day and their own manager said they are 'not a team' yet. Savinho deal agreed for 75m.,Rocky start for Spurs,Spurs lost to Brentford. De Zerbi said they are not a team yet. Savinho deal confirmed.,,,,"[""He is going to defend De Zerbi but also be quietly furious about that quote. Let him work through it."", ""Ask him: is 75m for Savinho the kind of signing that makes De Zerbi's comment better or worse?"", ""Maddison managing an injury, opening day defeat, new manager's first loss. He is in for a long week.""]",,f,,f,,471,"Tottenham's season opened with a loss at Brentford on Saturday, and then manager Roberto De Zerbi made it worse by saying publicly that his side are not a team yet. That quote will hang around for a while. The Savinho deal from Man City is agreed though, and that shows the ambition is there. He will be annoyed about the opening result but willing to believe the transfer window will fix things. James Maddison is managing an injury on top of all this. Messy first week."
6acdb158-3d62-45a5-ae9d-1e966acde2cc,sunderland,t,sunday_brief,routine,,published,t,2026-08-23 09:22:27.599753+00,2026-08-23 11:22:27.599753,2026-08-23 09:22:27+00,2026-08-23 09:22:28.739+00,2026-08-23 11:22:28.739,0.01898745000000000000,11,,,,Sunderland lost their opener to Ipswich in the 90th minute. Jack Clarke's goal was the only difference on a painful opening day.,Late heartbreak at Ipswich,Sunderland lost their opener to Ipswich with a 90th-minute winner from Jack Clarke.,,,,"[""He will be replaying that 90th minute in his head. Do not ask about the game too early. Let him find the positives first."", ""Ask him: does this feel like a blip or a warning sign about where Sunderland are this season?"", ""Ipswich were away from the Premier League for a long time and came straight back and won. He will have opinions about that.""]",,f,,f,,478,"Sunderland were one minute away from a draw in their opening Premier League game against Ipswich when Jack Clarke scored in the 90th minute to win it for the newly promoted side. It was a story Ipswich will tell for years: back in the Premier League, winning in stoppage time on opening day. Sunderland finished seventh in their first season back last year. He will know this is a long season, but a last-minute loss on the opening day is the kind of thing that stings for days."
dc20c8a0-d598-40b6-8700-95e66d367171,west_ham,f,sunday_brief,routine,,published,t,2026-08-23 09:22:29.546216+00,2026-08-23 11:22:29.546216,2026-08-23 09:22:29+00,2026-08-23 09:22:30.826+00,2026-08-23 11:22:30.826,0.02132973333333333333,11,,,,West Ham lost their first home Championship game to Charlton. Nuno is calling for more character from his squad.,Championship reality check,West Ham lost to Charlton at home in the Championship. Nuno calls for more character.,,,,"[""He might not want to talk about the game. Leave it until he brings it up and keep the mood easy."", ""Worth knowing: the London Stadium in the Championship is a different atmosphere entirely. He will feel that."", ""Ask him: does he think they go straight back up, or is this going to be a longer stint in the second tier?""]",,f,,f,,469,"West Ham are in the Championship and their first home game ended in a defeat to Charlton at the London Stadium. Nuno Espirito Santo said the squad need to show more character. Relegation was hard enough. Losing the first home Championship game made it harder. He will know this is a long season with plenty of time to turn it around, but the start was not what anyone wanted. Be gentle with the football chat this week. He needs a normal Sunday more than a post-mortem."
4ea92491-7dc1-4dd1-8c4e-9b1c1b4d01ee,wolves,f,sunday_brief,routine,,published,t,2026-08-23 09:22:31.413963+00,2026-08-23 11:22:31.413963,2026-08-23 09:22:31+00,2026-08-23 09:22:32.579+00,2026-08-23 11:22:32.579,0.01941728333333333333,11,,,,"Wolves drew 2-2 with Blackburn to open the Championship season. After finishing last in the Premier League, the rebuild starts here.",Championship draw to start,Wolves drew 2-2 with Blackburn in their Championship opener. Rebuilding after last season.,,,,"[""He might not want to bring it up. If he does, keep it forward-looking: the Championship is winnable."", ""Ask him: does he think they can recover quickly, or is it going to take a full rebuilding season to even compete?"", ""Three wins last season in the Premier League, now in the Championship. He will need time to process that. Give him space today.""]",,f,,f,,474,"Wolves finished last in the Premier League last season with just three wins. The Championship is now the reality, and it opened with a 2-2 draw at home against Blackburn. Not a win, but not a loss either. That might sound underwhelming, but for a club that had such a hard time in the top flight, building a solid base in the Championship takes time. He will be hurting about where they are, but a draw to open is not the worst start. The road back is long and that is fine."
7c4e024e-ade5-4369-9e36-01eae830a85c,arsenal,t,news,routine,,published,f,2026-08-24 06:44:52.940081+00,2026-08-24 08:44:52.940081,2026-08-24 06:44:52+00,,,,,,,,Al-Hilal have opened talks to sign Martinelli (Arsenal winger). Arsenal are also being linked with Yildiz (Juventus winger) as a replacement.,"Martinelli, Al-Hilal",Al-Hilal have opened talks to sign Arsenal winger Martinelli. Nothing confirmed yet.,"al-hilal open talks.
martinelli might go.",It's like your best friend getting a DM from some rich guy she wasn't expecting. She hasn't replied yet. But she read it.,"Al-Hilal have opened talks to sign Arsenal winger Martinelli. If he goes, Arsenal are being linked with Yildiz as a potential replacement.","[""Tell him Al-Hilal have started talks to sign Martinelli. He'll have a strong opinion on whether Arsenal should even listen."", ""Mention the Yildiz replacement rumour from the Guardian. He might think it's a fair swap or he might be horrified."", ""He'll probably say every summer there's a Saudi rumour about someone. Ask him if he believes this one.""]",drama,f,,f,{arsenal},311,"Al-Hilal have opened formal talks to sign Gabriel Martinelli, Arsenal's Brazilian winger, according to the BBC. Nothing's agreed, but when a Saudi club opens talks, they usually mean business. The Guardian are also floating a link to Kenan Yildiz (Juventus winger) as a potential replacement if Martinelli goes."
70573af1-86f7-42e4-b51b-9db930e2a2c9,aston_villa,t,news,routine,,published,t,2026-08-24 06:46:14.406548+00,2026-08-24 08:46:14.406548,2026-08-24 06:46:13+00,2026-08-24 06:46:17.228+00,2026-08-24 08:46:17.228,0.04702420000000000000,08,,,,Brighton dominated Villa in the Premier League opener. Villa were down to 10 men and Emery (Villa manager) said they had to 'accept everything.',He might need a hug,Brighton thrashed Villa in their opener. Villa went down to 10 men and never recovered.,"brighton beat villa.
and dominated them.","It's like showing up to a first date after your flatmate drama, and your Hinge match can immediately tell something is off.","Brighton dominated Aston Villa in their Premier League opener, with Villa reduced to 10 men. Manager Emery said the team had to 'accept everything.'","[""Tell him you heard it was a tough opener for Villa. He'll probably want to explain all the reasons it went wrong."", ""Ask him: was the Brighton performance the real Villa, or was it a bad day at the wrong time?"", ""Emery said they had to 'accept everything' after the match. That's manager-speak for it was really bad.""]",bad_news,t,Aston Villa had one of the worst opening-day performances in Premier League history against Brighton.,f,"{aston_villa,brighton}",337,"Villa's first game of the new season was a rough one. Brighton dominated them from start to finish, and Villa ended up with 10 men too. Emery came out afterwards and said they had to 'accept everything' about the result. The independent called it one of the worst starts in Premier League history. Not the beginning any Villa fan wanted."
eb82c24e-7bfd-4161-a028-a67c1c8aadfe,aston_villa,t,news,routine,,published,t,2026-08-24 06:46:48.376989+00,2026-08-24 08:46:48.376989,2026-08-24 06:46:47+00,2026-08-24 06:46:50.023+00,2026-08-24 08:46:50.023,0.02743351666666666667,08,,,,Watkins (Villa striker) and Martinez (Villa keeper) were both left out against Brighton amid exit talk. Emery said it's for Watkins to explain his own absence.,Emery's got a problem,Watkins and Martinez both left out of Villa's opener. They might not be there long.,"watkins and martinez.
both left out.",It's like two people not RSVPing to the hen do because they've already booked flights to somewhere better.,"Both Ollie Watkins and Emi Martinez were left out of Villa's squad for their opener against Brighton, with exit talk growing louder around both players.","[""Tell him both Watkins and Martinez were left out of Villa's first game, and the exit talk is getting louder."", ""Ask him: does Villa fall apart without Watkins up front, or is there someone to step up?"", ""He'll probably be more worried about Martinez leaving than Watkins. Martinez is Villa's best player most seasons.""]",drama,f,,f,{aston_villa},383,Both Ollie Watkins (Villa's striker) and Emi Martinez (Villa's keeper) were left out of the squad for Brighton. The independent reports it's amid exit talk for both. Emery was asked about Watkins after the match and said it was a question for Watkins to explain his own absence. The BBC are reporting it would appear Watkins no longer wants to play for Villa. Big summer still ahead.
ba66133d-ee46-49e9-b60c-a73bb670ef25,bournemouth,t,news,routine,,published,t,2026-08-24 06:47:23.179428+00,2026-08-24 08:47:23.179428,2026-08-24 06:47:22+00,2026-08-24 06:47:25.031+00,2026-08-24 08:47:25.031,0.03085953333333333333,08,,,,Man City came back with two late goals to beat Bournemouth in their opener. Gvardiol (Man City defender) rescued it. Bournemouth were right in it until the end.,So close,Man City came from behind with two late goals to beat Bournemouth on opening day.,"two late goals.
bournemouth lose.","It's like filling your shopping basket, the delivery window is in your favour, then it sells out at checkout.",Man City came from behind with two late goals to beat Bournemouth on opening day. Gvardiol was key as Maresca's side escaped with the win.,"[""Tell him Bournemouth had Man City rattled until two late goals changed it. He'll either respect the fight or feel robbed."", ""Ask him: was this just a Man City comeback, or did Bournemouth let this slip?"", ""Did you know Bournemouth finished sixth last season? This was a tough opener but they'll know they were in it.""]",bad_news,f,,f,"{bournemouth,man_city}",308,"Bournemouth were doing well at Man City until two late goals flipped it. The BBC say Gvardiol was key to the comeback, and Maresca (Man City manager) came out afterwards and said Man City 'completely deserved to win.' That might sting a bit. Bournemouth will know they were right in this one for a long time."
6b22b680-a4f1-4af3-8fbd-86034a489816,brighton,t,news,routine,,published,t,2026-08-24 06:47:50.493729+00,2026-08-24 08:47:50.493729,2026-08-24 06:47:49+00,2026-08-24 06:47:52.378+00,2026-08-24 08:47:52.378,0.03140451666666666667,08,,,,Brighton beat 10-man Aston Villa in their Premier League opener. A dominant home win. Someone on Match of the Day called it 'beyond anyone's dreams.',He'll hug strangers,Brighton beat Aston Villa comfortably in their home opener. Let him have his moment.,"brighton beat villa.
and dominated them.","It's like a first date when your match shows up late, flustered, and with half their personality missing. Easy evening.",Brighton dominated a 10-man Aston Villa in their Premier League opener for a brilliant home win. A great way to start the new season.,"[""Tell him Brighton dominated Villa in the opener and Villa ended up with 10 men. He'll love that."", ""Ask him: was this the real Brighton, or were Villa just that bad?"", ""Brighton also have a Conference League game coming up. He'll have it in his diary already.""]",exciting,f,,f,"{brighton,aston_villa}",297,"Brighton won their first game of the new season in fine style, beating a 10-man Aston Villa side at home. The BBC called it a 'domination.' Someone on Match of the Day described the win as 'beyond anyone's dreams.' A good start. They still have the Conference League playoff to come this week too."
bc6f0ddc-beb6-48f5-9f9b-91f572a53fd9,liverpool,t,news,routine,,published,t,2026-08-24 06:48:40.580801+00,2026-08-24 08:48:40.580801,2026-08-24 06:48:39+00,2026-08-24 06:48:43.643+00,2026-08-24 08:48:43.643,0.05103665000000000000,08,,,,Liverpool drew at Newcastle in manager Iraola's first game. Szoboszlai rescued a point with a late penalty. Neville says Wirtz and Isak disappointed.,He'll have a view,Liverpool drew at Newcastle. Szoboszlai's late penalty rescued the point.,"drew at newcastle.
late pen saved it.","It's like your friend getting out of paying for dinner by claiming a lactose thing right as the bill arrives. Relief, but also: is that fair?","Liverpool drew at Newcastle in Iraola's first game as manager. Szoboszlai scored a late penalty to rescue a point, but questions remain about the overall performance.","[""Tell him Liverpool drew at Newcastle with a late Szoboszlai penalty. He'll have a lot to say about whether they deserved more."", ""Ask him: is Iraola's Liverpool good enough, or did tonight show they've still got problems?"", ""He'll probably already have strong opinions on whether Wirtz and Isak underperformed. Let him.""]",drama,t,Liverpool drew at Newcastle in Iraola's first game. Szoboszlai's late penalty rescued the point.,f,"{liverpool,newcastle}",394,"Liverpool drew at Newcastle to open the season, with Szoboszlai scoring a late penalty to salvage the result. It was Iraola's first competitive game as Liverpool manager. Sky Sports say Gary Neville (ex-Manchester United defender, now a pundit) called Wirtz and Isak Liverpool's biggest disappointments on the night. Szoboszlai afterwards said Liverpool 'should have won.' Plenty to talk about."
6d5238ab-f319-4fba-9530-47756ca96502,man_city,t,news,routine,,published,t,2026-08-24 06:49:18.350288+00,2026-08-24 08:49:18.350288,2026-08-24 06:49:17+00,2026-08-24 06:49:20.867+00,2026-08-24 08:49:20.867,0.04194520000000000000,08,,,,"Man City have completed a deal to sign Ayyoub Bouaddi (Lille midfielder, 18) for £86m as the next piece of their midfield rebuild.",Phone calls loading,Man City signed 18-year-old Bouaddi from Lille for £86m. They're building fast.,"man city sign bouaddi.
£86m. 18 years old.","It's like a brand hiring an 18-year-old TikTok creator for their biggest campaign before they've proved themselves commercially. Expensive bet, high upside.","Man City have completed a deal for 18-year-old Lille midfielder Ayyoub Bouaddi for £86m, continuing their midfield rebuild after Rodri left for Barcelona.","[""Tell him Man City just signed an 18-year-old for £86m. He'll either be impressed at their ambition or furious they get to do this every summer."", ""Ask him: is Bouaddi the next Rodri, or is Man City kidding themselves about replacing someone like that?"", ""He'll probably have a view on whether spending that much on a teenager is clever or reckless.""]",exciting,t,Man City have signed 18-year-old Ayyoub Bouaddi from Lille for £86m.,t,{man_city},354,"Man City have completed a deal for Ayyoub Bouaddi, an 18-year-old midfielder from French club Lille. The fee is £86m, though the Guardian say it could be worth up to £100m. He starred at the World Championship this summer. Man City have also already lost Rodri (Spain midfielder) to Barcelona this window, so Bouaddi looks like his long-term replacement."
52f34aa1-10bb-4de3-a77b-bfea95339e26,newcastle,t,news,routine,,published,t,2026-08-24 06:49:51.750489+00,2026-08-24 08:49:51.750489,2026-08-24 06:49:50+00,2026-08-24 06:49:54.585+00,2026-08-24 08:49:54.585,0.04724185000000000000,08,,,,Newcastle drew with Liverpool after a late penalty. Wissa (Newcastle winger) was excellent. Manager Jaissle called it 'really soft.' They should have won.,He'll be furious,Newcastle were winning until a late Liverpool penalty made it a draw. He'll be fuming.,"1-1 at home.
late pen made it even.","It's like waiting for your parcel, tracking shows it's on the van, then the driver marks it 'attempted delivery' when you were home the whole time.","Newcastle were ahead against Liverpool until a late, controversial penalty rescued the draw. Manager Jaissle said the decision was 'really soft.'","[""Tell him Newcastle were the better side and then a late penalty denied them the win. He'll have a strong view on whether it should've been given."", ""Ask him: is Jaissle's Newcastle going to be a proper threat this season, or was this a one-off?"", ""He'll probably be furious about the penalty. Ask him if he agrees it was soft.""]",drama,t,Newcastle drew with Liverpool after a controversial late penalty that Jaissle called 'really soft.',f,"{newcastle,liverpool}",387,"Newcastle were the better side against Liverpool and looked set to win, before a late penalty for Liverpool rescued the draw. Newcastle winger Wissa was excellent on the night. Manager Jaissle called the penalty 'really soft' and said it shouldn't have been given. The BBC wrote that there are signs Jaissle's Newcastle should not be written off. Good display, just not the three points."
50d8f8eb-d7d3-4d3e-97df-bf2918b8b5b6,west_ham,f,news,routine,,published,f,2026-08-24 06:50:10.402455+00,2026-08-24 08:50:10.402455,2026-08-24 06:50:09+00,,,,,,,,Crystal Palace are reportedly preparing a £50m bid for Jarrod Bowen (West Ham captain). Sky Sports are reporting the bid could come in this week.,"Bowen, Crystal Palace",Sky Sports say Crystal Palace are preparing a £50m bid for West Ham captain Bowen.,"palace want bowen.
£50m incoming?","It's like an ex sliding into your DMs right when you've committed to moving abroad. Timing, Bowen.","Crystal Palace are reportedly preparing a £50m bid for West Ham captain Jarrod Bowen, who is currently playing Championship football after West Ham's relegation.","[""Tell him Sky Sports are reporting Crystal Palace want to sign Bowen for £50m. He'll have a view on whether that makes sense."", ""Ask him: should West Ham cash in if it's £50m, or keep him and push for promotion?"", ""He'll probably say losing Bowen would be a disaster for their promotion hopes.""]",drama,f,,f,"{west_ham,crystal_palace}",292,"According to Sky Sports, Crystal Palace are getting ready to make a £50m move for Jarrod Bowen (West Ham captain). Nothing confirmed yet, and West Ham haven't said anything. But Bowen is now playing Championship football and Premier League clubs will be looking. Could be an interesting week."
5c1d4570-5d07-4476-887f-b6cb59954a2e,arsenal,t,news,routine,,published,f,2026-08-25 06:37:47.264469+00,2026-08-25 08:37:47.264469,2026-08-25 06:37:46+00,,,,,,,,Arsenal reportedly eyeing Alvarez (Atletico Madrid striker) this week. The Argentine was booed by Atletico fans after saying he wants to leave.,He might have opinions,Arsenal reportedly eyeing Alvarez before next week's deadline. Could amount to nothing.,"alvarez.
deadline week.
arsenal watching.","Like sliding into an ex's DMs the day before they move in with someone else, hoping they'll finally reply. Arsenal might only have days to make their move.","Arsenal are being linked with Atletico Madrid striker Julian Alvarez in the final days of the transfer window. Nothing's confirmed, but sources say they're ready to move if the door opens.","[""Tell him Arsenal might be going after Alvarez from Atletico before the window shuts. He'll have a lot to say."", ""Ask him: is Alvarez the missing piece or is this just deadline-day noise?"", ""The transfer window closes September 1. Arsenal have days to decide, and it sounds like they're watching.""]",drama,t,Arsenal reportedly tracking Julian Alvarez as transfer deadline approaches,f,{arsenal},312,"Julian Alvarez (Atletico Madrid striker) has been getting booed by his own fans after saying he wants to leave. Arsenal are watching and could make a move before the window shuts on 1 September, but nothing is confirmed yet.

This might be deadline-week noise. But if it happens, it would be a statement signing."
39525d6b-ec85-48b0-bf7e-780e9513e307,aston_villa,t,news,routine,,published,f,2026-08-25 06:39:09.869026+00,2026-08-25 08:39:09.869026,2026-08-25 06:39:09+00,,,,,,,,Villa are working on signing Joel Ordonez (Club Brugge defender) after a deal for Taylor Harwood-Bellis (Southampton defender) fell through.,"One out, one in?",Villa working on a deal for defender Ordonez from Club Brugge.,"villa want ordonez.
from club brugge.","Like when your Hinge match unmatches and you immediately swipe right on someone new. Villa wanted one defender, couldn't get him, and moved straight on.","After a failed deal for Southampton's Harwood-Bellis, Villa have moved quickly to target Club Brugge defender Joel Ordonez. The window closes September 1.","[""Tell him Villa are chasing a new defender from Belgium. One deal fell through and they've already moved on to someone else."", ""Ask him: does he think Villa's defence is the priority, or is the Watkins situation the bigger story?"", ""They tried for one centre-back, it didn't work, and they're straight after another. He'll either find that impressive or chaotic.""]",drama,f,,f,{aston_villa},271,"Villa tried to sign Taylor Harwood-Bellis from Southampton and it fell through. So they've moved straight on to Joel Ordonez, a centre-back from Club Brugge in Belgium.

The transfer window closes September 1. Villa still need to sort their defence, and this is the plan."
ffbd6bcb-054f-464b-91ca-7d23f012e1bd,chelsea,t,news,routine,,published,t,2026-08-25 06:41:23.434884+00,2026-08-25 08:41:23.434884,2026-08-25 06:41:22+00,2026-08-25 06:41:26.341+00,2026-08-25 08:41:26.341,0.04843526666666666667,08,,,,Chelsea beat Fulham 3-2 to give Xabi Alonso (new Chelsea manager) a winning start. Cole Palmer scored and set up Joao Pedro. Morgan Rogers scored on debut.,Stories incoming,Chelsea beat Fulham 3-2. Alonso wins his first game as manager. Palmer scored.,"chelsea 3-2 fulham.
alonso's first win.",Like acing your first day at the new job but your autocorrect sends one chaotic email. They won. The goalkeeper stress can wait.,"Chelsea beat Fulham 3-2 in a five-goal thriller. Xabi Alonso got a winning start as manager, with Cole Palmer and Morgan Rogers both starring. The goalkeeper Robert Sanchez made errors but Chelsea held on.","[""Pre-pour his drink. Tell him you saw the Chelsea score."", ""Ask him: does Palmer make Chelsea genuine title contenders this season?"", ""Morgan Rogers scored on debut as well. Chelsea's attack is suddenly very fun to watch.""]",exciting,t,Xabi Alonso starts as Chelsea manager with a 3-2 win at Fulham,f,"{chelsea,fulham}",373,"Chelsea beat Fulham 3-2 in a five-goal Monday night thriller. Cole Palmer (Chelsea playmaker) scored and set up Joao Pedro, and Morgan Rogers bagged a debut goal too. Xabi Alonso got his first win as Chelsea manager.

The goalkeeper Robert Sanchez made errors that gave Fulham their two goals. Carragher said it'll 'haunt' their title challenge. Alonso defended him anyway."
b410d372-60d3-4d0f-842b-1917db05011b,brighton,t,news,routine,,published,f,2026-08-25 06:42:05.336193+00,2026-08-25 08:42:05.336193,2026-08-25 06:42:04+00,,,,,,,,"Brighton have rejected two bids from Liverpool for winger Yankuba Minteh, the highest being £60m. They are not letting him go easily.",Holding firm,Brighton rejected a £60m bid from Liverpool for winger Minteh. Keeping him for now.,"minteh stays.
brighton say no
to liverpool.","Like your ex texting twice asking to grab coffee, and you've said no both times. Brighton aren't interested.","Brighton have turned down two bids from Liverpool for winger Yankuba Minteh, with the highest offer at £60m. Brighton are holding firm as the window closes.","[""Tell him Brighton knocked back a £60m bid from Liverpool for Minteh. They're not selling."", ""Ask him: is £60m good value for Minteh, or should Brighton hold out for even more?"", ""Liverpool tried twice and got told no. That's a good sign for Brighton fans.""]",exciting,f,,f,"{brighton,liverpool}",251,"Liverpool have tried twice to sign Yankuba Minteh (Brighton winger), with their highest offer reaching £60m. Brighton have said no to both.

The transfer window shuts September 1. Liverpool are still looking for a winger, but Brighton are not budging."
bf0638b7-9661-4c6b-9bfb-87d2609f37b6,fulham,t,news,routine,,published,t,2026-08-25 06:43:13.686021+00,2026-08-25 08:43:13.686021,2026-08-25 06:43:13+00,2026-08-25 06:43:16.351+00,2026-08-25 08:43:16.351,0.04441631666666666667,08,,,,Fulham lost 2-3 at home to Chelsea. Alvaro Arbeloa (Fulham manager) said they deserved 'a little bit more' but was encouraged by the character shown.,He'll be a bit gutted,Fulham lost 3-2 to Chelsea at home. Arbeloa said they deserved more.,"fulham 2-3 chelsea.
arbeloa says
they deserved more.","Like hosting a dinner party, cooking everything perfectly, and one plate breaking on the way to the table. Fulham did a lot right. The scoreboard didn't reflect it.",Fulham lost 2-3 to Chelsea at home on the opening night. Manager Alvaro Arbeloa said his side showed good character but deserved a better result.,"[""Tell him Fulham lost 2-3 to Chelsea but the manager said they deserved more from the game."", ""Ask him: was Arbeloa unlucky, or is Fulham's defensive fragility already a concern?"", ""He might already be talking about what could have been. Arbeloa said the right things after.""]",bad_news,f,,f,"{fulham,chelsea}",261,"Fulham 2-3 Chelsea. Alvaro Arbeloa (Fulham manager) said his side deserved 'a little bit more' after a five-goal opening-day thriller on Monday Night Football.

He was encouraged by the character and perseverance shown, but it's still a loss at home on day one."
d65e81ba-769c-4fa4-951b-faae97d1989d,liverpool,t,news,routine,,published,f,2026-08-25 06:46:16.265354+00,2026-08-25 08:46:16.265354,2026-08-25 06:46:15+00,,,,,,,,Man City are reportedly interested in signing Cody Gakpo (Liverpool forward). Liverpool could lose another key player before September 1.,He might be stressed,Man City reportedly want Gakpo from Liverpool. Could amount to nothing.,"city want gakpo.
liverpool's
in demand.",Like your group chat going into meltdown because your most reliable friend might be moving away. Liverpool could lose Gakpo to Man City.,"Manchester City are reportedly interested in signing Liverpool forward Cody Gakpo, with Spurs also in the picture. Liverpool drew on opening day and could face another squad loss.","[""Tell him Man City are reportedly after Gakpo from Liverpool. He'll have feelings about this."", ""He's already worried about the squad. Tell him to watch what happens with Gakpo this week."", ""Ask him: would losing Gakpo be a serious problem for Liverpool's season?""]",drama,f,,f,"{liverpool,man_city}",262,"Liverpool might not be done losing players. Manchester City are reportedly interested in signing Cody Gakpo (Liverpool forward), who is also a target for Spurs.

The window closes September 1. Liverpool drew on opening day and a Gakpo exit would be another blow."
44c6d10a-0aa7-4217-afc0-2952419cbb53,man_city,t,news,routine,,published,f,2026-08-25 06:46:17.618015+00,2026-08-25 08:46:17.618015,2026-08-25 06:46:17+00,,,,,,,,"Manchester City have agreed a deal to sign winger Allan Elias from Palmeiras for up to £34.2m. He's the replacement for Savinho, who is leaving.",Fresh face incoming,Man City agreed a £34m deal for Brazilian winger Allan from Palmeiras.,"city sign allan.
from palmeiras.
£34m.",Like when your housemate moves out and you've already followed the new flatmate on Instagram. City knew Savinho was leaving and had a replacement lined up.,Manchester City have agreed a deal to sign Brazilian winger Allan Elias from Palmeiras for up to £34.2m. He replaces Savinho who is departing.,"[""Tell him Man City signed a new winger from Brazil for £34m to replace Savinho. He'll have a view on the value."", ""Ask him: does Allan Elias fill the Savinho gap, or is City's squad looking thin?"", ""City have already signed Bouaddi for £86m this summer. This is their second major window deal.""]",exciting,f,,f,{man_city},283,"Manchester City have agreed to sign winger Allan Elias from Brazilian club Palmeiras in a deal worth up to £34.2m. He's set to replace Savinho, who is leaving the club.

City are moving quickly in the final week of the window. Allan is a young Brazilian winger with a big reputation."
b62c3b62-c122-450a-ba95-b9a9bde83cdd,newcastle,t,news,routine,,published,f,2026-08-25 06:46:18.673704+00,2026-08-25 08:46:18.673704,2026-08-25 06:46:18+00,,,,,,,,"Newcastle have reportedly agreed to sign Nico González (Manchester City midfielder) to replace Bruno Guimaraes, who left the club.",Replacement sorted?,Newcastle reportedly agreed to sign Nico Gonzalez from Man City to replace Guimaraes.,"nico gonzalez.
heading to
newcastle.",Like when your best colleague leaves and HR had the new hire waiting in the wings. Newcastle are moving fast to fill the Bruno Guimaraes gap.,Newcastle have reportedly agreed to sign Nico González from Manchester City as a replacement for Bruno Guimaraes. Multiple sources confirm the deal is close.,"[""Tell him Newcastle have reportedly sorted the Guimaraes replacement, signing a Man City midfielder."", ""He's been worried about the midfield gap. Tell him Nico González might be the answer."", ""Ask him: is Nico González a like-for-like replacement for Guimaraes, or a downgrade?""]",exciting,f,,f,"{newcastle,man_city}",237,"Newcastle have reportedly agreed a deal to sign Nico González (Manchester City midfielder) as the replacement for Bruno Guimaraes, who has left the club.

Multiple sources report the deal is close. The transfer window closes September 1."
803b220a-db18-4df5-b9a7-c3b3ab0917e0,nottm_forest,t,news,routine,,published,f,2026-08-25 06:46:19.399196+00,2026-08-25 08:46:19.399196,2026-08-25 06:46:19+00,,,,,,,,Nottingham Forest are working on a deal to sign Liam Delap (Chelsea striker). Glasner wants two more signings before the window closes.,They're still shopping,Forest close to signing striker Delap from Chelsea. Glasner wants two more.,"delap.
forest close in.
from chelsea.",Like when you have a tough first day at the new job and you're already Googling night courses by 9pm. Glasner lost his first game and is already bringing in reinforcements.,Nottingham Forest are closing in on signing Liam Delap from Chelsea for around £50m. Manager Oliver Glasner has said he wants two more signings before the window closes.,"[""Tell him Forest lost on day one and they're already signing a striker from Chelsea. Glasner is not hanging around."", ""He's been tracking Forest's window. Tell him Delap is close and the manager wants another one after that."", ""Ask him: is Delap the right fix for Forest's attack, or do they need someone different?""]",drama,f,,f,"{nottm_forest,chelsea}",271,"Nottingham Forest lost their opening game and manager Oliver Glasner has made clear he wants more signings. Forest are close to a deal for Liam Delap (Chelsea striker), who is reportedly valued at £50m.

Glasner also wants another buy before September 1. Forest are busy."
a8b672f6-33f9-43f2-9f6c-614a7e0b9508,spurs,t,news,routine,,published,f,2026-08-25 06:47:52.507961+00,2026-08-25 08:47:52.507961,2026-08-25 06:47:51+00,,,,,,,,"Man City have entered the race for Cody Gakpo (Liverpool forward), a Tottenham target. Spurs now face competition for a player they wanted.",He might have thoughts,"Man City just entered the race for Gakpo, who Spurs were after. Deadline week.","city want gakpo.
but so do spurs.","Like matching with someone on Hinge, taking your time, then seeing they just matched with someone else too. Spurs wanted Gakpo. Man City showed up.","Manchester City have entered the race for Liverpool forward Cody Gakpo, who Tottenham were already targeting. Spurs now face competition in the final week of the transfer window.","[""Tell him Man City just entered the race for Gakpo, who Spurs were apparently after. The window shuts next week."", ""He's been watching the Spurs transfer window closely. Tell him their target now has a rival buyer."", ""Ask him: is Gakpo even the right signing for Spurs, or should they be looking elsewhere?""]",drama,f,,f,"{spurs,liverpool,man_city}",246,"Tottenham had been linked with Liverpool forward Cody Gakpo. Now Manchester City have entered the race, making the transfer window even more complicated for Spurs.

The window closes September 1. If Spurs want Gakpo, they'll need to move quickly."
28ce4fbe-def0-4501-aa11-5607837ac912,man_utd,t,news,routine,,published,f,2026-08-25 06:47:54.865107+00,2026-08-25 08:47:54.865107,2026-08-25 06:47:54+00,,,,,,,,Manchester United are reportedly confident of signing Myles Lewis-Skelly before the transfer window closes on September 1.,Window watch,Man Utd reportedly confident of signing Lewis-Skelly before the deadline.,"lewis-skelly.
man utd confident.
deadline week.","Like telling yourself you'll book the holiday after payday, then realising payday is next week and prices just went up. United need this done before September 1.",Manchester United are reportedly confident of completing a deal for Myles Lewis-Skelly before the transfer window closes next week. United lost on opening day and are looking to strengthen.,"[""Tell him United are reportedly confident of signing Lewis-Skelly before the deadline. He'll track it."", ""Ask him: is this the kind of signing that could change United's season, or is it just depth?"", ""United lost to Hull on opening day. Carrick is clearly still trying to build the right squad.""]",drama,f,,f,{man_utd},269,"Manchester United are reportedly confident of completing a deal for Myles Lewis-Skelly before the transfer window closes.

United started the season with a loss to Hull and Michael Carrick (United manager) is looking to add to his squad in the final days of the window."
bb1a4075-9dd2-49c7-8dbf-2305689a043a,brentford,t,news,routine,,published,t,2026-08-26 06:42:26.965592+00,2026-08-26 08:42:26.965592,2026-08-26 06:42:25+00,2026-08-26 06:42:30.196+00,2026-08-26 08:42:30.196,0.05384013333333333333,08,,,,Callum Wilson (Brentford striker) scored on his full debut as Brentford hit Birmingham for six in the Carabao Cup.,Wilson's arrived,Brentford hit Birmingham for six in the Carabao Cup. Wilson scored on his full debut.,"brentford.
six goals.
wilson's here.","Like a first date where he turns up early, picks the right restaurant, and insists on paying. Wilson, first game.",Callum Wilson scored just six minutes into his first full start for Brentford as they hit Championship side Birmingham for six in the Carabao Cup. Captain Collins also headed home twice.,"[""Tell him Wilson scored on his debut and watch him decide Brentford are sorted up front."", ""He'll probably say they needed someone like Wilson all along. Let him explain why."", ""Ask him: is a cup run realistic if this is what the squad looks like now?""]",exciting,f,,f,{brentford},273,"Callum Wilson's first full start for Brentford went rather well. He scored just six minutes in, captain Nathan Collins (Brentford defender) headed home twice, and Brentford put six goals past Birmingham. It's the kind of cup night that tells you the squad is looking sharp."
79da3868-b27c-41ed-8ccf-31df44162072,brighton,t,news,routine,,published,t,2026-08-26 06:42:44.082367+00,2026-08-26 08:42:44.082367,2026-08-26 06:42:43+00,2026-08-26 06:42:46.745+00,2026-08-26 08:42:46.745,0.04437721666666666667,08,,,,Brighton have sold Carlos Baleba (Cameroon midfielder) to Manchester United in a £70m deal.,He'll spot the irony,Brighton sold Baleba to Man United for £70m. He'll say it was too cheap or too soon.,"baleba.
manchester united.
£70m goodbye.",It's like the mate who keeps getting poached by every company and somehow the start-up they were at just... keeps going. Brighton are that start-up.,"Brighton have sold Carlos Baleba to Manchester United for £70m. It's the latest in a long line of high-value departures from the Amex, with the club known for developing and selling top talent.","[""Tell him Brighton sold Baleba to Man United for £70m. He'll say it was too cheap or too soon."", ""He'll probably bring up Brighton's whole sell-to-survive model. Let him run with it."", ""Ask him: is Brighton's way of doing things clever or just sad, long-term?""]",drama,f,,f,"{brighton,man_utd}",281,"It's the Brighton model in action again. Carlos Baleba, the Cameroon midfielder they signed and developed, has completed a £70m move to Manchester United. Brighton keep selling and somehow keep going. For Man United fans, he's a big arrival. For Brighton fans, he's a £70m goodbye."
5de06df7-56e6-4db4-abb6-72d44cc55d50,chelsea,t,news,routine,,published,t,2026-08-26 06:43:20.871576+00,2026-08-26 08:43:20.871576,2026-08-26 06:43:18+00,2026-08-26 06:43:24.142+00,2026-08-26 08:43:24.142,0.05450706666666666667,08,,,,Chelsea have agreed to sell striker Liam Delap to Nottingham Forest for around £50m.,Strikers out the door,Chelsea sold Delap to Forest for £50m. Pedro scored on debut. Looks settled.,"delap to forest.
£50m out.
peace to pedro.","Like clearing out the old flatmate's room the same week you found someone new on SpareRoom. Decisive, slightly chaotic.","Chelsea have agreed to sell Liam Delap to Nottingham Forest for around £50m. It's a signal that Joao Pedro, who scored on his debut against Fulham, is the striker Xabi Alonso is building around.","[""Tell him Chelsea sold Delap to Forest for £50m and Pedro is the main man now. He'll have thoughts."", ""He'll probably say it's bold to sell a striker so early in a new era. Ask if he thinks it works."", ""Ask him: does Joao Pedro actually fix Chelsea's number nine problem?""]",drama,t,Chelsea sell Delap to Nottingham Forest for £50m as Joao Pedro takes the number nine role under Xabi Alonso.,f,"{chelsea,nottm_forest}",300,"Liam Delap is heading to Nottingham Forest for around £50m. Chelsea have agreed the deal, clearing the way for Joao Pedro to be the main striker under new manager Xabi Alonso. Pedro already scored 31 seconds into his debut in the win over Fulham, so Chelsea fans aren't exactly crying about the swap."
6c6776ac-fbd1-4a5b-9566-ff72e8860715,ipswich,t,news,routine,,published,t,2026-08-26 06:43:47.600894+00,2026-08-26 08:43:47.600894,2026-08-26 06:43:46+00,2026-08-26 06:43:49.079+00,2026-08-26 08:43:49.079,0.02463510000000000000,08,,,,"Ipswich beat Leicester 3-1 in the Carabao Cup, with Marcelino Nunez (Ipswich midfielder) scoring a sensational goal from the halfway line.","Halfway line, proper goal",Ipswich beat Leicester 3-1 in the Carabao Cup. Nunez scored from the halfway line.,"ipswich 3-1.
nunez from half.
sensational.",It's like someone dropping one perfectly timed message into a group chat argument that ends the whole thing. From across the room.,"Ipswich beat Leicester 3-1 in the Carabao Cup, with Marcelino Nunez scoring from the halfway line in what was one of the goals of the round.","[""Tell him Nunez scored from the halfway line for Ipswich tonight. He'll want to see the video."", ""He'll probably say it's the goal of the week. Ask him to guess what the final score was."", ""Ask him: can Ipswich make a proper cup run this season?""]",exciting,f,,f,"{ipswich,leicester}",233,"Marcelino Nunez scored one of those goals. From the halfway line, into the net, in a hard-fought 3-1 Carabao Cup win over Leicester. Ipswich are through to the next round, and Nunez has given everyone something to talk about tonight."
e9d7f9c6-6d88-4a5c-a873-a69e770ef749,man_city,t,news,routine,,published,t,2026-08-26 06:44:20.252794+00,2026-08-26 08:44:20.252794,2026-08-26 06:44:19+00,2026-08-26 06:44:23.116+00,2026-08-26 08:44:23.116,0.04772010000000000000,08,,,,Manchester City are selling midfielder Nico Gonzalez to Newcastle in a deal worth around £52m.,Another one out at City,Man City selling Gonzalez to Newcastle for £52m. Another one out the door.,"gonzalez out.
newcastle bound.
city rebuild.",Like a company that keeps shedding its best people and insists it's a planned restructure. City this summer.,"Manchester City are selling Nico Gonzalez to Newcastle for around £52m. Coming after losing Rodri earlier this summer, it continues a significant shift in City's squad heading into the new season.","[""Tell him Man City have agreed to sell Gonzalez to Newcastle. He'll start listing who else has left."", ""He'll probably say City are dismantling too quickly. Let him run the numbers."", ""Ask him: does this make Newcastle genuine title challengers, or just better?""]",drama,t,Manchester City sell Nico Gonzalez to Newcastle for £52m in another high-profile squad departure.,f,"{man_city,newcastle}",291,"Manchester City are selling another midfielder. Nico Gonzalez is heading to Newcastle for around £52m, reportedly to fill the gap left by Bruno Guimaraes. City have already lost Rodri and now Gonzalez in the same window. It's a very different squad from the one that won everything recently."
14f00c4f-8157-404f-91eb-24fe1e3df607,man_utd,t,news,routine,,published,t,2026-08-26 06:44:44.665636+00,2026-08-26 08:44:44.665636,2026-08-26 06:44:44+00,2026-08-26 06:44:46.597+00,2026-08-26 08:44:46.597,0.03218940000000000000,08,,,,"Manchester United have signed Carlos Baleba (Cameroon midfielder) from Brighton for around £70m, completing a £148m midfield overhaul this summer.",Midfield sorted,"Man United signed Baleba from Brighton for £70m. Three midfielders, £148m. Done.","baleba.
brighton to united.
£70m done.",Calling it a vision and then just spending money until it looks like one. United this summer.,"Manchester United have officially signed Carlos Baleba from Brighton for around £70m, completing a summer midfield spend of around £148m. Baleba reportedly called United the club of his dreams.","[""Tell him United have now spent £148m on their midfield this summer alone. He'll have a response ready."", ""He'll probably say it's too much, not enough, or both at once. Just pour a drink and listen."", ""Ask him: does Baleba fix United's problems or just make them more expensive?""]",exciting,f,,f,"{man_utd,brighton}",298,"Carlos Baleba is a Manchester United player. The Cameroon midfielder has completed a £70m move from Brighton, completing what the club calls a £148m midfield overhaul this summer. Baleba reportedly called United the 'club of my dreams'. [his name] is going to have a lot of feelings about this one."
117d87ba-9177-4aca-9088-b995136b838e,man_utd,t,news,routine,,published,t,2026-08-26 06:45:14.147856+00,2026-08-26 08:45:14.147856,2026-08-26 06:45:13+00,2026-08-26 06:45:16.817+00,2026-08-26 08:45:16.817,0.04448573333333333333,08,,,,Manchester United captain Bruno Fernandes (Portuguese midfielder) has won the PFA Player of the Year award for the 2025/26 season.,T-shirt material,Bruno Fernandes won PFA Player of the Year. His fellow pros voted him best.,"fernandes.
pfa player of
the year.","Being voted best by the people you work with, not by critics or panels. Fernandes, peers, done.","Bruno Fernandes has won the PFA Players' Player of the Year award for 2025/26, voted for by his fellow professionals. The Manchester United captain said he was 'very proud' of the recognition.","[""Tell him Fernandes just won PFA Player of the Year, voted by his fellow pros. He'll have opinions."", ""He'll probably say it's deserved, or that someone else should have won. Ask who."", ""Ask him: does a single player winning awards while the team struggles mean anything?""]",exciting,t,"Bruno Fernandes wins PFA Player of the Year for the 2025/26 season, voted for by his fellow professionals.",f,{man_utd},334,"Bruno Fernandes has been voted PFA Players' Player of the Year by his fellow professionals. The Manchester United captain said he was 'very proud' of the award, which recognises a record-breaking season for assists. It's the kind of individual recognition that means a lot when the team has been in the news for all the wrong reasons."
b437e090-c58a-46db-8fb6-2b83bc1adefe,nottm_forest,t,news,routine,,published,t,2026-08-26 06:45:39.678957+00,2026-08-26 08:45:39.678957,2026-08-26 06:45:38+00,2026-08-26 06:45:42.611+00,2026-08-26 08:45:42.611,0.04886738333333333333,08,,,,"Nottingham Forest have agreed a club-record £50m fee to sign Liam Delap (Chelsea striker), making him their biggest signing ever.",Club-record signing,Forest agreed a club-record £50m for Delap from Chelsea. Their biggest signing ever.,"delap.
forest's biggest
ever deal.","Swiping right on someone your friends said was out of your league and then somehow it worked. Forest, £50m, Delap.",Nottingham Forest have agreed a club-record deal worth around £50m to sign Chelsea striker Liam Delap. The fee of £45m plus add-ons is the biggest in Forest's history.,"[""Tell him Forest have signed Delap from Chelsea for a club-record £50m. He'll have an opinion on the value."", ""He'll probably say Forest are being ambitious or reckless, ask which he thinks it is."", ""Ask him: can Delap fire Forest into European contention this season?""]",exciting,f,,f,"{nottm_forest,chelsea}",275,"Nottingham Forest have agreed to pay a club-record £50m for Chelsea striker Liam Delap, reportedly £45m upfront plus £5m in add-ons. It's the biggest transfer in the club's history and a real statement from Forest as they look to push into the top half of the Premier League."
d52c9692-b199-4d71-b5f0-8f54cd406871,southampton,f,news,routine,,published,t,2026-08-26 06:45:55.876971+00,2026-08-26 08:45:55.876971,2026-08-26 06:45:55+00,2026-08-26 06:45:59.48+00,2026-08-26 08:45:59.48,0.06005048333333333333,08,,,,"Southampton lost 4-1 to West Ham in the Carabao Cup, going behind and conceding four goals in a difficult night.",Tough cup exit,Southampton lost 4-1 to West Ham in the Carabao Cup. Came back? No. They didn't.,"southampton.
cup exit.
4-1 to west ham.","Like turning up to a difficult shift and finding out it got worse while you were on the bus. Southampton, Tuesday night.","Southampton lost 4-1 to West Ham in the Carabao Cup. They went behind and conceded four goals, ending their cup run at the second-round stage.","[""Tell him Southampton lost 4-1 to West Ham in the cup. He'll already know how to feel."", ""He'll probably bring up the season so far. Let him vent, just agree occasionally."", ""Ask him: does he think Southampton can get back up this season?""]",bad_news,f,,f,"{southampton,west_ham}",294,"Southampton fell to a 4-1 defeat against West Ham in the Carabao Cup. They went behind early and never recovered. West Ham scored four in total, including two from a teenager on his full professional debut. It's another difficult result in what's been a tough start to life in the Championship."
3443cb78-2878-4446-99b8-95ba3d6c265e,spurs,t,news,routine,,published,t,2026-08-26 06:46:18.228973+00,2026-08-26 08:46:18.228973,2026-08-26 06:46:17+00,2026-08-26 06:46:20.092+00,2026-08-26 08:46:20.092,0.03105045000000000000,08,,,,"Tottenham have signed Brazil winger Savio (formerly Savinho at Manchester City) in a deal worth around £75m, pushing their summer spending past £300m.",Three hundred million,Spurs signed Savio from Man City for £75m. Summer spending now over £300m. Big window.,"savio.
man city to spurs.
£75m done.","Like changing your name on LinkedIn and announcing a 'fresh chapter' the same week you moved companies. Savio, welcome to Spurs.","Tottenham have signed Brazil winger Savio from Manchester City for around £75m, pushing their summer spending past £300m. Manager Roberto De Zerbi hopes the signing will help them after a tough start to the season.","[""Tell him Spurs just signed Savio from Man City for £75m, their summer spending is over £300m. He'll react."", ""He'll probably have thoughts on whether De Zerbi can turn all this money into results."", ""Ask him: does spending £300m make Spurs genuine contenders, or just expensive?""]",exciting,t,"Tottenham complete signing of Brazil winger Savio from Manchester City for around £75m, taking their summer spend past £300m.",f,"{spurs,man_city}",346,"Savio is a Tottenham player. The Brazil winger, known as Savinho at Man City, has completed a move to Spurs for around £75m, pushing their total summer spending past £300m. Manager Roberto De Zerbi is hoping the fresh start will help Spurs after a difficult opening day. He goes back to being called Savio, which is apparently his preferred name."
509b8235-8ad7-426b-a0e5-ae55c98b17d9,west_ham,f,news,routine,,published,t,2026-08-26 06:46:40.222521+00,2026-08-26 08:46:40.222521,2026-08-26 06:46:39+00,2026-08-26 06:46:42.176+00,2026-08-26 08:46:42.176,0.03255798333333333333,08,,,,"West Ham beat Southampton 4-1 in the Carabao Cup, with teenager Josh Ayala (West Ham forward) scoring twice on his full professional debut.","Debut night, two goals",West Ham beat Southampton 4-1 in the Carabao Cup. Ayala scored twice on debut.,"west ham 4-1.
ayala, two goals.
full debut.","Like the quietest person at the party ending up absolutely running it by the end of the night. Ayala, first start, two goals.","West Ham beat Southampton 4-1 in the Carabao Cup, coming from behind to win convincingly. Teenager Josh Ayala scored twice on his full professional debut, a real statement from the youngster.","[""Tell him West Ham won 4-1 in the cup and a teenager scored twice on his debut. He'll want to know the name."", ""He'll probably say it's exactly the kind of lift they needed. Let him enjoy it."", ""Ask him: can a cup run give West Ham some momentum this season?""]",exciting,f,,f,"{west_ham,southampton}",284,"West Ham came from behind to beat Southampton 4-1 in the Carabao Cup, with teenager Josh Ayala stealing the show on his full professional debut. He scored twice. When a teenager scores two on their debut in a competitive match, it tends to give the fans something to be excited about."
e064f0f8-7814-4c21-b452-ed08783ae29d,arsenal,t,news,routine,,published,f,2026-08-27 06:53:45.326851+00,2026-08-27 08:53:45.326851,2026-08-27 06:53:44+00,,,,,,,,Atletico Madrid insist Julian Alvarez (striker) will not leave as Arsenal transfer saga continues,Alvarez saga update,"Atletico say 0% chance Julian Alvarez leaves, but Arsenal still hopeful.","atletico say no.
arsenal still hopeful.",It's like the ex who says 'I'm completely over them' while replying to every single story.,Atletico Madrid have publicly declared Alvarez is going nowhere. Arsenal are still watching. The window shuts soon.,"[""Tell him Atletico are furious and publicly shut the door on Alvarez leaving. He'll know if Arsenal's move is actually dead."", ""Ask him: if this falls through, who does Arsenal target before the window closes?"", ""He'll probably say this is just posturing. Clubs always say no until they say yes.""]",drama,t,Atletico say '0% chance' Alvarez leaves as transfer row intensifies,f,{arsenal},431,"Atletico Madrid have gone public with their frustration, claiming there is a '0% chance' Julian Alvarez departs this summer and calling themselves the 'victims' in the transfer row with Barcelona. Arsenal have been monitoring the situation closely, hoping a breakthrough might come before the window closes. The Gunners are said to still believe a deal is possible, but Atletico's public stance makes it look increasingly unlikely."
2eea80bd-675b-4fc8-99dc-dc2334a083ed,aston_villa,t,news,routine,,published,t,2026-08-27 06:54:00.938417+00,2026-08-27 08:54:00.938417,2026-08-27 06:54:00+00,2026-08-27 06:54:03.641+00,2026-08-27 08:54:03.641,0.04504305000000000000,08,,,,Aston Villa agree double deal: Ollie Watkins exits to Saudi for £50m as Nicolas Jackson arrives from Chelsea,Villa are not messing around,Watkins is off to Saudi for £50m. Jackson from Chelsea is the replacement.,"villa double deal.
watkins out, £50m.
jackson in.",It's like ending one relationship and announcing the new one in the same Instagram story. Villa planned this one.,"Aston Villa moved fast and sold Watkins to Saudi Arabia while agreeing a deal to bring Jackson in from Chelsea. Same window, two big calls.","[""Tell him Villa are officially selling Watkins and bringing in Jackson from Chelsea in the same window. He'll have an opinion on the sequencing."", ""Did you know Jackson spent three years at Chelsea before this? He's already Premier League tested."", ""Ask him if Watkins leaving mid-window is bold squad management or a risk.""]",exciting,t,"Watkins to Saudi, Jackson in: Villa pull off a double deal in one afternoon",t,"{aston_villa,chelsea}",356,"Aston Villa have moved decisively in the final stretch of the window. Ollie Watkins is heading to Al-Hilal in a deal worth around £50m, while Nicolas Jackson arrives from Chelsea to fill the gap up front. Villa agreed the Jackson deal, reportedly worth £65m, almost simultaneously. It is a bold double move that reshapes their attack in a single afternoon."
f8d3b074-4570-4b21-b66a-673e888da81a,brentford,t,news,routine,,published,t,2026-08-27 06:54:14.790345+00,2026-08-27 08:54:14.790345,2026-08-27 06:54:14+00,2026-08-27 06:54:16.551+00,2026-08-27 08:54:16.551,0.02934425000000000000,08,,,,Brentford agree £40m deal for El Hadji Malick Diouf (defender) as West Ham accept offer,Brentford made their move,West Ham accepted £40m for Senegal defender Diouf. He's cleared for a medical.,"brentford sign diouf.
west ham said yes.
£40m deal done.",It's like getting the flatmate everyone on the housing app was competing for. Brentford moved first.,Brentford have agreed a £40m deal for West Ham's Diouf. He's Senegal's first-choice defender and now heading to west London.,"[""Tell him Brentford agreed £40m for West Ham's Diouf. He'll know if that's a good deal for a defender."", ""He's probably been watching Diouf already. Ask him what he knows about him."", ""West Ham's defence will look different now. He'll tell you if that's good or bad for them.""]",exciting,f,,f,"{brentford,west_ham}",276,Brentford have agreed a £40m deal to sign Senegal defender El Hadji Malick Diouf from West Ham. West Ham accepted the bid and Diouf has been cleared to have his medical with the Bees. It is a significant addition to Brentford's backline ahead of the new Premier League season.
0b94655d-b422-400d-99c4-129144bbad62,brighton,t,news,routine,,published,t,2026-08-27 06:54:26.742439+00,2026-08-27 08:54:26.742439,2026-08-27 06:54:26+00,2026-08-27 06:54:28.971+00,2026-08-27 08:54:28.971,0.03714268333333333333,08,,,,Brighton drawn against Manchester United in Carabao Cup third round,Whiteboard material,Brighton drew Man Utd in the Carabao Cup third round. He'll want to analyse the lineup.,"brighton draw man utd.
cup third round.",It's like finding out your next big work presentation is the same week as the office party. You need to be on your game.,"Brighton were drawn against Manchester United in the Carabao Cup third round. Tough ask, but Brighton have made a habit of tough asks.","[""Tell him Brighton drew Man Utd in the cup. He'll have immediate thoughts on team selection."", ""Ask him if Brighton can cause an upset against Man Utd in the Carabao Cup."", ""He'll probably predict the result already. Just nod and ask if he's free to watch.""]",exciting,f,,f,"{brighton,man_utd}",332,"Brighton have been drawn against Manchester United in the third round of the Carabao Cup, making for one of the most talked-about ties of the draw. It is one of several all-Premier League matchups in the round, and it gives Brighton a chance to measure themselves against one of the division's bigger names early in the competition."
828feddb-a66d-471a-802f-095044f3418f,chelsea,t,news,routine,,published,t,2026-08-27 06:54:49.899957+00,2026-08-27 08:54:49.899957,2026-08-27 06:54:49+00,2026-08-27 06:54:51.545+00,2026-08-27 08:54:51.545,0.02741738333333333333,08,,,,Chelsea agree around £65m deal to sell Nicolas Jackson (striker) to Aston Villa,Clearing the path for the new one,Chelsea are selling striker Nicolas Jackson to Aston Villa for around £65m.,"goodbye jackson.
joao pedro steps up.",It's like deleting Hinge the same week your new Bumble match turns out to actually be amazing. Different energy.,Chelsea have sold striker Jackson to Aston Villa for around £65m. He was signed for big money and leaves for big money. Make of that what you will.,"[""Tell him Chelsea confirmed Jackson is heading to Villa. He'll tell you if that's smart squad management or panic selling."", ""Ask him who fills the striker spot for Chelsea now under Xabi Alonso."", ""He'll have thoughts on whether £65m was a fair price for Jackson. Drop the number and let him go.""]",,f,,f,"{chelsea,aston_villa}",340,"Chelsea have agreed a deal worth around £65m to sell striker Nicolas Jackson to Aston Villa. Jackson has been one of the more polarising figures at Stamford Bridge since his arrival, and the sale makes room in the squad under Xabi Alonso. Villa needed a striker after Ollie Watkins departed, and Jackson becomes the answer to that question."
e3962f86-290a-4a27-a6e9-772ab24113d6,crystal_palace,t,news,routine,,published,f,2026-08-27 06:55:04.523401+00,2026-08-27 08:55:04.523401,2026-08-27 06:55:04+00,,,,,,,,Liverpool exploring move for Crystal Palace winger Ismaila Sarr as Palace resist,Liverpool want their winger,Liverpool are exploring a deal for Crystal Palace winger Sarr. Palace want to keep him.,"liverpool eyeing sarr.
palace say no.","It's like your flatmate getting DMs from someone way richer and everyone collectively deciding 'don't reply, we need them here.'",Liverpool are interested in Crystal Palace winger Sarr. Palace's manager says he's not for sale. The window shuts soon.,"[""Tell him Liverpool have come in for Palace's Sarr. Their manager says the club wants to keep him."", ""Did you know Liverpool already had two bids for Brighton's Minteh knocked back this week? Sarr is the backup plan."", ""Ask him if Palace can realistically say no to Liverpool when big clubs come calling.""]",drama,f,,f,"{crystal_palace,liverpool}",329,"Liverpool have turned their attention to Crystal Palace winger Ismaila Sarr after having two bids for Brighton's Yankuba Minteh knocked back. Crystal Palace manager Pierre Sage has made clear the club wants to keep Sarr, but Liverpool's interest adds pressure with the window approaching its end. Palace are holding firm for now."
f74d9c92-e9c7-4f3c-98f5-2f1ac2cc20bc,everton,t,matchday,routine,,published,t,2026-08-27 06:55:18.015337+00,2026-08-27 08:55:18.015337,2026-08-27 06:55:17+00,2026-08-27 06:55:19.695+00,2026-08-27 08:55:19.695,0.02799438333333333333,08,,,,Thierno Barry (striker) hat-trick fires Everton to 4-0 cup win as David Moyes (manager) hails striker reborn,Stories incoming,Everton beat Preston 4-0 in the cup. Striker Barry scored a hat-trick.,"barry hat-trick.
everton 4-0 preston.
cup, round three.","It's like the friend who had a terrible 6 months who shows up to a group dinner absolutely glowing. Whatever happened, it's working.",Thierno Barry scored three and set up one as Everton beat Preston 4-0 in the Carabao Cup. That is the kind of performance that gets talked about.,"[""Tell him Barry scored a hat-trick in the cup win over Preston. He'll be very pleased."", ""Ask him if Barry is the striker Moyes has been waiting for."", ""He'll probably predict a good cup run for Everton after this. Ask him how far they can go.""]",exciting,f,,f,{everton},387,"Everton were superb at Deepdale, beating Preston 4-0 in the Carabao Cup with Thierno Barry scoring a hat-trick and Brennan Johnston also getting on the scoresheet. The Guardian described Barry as a 'striker reborn' and said he resembled exactly the forward manager David Moyes has been desperately waiting for. Plenty to be happy about for Everton heading into the Premier League season."
6319a8fb-6536-459e-9593-49118c913993,liverpool,t,news,routine,,published,t,2026-08-27 06:55:33.147257+00,2026-08-27 08:55:33.147257,2026-08-27 06:55:32+00,2026-08-27 06:55:36.155+00,2026-08-27 08:55:36.155,0.05012905000000000000,08,,,,Liverpool host Spurs at Anfield in Carabao Cup third round with Andy Robertson set for return,Tense one incoming,Liverpool draw Spurs at Anfield in the Carabao Cup third round. Robertson might be back.,"spurs come to anfield.
carabao cup r3.","It's like when the group chat drama comes to your house. You didn't go looking for it, but here it is, and you are ready.",Liverpool drew Spurs at home in the Carabao Cup third round. Robertson is close to a return. Anfield in cup mode is a different atmosphere.,"[""Tell him Liverpool drew Spurs in the cup and he'll start planning his evening around it immediately."", ""Did you know Robertson might be back in time for it? He's been injured."", ""Ask him: who does he think starts in midfield when Liverpool face Spurs?""]",exciting,t,Liverpool host Spurs at Anfield in Carabao Cup third round,f,"{liverpool,spurs}",341,"Liverpool have been drawn at home to Tottenham in the Carabao Cup third round, with Anfield set to host one of the more anticipated cup ties of the round. There is extra interest around Liverpool as Andy Robertson is reportedly on track to return from injury in time for the fixture. The last thing Spurs need right now is a trip to Anfield."
1eb75acb-9815-4288-bf5c-024a30104fab,man_city,t,news,routine,,published,t,2026-08-27 06:55:47.254159+00,2026-08-27 08:55:47.254159,2026-08-27 06:55:46+00,2026-08-27 06:55:49.159+00,2026-08-27 08:55:49.159,0.03174735000000000000,08,,,,Nico O'Reilly (Man City midfielder) named PFA Young Player of the Year,He's smiling at his phone,Man City's O'Reilly won PFA Young Player of the Year. He'll be buzzing.,"o'reilly.
pfa young player.
man city's future.","It's like the intern who quietly ran the whole company while the boss was away and then won Employee of the Year. Everyone already knew, but now it's official.","Nico O'Reilly has been named PFA Young Player of the Year after a breakout season at Manchester City. At 21, this is just the start.","[""Tell him O'Reilly just won PFA Young Player of the Year. He'll tell you everything about him."", ""Ask him if O'Reilly's future is at City long-term or if he gets poached by someone."", ""Mention the award and ask if Man City can keep hold of their best young talent. He'll have a theory.""]",exciting,f,,f,{man_city},341,"Manchester City midfielder Nico O'Reilly has been named PFA Young Player of the Year, capping a remarkable rise for the 21-year-old. O'Reilly described it as 'a huge award' and has already spoken about his next target. The recognition comes after a season in which he established himself as one of the division's most exciting young talents."
4edacf0b-e679-40ec-93d2-0811335ef73f,man_utd,t,news,routine,,published,t,2026-08-27 06:55:58.653594+00,2026-08-27 08:55:58.653594,2026-08-27 06:55:58+00,2026-08-27 06:56:00.643+00,2026-08-27 08:56:00.643,0.03315676666666666667,08,,,,Manchester United drawn against Brighton in Carabao Cup third round,Whiteboard material,Man United drew Brighton in the Carabao Cup third round. He'll be analysing already.,"man utd vs brighton.
carabao cup r3.","It's like finding out your new flatmate's old flatmates are at the same dinner party. Polite, but everyone knows the backstory.",Manchester United drew Brighton in the Carabao Cup third round. It's one of the all-Premier League ties. He'll have a view on this one.,"[""Tell him Man Utd drew Brighton in the cup. He'll have immediate thoughts on team selection."", ""Ask him who he thinks starts in midfield for United against Brighton."", ""He'll probably already know what the strongest Brighton lineup looks like. Let him go.""]",exciting,f,,f,"{man_utd,brighton}",320,"Manchester United have been drawn against Brighton in the third round of the Carabao Cup, one of several all-Premier League ties from the draw. It is a tricky matchup on paper, and United fans will have plenty to say about the team selection. Brighton have a reputation for causing bigger clubs problems in cup football."
32806291-ca5c-4cc1-bbb8-d8402e33c208,newcastle,t,matchday,routine,,published,t,2026-08-27 06:56:12.830381+00,2026-08-27 08:56:12.830381,2026-08-27 06:56:12+00,2026-08-27 06:56:14.749+00,2026-08-27 08:56:14.749,0.03197698333333333333,08,,,,Nico Gonzalez (midfielder) confirmed and Harvey Barnes scores twice as Newcastle beat West Brom 3-2,Perfect first night,"Gonzalez signed, Barnes scored twice, Newcastle beat West Brom 3-2 in the cup.","gonzalez confirmed.
crowd went wild.
barnes 3-2.",It's like the new person starting at the office with a welcome gift on their first day AND closing the biggest deal by 5pm.,Newcastle signed Gonzalez for £52m from Man City and Barnes scored twice in a 3-2 Carabao Cup win over West Brom. One of those evenings.,"[""Tell him Barnes scored twice and the new signing Gonzalez had a brilliant welcome. He'll take it from there."", ""Did you know Gonzalez cost £52m from Man City? He'll have an opinion on the price."", ""Ask him if Newcastle can actually challenge for the top half this season after these signings.""]",exciting,f,,f,"{newcastle,man_city}",350,"It was a night to remember at St. James' Park. Newcastle confirmed the signing of Nico Gonzalez from Manchester City for £52m, with the midfielder receiving a rapturous welcome from the crowd. Then Harvey Barnes scored twice as the Magpies came from behind to beat West Brom 3-2 in the Carabao Cup. The club described Gonzalez as 'the one we wanted.'"
45f2d954-c7a4-477d-a695-7771c552c429,spurs,t,matchday,routine,,published,t,2026-08-27 06:56:29.098353+00,2026-08-27 08:56:29.098353,2026-08-27 06:56:28+00,2026-08-27 06:56:31.289+00,2026-08-27 08:56:31.289,0.03651078333333333333,08,,,,Savio scores and assists on debut as Tottenham thrash Charlton 5-1 in Carabao Cup,Glowing,Savio scored on debut. Spurs beat Charlton 5-1 in the cup. De Zerbi wants more.,"savio dream debut.
de zerbi says: more.","It's like acing your first day at work and your manager saying 'good start, but this is only the beginning.' Annoying. Also correct.",Savio scored and assisted in his first game for Spurs as they beat Charlton 5-1. Manager De Zerbi says he wants more. The debut was just the introduction.,"[""Tell him Savio scored and assisted on debut. He'll narrate the whole match."", ""Ask him if De Zerbi's demand for 10 goals from Savio this season is realistic."", ""He's probably been watching Savio's highlights all week. This first goal will set off another session.""]",exciting,t,Savio debut goal and assist as Spurs beat Charlton 5-1 in the cup,f,{spurs},359,"Savio could not have asked for a better start. The new Tottenham signing scored and assisted on his debut as Spurs hammered Charlton 5-1 in the Carabao Cup, brushing off their weekend disappointment in style. Manager Roberto De Zerbi was thrilled, but wasted no time raising the bar, telling Savio he expects him to reach double figures for goals this season."
25e4c89c-7103-4b21-822b-2ca1e3191802,spurs,t,news,routine,,published,t,2026-08-27 06:56:45.88519+00,2026-08-27 08:56:45.88519,2026-08-27 06:56:45+00,2026-08-27 06:56:47.341+00,2026-08-27 08:56:47.341,0.02426350000000000000,08,,,,Tottenham agree loan deal for Omar Marmoush (forward) from Manchester City with £60m obligation to buy,He'll see the pattern,Spurs agreed a loan deal for Man City's Marmoush. Same window as Savio. Expect analysis.,"marmoush incoming.
man city's second.
spurs on a run.",It's like when your group chat starts buying from the same place because one person raved about it. The Man City clearance sale is on.,"Spurs have agreed a loan deal for Marmoush from Man City, their second signing from the same club in a single window. De Zerbi knows what he wants.","[""Tell him Spurs have now signed two Man City players in the same window. He'll have a theory about what that means."", ""Did you know Marmoush played with Savio at Man City? They're reuniting at Spurs."", ""Ask him if De Zerbi is building a Man City style at Spurs.""]",exciting,t,"Spurs agree loan deal for Man City's Marmoush, their second City signing this window",f,"{spurs,man_city}",379,"Tottenham have agreed a loan deal for Manchester City forward Omar Marmoush, with an obligation to make the move permanent next summer for around £60m. Marmoush joins his former Man City teammate Savio in north London, making it two arrivals from the same club in the same window. Roberto De Zerbi is building something specific, and he is raiding the same address book to do it."
fdd47421-857f-46b3-9b86-02b903a72650,west_ham,f,news,routine,,published,t,2026-08-27 06:57:05.258283+00,2026-08-27 08:57:05.258283,2026-08-27 06:57:04+00,2026-08-27 06:57:06.999+00,2026-08-27 08:57:06.999,0.02901195000000000000,08,,,,West Ham accept £40m bid from Brentford for El Hadji Malick Diouf (defender),Mild huff,West Ham accepted a £40m bid from Brentford for Senegal defender Diouf. Medical pending.,"diouf out.
brentford paid £40m.
west ham regroup.",It's like when your flatmate who everyone loves says they're moving out. You knew it was possible. Still stings.,West Ham have accepted a £40m bid from Brentford for Diouf. He has been a consistent presence in the backline. Medical is the next step.,"[""Tell him West Ham agreed to sell Diouf for £40m to Brentford. He'll tell you if they'll miss him."", ""Ask him if selling a defender mid-window is something West Ham can afford right now."", ""He's been following West Ham closely enough to have a strong take on this. Get him going.""]",bad_news,f,,f,"{west_ham,brentford}",337,"West Ham have accepted a £40m offer from Brentford for Senegal international defender El Hadji Malick Diouf. Diouf has been cleared to have his medical with the Bees, meaning his departure from east London looks all but certain. It is another key departure for West Ham in a window that has already seen significant changes to the squad."
b3b81bc8-3258-4448-bf40-374cf4487bcc,arsenal,t,news,routine,,published,t,2026-08-28 06:37:00.558333+00,2026-08-28 08:37:00.558333,2026-08-28 06:36:59+00,2026-08-28 06:37:04.624+00,2026-08-28 08:37:04.624,0.06776111666666666667,08,,,,Arsenal face Real Madrid in this season's Champions League. Arteta's (Arsenal manager) side lost to PSG on penalties in last year's final.,He'll plan a trip,Arsenal drew Real Madrid in the Champions League. He's got the calendar out already.,"arsenal vs madrid.
the big one.
league phase draw.",Getting over a heartbreak almost and then matching with the most intimidating name on Hinge the same week. Arsenal got their draw.,"The Champions League draw is in and Arsenal have been handed Real Madrid. After losing to PSG in last season's final, this is the next big test.","[""Tell him Arsenal drew Real Madrid in the Champions League and watch his face. He'll have a whole speech ready."", ""Did you know Arsenal reached last season's final and lost to PSG on penalties? Real Madrid is the next chapter of that story."", ""Ask him: does he think Arsenal can actually beat Real Madrid this time around?""]",exciting,t,"Champions League draw: Arsenal vs Real Madrid, Man City face Barcelona and PSG",t,"{arsenal,man_city,man_utd,aston_villa,liverpool}",366,"The Champions League draw is in. Arsenal get Real Madrid in the league phase, which is either a dream or a nightmare depending on your mood. Arteta's side got to last season's final before losing to PSG on penalties, so they know this stage. Real Madrid is the next test. Man City got Barcelona and PSG. Manchester United host Bayern Munich. Aston Villa welcome PSG."
adebe906-6223-462b-a350-eb3cc1d30186,arsenal,t,news,routine,,published,t,2026-08-28 06:37:19.004651+00,2026-08-28 08:37:19.004651,2026-08-28 06:37:18+00,2026-08-28 06:37:23.98+00,2026-08-28 08:37:23.98,0.08292248333333333333,08,,,,"Arsenal's new signings Guimaraes and Konsa are in line to make their debuts at Villa Park on Monday, with injury updates also on Saliba and Timber.",Debut Monday for two,Arsenal's Guimaraes and Konsa are both set to debut at Villa Park on Monday. Big week.,"guimaraes, konsa.
monday, villa.
deadline debuts.",Like when your online order marks 'out for delivery' the morning of the party you needed it for. Arsenal's new arrivals are ready.,Arsenal have two new signings in line to make their debuts against Villa on Monday. It is a big moment for the new arrivals and for Arteta's squad.,"[""Tell him two of Arsenal's new signings could debut on Monday. He'll immediately decide whether they should start."", ""He's been waiting to see the new arrivals. Tell him Guimaraes and Konsa are both in the mix for Villa Park."", ""Ask him: do you think the new signings go straight into the starting eleven, or does Arteta ease them in?""]",exciting,f,,f,"{arsenal,aston_villa}",368,"Arteta (Arsenal manager) has confirmed that new signings Guimaraes and Konsa are in line to make their Arsenal debuts when the Gunners travel to Villa Park on Monday. He also gave injury updates on Saliba and Timber ahead of the trip. Two new players stepping in at the same time, against one of Arsenal's rivals. [his name] will have an opinion on whether they start."
510651c7-79c7-4454-824b-cec4916f6c84,aston_villa,t,news,routine,,published,f,2026-08-28 06:38:39.745678+00,2026-08-28 08:38:39.745678,2026-08-28 06:38:38+00,,,,,,,,Aston Villa have sold goalkeeper Emiliano Martinez (World Championship winner) to Chelsea for £7.5m after six years at the club.,Martinez is off,"Villa sold keeper Martinez to Chelsea for £7.5m. Six years, done. He'll have thoughts.","martinez.
six years.
chelsea bound.",Your most dependable group chat admin going 'I'm out' after years of keeping everything organised. Chelsea got Villa's safety net.,Villa have sold goalkeeper Emiliano Martinez to Chelsea for £7.5m. He spent six years at the club and was one of their most reliable players.,"[""Tell him Villa sold Martinez to Chelsea. He'll either be gutted or have a whole analysis ready on why they had to sell."", ""He's been watching Villa's window. Tell him the goalkeeper is now Chelsea-bound after six years."", ""Ask him: was Martinez still Villa's best keeper, or was it the right time to cash in?""]",drama,f,,f,"{aston_villa,chelsea}",332,"Emiliano Martinez, Villa's goalkeeper and Argentina's World Championship winner, is heading to Chelsea. The fee is £7.5m and he has signed a two-year deal at Stamford Bridge. Six years at Villa Park comes to an end. He was one of those players Villa fans could always rely on, so [his name] might have a quiet moment about this one."
c41da03d-d2e6-42a8-a865-c759f74e3001,aston_villa,t,news,routine,,published,t,2026-08-28 06:39:10.675884+00,2026-08-28 08:39:10.675884,2026-08-28 06:39:09+00,2026-08-28 06:39:13.215+00,2026-08-28 08:39:13.215,0.04231860000000000000,08,,,,"Aston Villa have signed Leon Goretzka (Germany midfielder) on a free transfer from Bayern Munich. A big name, no fee.","Free, and a big name",Villa signed Germany midfielder Goretzka from Bayern on a free. He'll like this.,"goretzka.
free from bayern.
villa's new man.",Like getting the most expensive item on your Vinted wishlist for free because the seller is moving house. Villa got Goretzka for nothing.,Aston Villa have signed Goretzka from Bayern Munich on a free transfer. The Germany midfielder arrives with a big reputation and costs the club nothing.,"[""Tell him Villa signed Goretzka from Bayern Munich, on a free. Watch how quickly he googles the details."", ""He's been keeping an eye on Villa's signings. Tell him they just landed a Germany international at no cost."", ""Ask him: does Goretzka go straight into the starting lineup at Villa Park?""]",exciting,f,,f,{aston_villa},317,Aston Villa have completed the signing of Leon Goretzka from Bayern Munich on a free transfer. Goretzka is a Germany international midfielder who spent years at one of Europe's biggest clubs. Getting him for nothing is a proper coup for Villa. [his name] will want to know everything about how he fits into the squad.
087f32bf-0ea2-4081-b848-bab3666b60e2,chelsea,t,news,routine,,published,t,2026-08-28 06:41:52.791951+00,2026-08-28 08:41:52.791951,2026-08-28 06:41:51+00,2026-08-28 06:41:55.763+00,2026-08-28 08:41:55.763,0.04951748333333333333,08,,,,Chelsea have signed 18-year-old Atalanta defender Honest Ahanor for up to £40m. Another big spend in a busy transfer window.,Chelsea still buying,Chelsea signed 18-year-old defender Ahanor from Atalanta for £40m. Still spending.,"ahanor.
£40m, atalanta.
defence sorted.",Like when your flatmate who never spends suddenly maxes out her online shopping basket in one afternoon. Chelsea just bought more.,Chelsea have signed 18-year-old Atalanta defender Ahanor for up to £40m. It is another major addition to Xabi Alonso's squad this summer.,"[""Tell him Chelsea just signed an 18-year-old defender for £40m from Atalanta. He'll have thoughts on where the money should've gone."", ""He'll have clocked Chelsea's summer spending. This Ahanor signing from Atalanta is the latest name on the list."", ""Ask him: is an 18-year-old for £40m smart business, or Chelsea just spending for the sake of it?""]",exciting,f,,f,{chelsea},354,"Chelsea have agreed a deal worth up to £40m to sign Honest Ahanor, an 18-year-old defender from Atalanta. It is another significant outlay in a window that has already seen big names come and go at Stamford Bridge. Xabi Alonso (Chelsea manager) is clearly reshaping the squad in his image. [his name] will have opinions on whether this is the right move."
d998cca3-3880-49c6-b979-b7f7cdc87cd2,chelsea,t,news,routine,,published,t,2026-08-28 06:42:07.475576+00,2026-08-28 08:42:07.475576,2026-08-28 06:42:06+00,2026-08-28 06:42:09.385+00,2026-08-28 08:42:09.385,0.03182373333333333333,08,,,,Danny Welbeck scored on his Chelsea debut as the Blues beat League One Luton 2-0 in the Carabao Cup. Enzo Fernandez was notably absent from the squad.,New boy delivered,Welbeck scored on his Chelsea debut. 2-0 over Luton in the cup. Strong start.,"welbeck.
goal on debut.
2-0 luton.",Like when the new person at work is put forward for a client meeting and absolutely nails it on day two. Welbeck didn't hang about.,Danny Welbeck scored on his Chelsea debut as the Blues beat Luton 2-0 in the Carabao Cup. A confident start for the new signing.,"[""Tell him Welbeck scored on his Chelsea debut and they beat Luton 2-0. He'll be pleased about the cup run starting well."", ""He's been watching Chelsea's new signings settle in. Tell him Welbeck delivered straight away on his first appearance."", ""Ask him: does Enzo Fernandez end up at Man City before the window closes?""]",exciting,f,,f,{chelsea},369,"Danny Welbeck scored his first Chelsea goal on his debut as Xabi Alonso's side beat Luton Town 2-0 in the Carabao Cup second round. Welbeck made an immediate impression. There was one notable absence: Enzo Fernandez was left out of the squad, with interest from Man City swirling around the midfielder. [his name] will want to discuss whether Chelsea can hold onto him."
b507b45d-2254-4542-9ae3-e99bb296f50c,everton,t,news,routine,,published,t,2026-08-28 06:43:35.890691+00,2026-08-28 08:43:35.890691,2026-08-28 06:43:34+00,2026-08-28 06:43:38.628+00,2026-08-28 08:43:38.628,0.04562181666666666667,08,,,,David Moyes (Everton manager) says he was surprised the owners called missing out on Europe a 'failure'. A quiet disagreement is now public.,Manager vs the board,Everton's manager Moyes says he was surprised the owners called last season a 'failure'.,"moyes.
owners said: failure.
he disagrees.",Like finding out your performance review used a completely different rubric to what you thought you were being marked on. Moyes learned the owners had higher targets.,David Moyes has publicly said he was surprised Everton's owners regarded last season as a failure. It is a rare hint of tension between the manager and the boardroom.,"[""Tell him Moyes said he was surprised the owners called last season a 'failure'. He'll immediately have an opinion on who's right."", ""He's probably wondered about Moyes's position at Everton. This is the first public sign they're not fully aligned."", ""Ask him: do you think Moyes survives the season if results don't improve quickly?""]",drama,f,,f,{everton},387,David Moyes has spoken out about a difference of opinion between him and Everton's owners. Moyes said he was surprised that missing out on European football last season was viewed as 'failure' by those above him. It is a rare public hint that the manager and the boardroom aren't entirely on the same page. [his name] will want to talk about what it means for Moyes's future at the club.
59aec9ec-0567-4bc3-bbb5-8667ea155c47,everton,t,news,routine,,published,f,2026-08-28 06:43:59.02593+00,2026-08-28 08:43:59.02593,2026-08-28 06:43:58+00,,,,,,,,Jack Grealish is reportedly keen on a return to Everton if he leaves Man City before the transfer deadline. Sources told BBC Sport it is his preference.,He might come home,Grealish wants to return to Everton if he leaves Man City. Nothing confirmed yet.,"grealish.
wants everton back.
deadline watch.","Like getting a text from someone you dated two years ago saying they miss you. No action yet, but the message is in.","Jack Grealish reportedly wants to rejoin Everton if he leaves Man City before the transfer deadline. Sources say it is his preference, though no deal has been agreed.","[""Tell him Grealish apparently wants to go to Everton. He'll have a take on whether it makes footballing sense."", ""He might have mixed feelings if he's been writing Grealish off. Tell him the man himself seems keen."", ""Ask him: would Grealish be a good signing for Everton right now?""]",exciting,f,,f,"{everton,man_city}",252,"Jack Grealish would prefer to return to Everton if he leaves Manchester City in the remaining days of the transfer window, sources told BBC Sport. No deal has been agreed but his preference is clear. [his name] might already be thinking about this one."
29d1913f-b51c-4941-9d25-4c2e3c25a02f,fulham,t,news,routine,,published,t,2026-08-28 06:44:58.896474+00,2026-08-28 08:44:58.896474,2026-08-28 06:44:57+00,2026-08-28 06:45:05.782+00,2026-08-28 08:45:05.782,0.11475876666666666667,08,,,,Fulham beat Wimbledon 3-0 in the Carabao Cup. Muniz (Fulham striker) ended a year-long goal drought and Arbeloa (Fulham manager) got his first win.,"Goals back, boss happy","Fulham beat Wimbledon 3-0 in the cup. Manager Arbeloa's first win, Muniz ended a drought.","muniz.
goal at last.
3-0, wimbledon.",Like when the one friend who hasn't posted in six months shows up at Friday dinner and steals the whole night. Muniz is back.,Fulham beat Wimbledon 3-0 in the Carabao Cup. Striker Muniz ended a year-long goal drought and manager Arbeloa got his first competitive win.,"[""Tell him Fulham beat Wimbledon 3-0 and their new manager got his first win. He'll want to know if they looked good doing it."", ""He's been watching the Fulham rebuild. Tell him Muniz scored after a year without a goal. That'll spark a conversation."", ""Ask him: does Arbeloa have Fulham pointed in the right direction this season?""]",exciting,f,,f,{fulham},339,"Fulham cruised past Wimbledon 3-0 in the Carabao Cup, giving manager Alvaro Arbeloa his first competitive win in charge. Rodrigo Muniz, who had gone a year without a goal, was back on the scoresheet. It is the kind of result that gets a new manager's tenure off to a proper start. [his name] will be pleased with the cup run starting well."
db1e5d0c-6b65-44d9-8b82-f481d491336b,ipswich,t,news,routine,,published,t,2026-08-28 06:45:49.589339+00,2026-08-28 08:45:49.589339,2026-08-28 06:45:48+00,2026-08-28 06:45:51.995+00,2026-08-28 08:45:51.995,0.04009435000000000000,08,,,,Ipswich have signed Argentina international Exequiel Palacios from Bayer Leverkusen. A serious signing for a club settling back into the top flight.,"Big name, new club",Ipswich signed Argentina midfielder Palacios from Bayer Leverkusen. Bigger than expected.,"palacios.
leverkusen to ipswich.
argentina man.",Like when a small boutique on a side street lands a collaboration with a major designer everyone's been waiting for. Ipswich just signed a name above their previous level.,Ipswich have signed Exequiel Palacios from Bayer Leverkusen. The Argentina international midfielder is a significant arrival for the newly promoted side.,"[""Tell him Ipswich signed an Argentina international from Bayer Leverkusen. He'll have an opinion on whether they can hold a player like that."", ""He might underestimate what Ipswich are building. Tell him Palacios is now on their books and see if he revises his view."", ""Ask him: can Ipswich genuinely push for a top-half finish this season with signings like this?""]",exciting,f,,f,{ipswich},361,"Ipswich Town have signed Exequiel Palacios, an Argentina international midfielder, from Bayer Leverkusen. It is a major statement of intent for a club that was recently promoted back to the Premier League. Palacios arrives with serious club and international pedigree. [his name] will want to know whether this is a sign of genuine ambition or a one-off splash."
01dcbf60-22b5-4cf5-a7e4-7d9b6367521b,leicester,f,news,routine,,published,t,2026-08-28 06:46:44.209541+00,2026-08-28 08:46:44.209541,2026-08-28 06:46:43+00,2026-08-28 06:46:46.48+00,2026-08-28 08:46:46.48,0.03784098333333333333,08,,,,Leicester's manager Russell Martin is under pressure as the club tries to halt a poor run of results. His own reputation is said to be on the line.,Manager on thin ice,Leicester's manager Martin is under serious pressure as results go the wrong way.,"martin.
his reputation.
leicester's slide.",Like when the new person at work inherited the most chaotic project and everyone's quietly watching to see if they survive the quarter.,Russell Martin is under pressure as Leicester manager after a difficult run of results. His reputation is said to be on the line.,"[""Tell him Leicester's manager is under serious pressure. He'll immediately have a take on whether Martin should be given more time."", ""He's probably been watching Leicester's results. Tell him things are looking difficult for the manager right now."", ""Ask him: how long do struggling managers usually get before the board acts?""]",drama,f,,f,{leicester},357,"Things aren't going well for Russell Martin at Leicester. The manager is trying to stop his side's poor run of form, with results going against them and questions being asked about the direction of the club. Martin's own reputation is reportedly on the line. [his name] will have a view on how long a manager gets before the calls for a change get too loud."
896d9a6b-f517-4526-87bd-80a04d5b3da1,liverpool,t,news,routine,,published,t,2026-08-28 06:47:49.329773+00,2026-08-28 08:47:49.329773,2026-08-28 06:47:48+00,2026-08-28 06:47:52.038+00,2026-08-28 08:47:52.038,0.04513711666666666667,08,,,,Liverpool have agreed a £120m deal to sign France winger Bradley Barcola from PSG. He is set for a medical as one of the biggest deals of the summer completes.,Phone's going to ring,Liverpool signed winger Barcola from PSG for £120m. He'll be unreachable for hours.,"barcola.
£120m from psg.
liverpool's winger.",Like deciding to finally go all-in on the Dior bag instead of the dupe. Liverpool skipped the waiting list and went straight to the source.,Liverpool have agreed a £120m deal to sign PSG winger Bradley Barcola. He is heading to Anfield in one of the biggest transfers of the summer.,"[""Tell him Liverpool signed Barcola from PSG for £120m. He'll want to tell you everything about the player and why it's a great deal."", ""He's been watching Liverpool's transfer window. Tell him they finally landed the winger and it cost them £120m."", ""Ask him: does Barcola go straight into the starting eleven, or does Iraola ease him in?""]",exciting,t,Liverpool sign Barcola from PSG for £120m. One of the summer's biggest deals.,t,{liverpool},404,"Liverpool are signing Bradley Barcola from Paris St-Germain in a deal worth £100m plus £20m in add-ons, with a medical reportedly next. The France winger is one of the most exciting wide players in Europe and this is a landmark signing for the club. Manager Andoni Iraola (Liverpool's manager) has been chasing a winger and he's landed one. [his name] will have opinions on this for the rest of the week."
fdcf503d-6a8a-4818-8de0-d52fd2712015,man_city,t,news,routine,,published,t,2026-08-28 06:48:57.382126+00,2026-08-28 08:48:57.382126,2026-08-28 06:48:56+00,2026-08-28 06:48:59.605+00,2026-08-28 08:48:59.605,0.03704790000000000000,08,,,,Man City have signed Ayyoub Bouaddi (18-year-old Morocco midfielder) from Lille for around €95m. The club have been tracking him since he was 16.,City found him early,Man City signed 18-year-old Bouaddi from Lille for around €95m. Their next big thing.,"bouaddi.
18, from lille.
city's future.",Imagine a company headhunting a final-year student before they've even graduated because the word got out early. City moved fast on Bouaddi.,Man City have signed 18-year-old Bouaddi from Lille for around €95m. The Morocco midfielder has been on their radar since he was 16 and is expected to play a significant role.,"[""Tell him City signed an 18-year-old from Lille for €95m. He'll either call it great business or think they've overpaid."", ""He's been watching City's transfer activity. Tell him Bouaddi has been on their radar since he was 16."", ""Ask him: does an 18-year-old justify that kind of fee, or does City's track record on young signings earn it?""]",exciting,f,,f,{man_city},368,Manchester City have signed Ayyoub Bouaddi from Lille in a deal reported at around €95m. Bouaddi is an 18-year-old Morocco international who City have reportedly been tracking since he was 16. He is expected to be a major part of both the present and future at the Etihad. [his name] will want to know everything about the new signing and whether the fee is justified.
961b0fad-e95c-4e70-bf3d-4741080ab88b,man_city,t,news,routine,,published,t,2026-08-28 06:49:10.39099+00,2026-08-28 08:49:10.39099,2026-08-28 06:49:09+00,2026-08-28 06:49:11.895+00,2026-08-28 08:49:11.895,0.02506683333333333333,08,,,,Man City face both Barcelona and PSG in this season's Champions League league phase. Enzo Maresca (Man City manager) has some huge fixtures incoming.,Whiteboard material,Man City drew both Barcelona and PSG in the Champions League. He's got diagrams to draw.,"man city.
barca and psg.
toughest draw.",Imagine opening Hinge and finding the two most intimidating profiles side by side in your matches. That's City's UCL group.,Man City face both Barcelona and PSG in this season's Champions League. The draw handed them two of the biggest clubs in European football in the same phase.,"[""Tell him Man City got Barcelona and PSG in the same Champions League group. He'll immediately want to plan watching schedules."", ""He's been watching the UCL draw. Tell him City's fixtures are two of the biggest in European football and let him react."", ""Ask him: which match is the more dangerous one for City, Barcelona or the reigning champions PSG?""]",exciting,f,,f,{man_city},383,"The Champions League draw has handed Man City arguably the toughest assignments in the competition. Enzo Maresca (Man City manager) will face both Barcelona and PSG in the league phase. PSG are the current European champions. City won the UCL in 2023, so this is a rematch of sorts with the top clubs in Europe. [his name] will have an opinion on whether it's a dream or a nightmare."
bc645da0-dea3-4dbb-b21a-827e3df0c3b1,man_utd,t,news,routine,,published,t,2026-08-28 06:50:03.595142+00,2026-08-28 08:50:03.595142,2026-08-28 06:50:02+00,2026-08-28 06:50:05.52+00,2026-08-28 08:50:05.52,0.03208096666666666667,08,,,,Man Utd are back in the Champions League and drew Bayern Munich at Old Trafford plus Atletico Madrid in the league phase. Big fixtures for Carrick (manager).,He'll have a whiteboard,Man Utd drew Bayern Munich and Atletico Madrid in the Champions League. Expect analysis.,"united vs bayern.
home, big test.
carrick's europe.",Like being invited to present at the conference you've spent two years watching other people headline. United are back at the big table.,Man Utd are back in the Champions League and face Bayern Munich at home and Atletico Madrid. Two huge tests for Michael Carrick's side.,"[""Tell him United drew Bayern Munich at home in the Champions League. He'll immediately plan which games to watch."", ""He's been excited about United being back in the top European competition. Tell him Atletico Madrid is also in their group."", ""Ask him: is this the year Carrick's United finally look like a real European side again?""]",exciting,f,,f,{man_utd},329,Manchester United are back in the Champions League under Michael Carrick (Man Utd manager) and they've been handed a proper test. Bayern Munich will visit Old Trafford and Atletico Madrid are also in their section. Two of Europe's most established clubs in the same phase. [his name] will want to map out every fixture this week.
eba4acec-3670-4c21-91b5-015a22d94372,man_utd,t,news,routine,,published,f,2026-08-28 06:50:16.897371+00,2026-08-28 08:50:16.897371,2026-08-28 06:50:16+00,,,,,,,,Fiorentina are in talks with Manchester United over a loan move for striker Joshua Zirkzee. He could leave on loan after one season at Old Trafford.,Out after one season,Man Utd are in talks to loan striker Zirkzee to Fiorentina. Nothing confirmed yet.,"zirkzee.
fiorentina loan?
out already.","Like when someone new joins your friend group, doesn't quite click, and quietly drifts into a different circle by the third month.",Fiorentina are in talks with Manchester United over a potential loan move for striker Zirkzee. Nothing agreed yet but talks are ongoing.,"[""Tell him Fiorentina are in talks to loan Zirkzee from United. He'll want to discuss whether it's the right call."", ""He's had opinions on Zirkzee since United signed him. Tell him the player might leave on loan and see what he thinks."", ""Ask him: would loaning Zirkzee out be a smart move by Carrick, or a waste of the original investment?""]",drama,f,,f,{man_utd},320,Joshua Zirkzee could leave Manchester United on loan after just one season at the club. Fiorentina are in talks with United over an initial loan deal for the striker. Nothing is confirmed yet but the talks are under way. [his name] might have strong feelings about a big signing potentially heading out the door so soon.
c09335c9-5cf3-45a6-a1fd-f954b63fdff6,nottm_forest,t,news,routine,,published,t,2026-08-28 06:54:51.764473+00,2026-08-28 08:54:51.764473,2026-08-28 06:54:50+00,2026-08-28 06:54:54.528+00,2026-08-28 08:54:54.528,0.04605878333333333333,08,,,,Liam Delap seals £45m move to Nottingham Forest from Chelsea,"Delap done, he is a Forest man","Liam Delap has signed from Chelsea for £45m, Forest's new club-record striker.","liam delap
is a forest man","Think of it like finally clicking buy on something you've had sitting in your basket for ages, except this time Forest actually went through with checkout.","Liam Delap is officially a Nottingham Forest player, sealing his club-record £45m move from Chelsea. The 22-year-old was one of last season's standout strikers in the Premier League.","[""Delap scored 22 Premier League goals for Ipswich last season, does he reckon Forest can get even more out of him this year?"", ""His dad Rory Delap was famous for those record-breaking long throw-ins at Stoke, bet he's still hearing about it."", ""£45m is a club record for Forest, big vote of confidence from the board, right?""]",exciting,f,,f,"{nottm_forest,chelsea}",341,"It's official, Liam Delap is a Nottingham Forest player. The 22-year-old striker has sealed his club-record £45m move from Chelsea, following yesterday's agreement on the fee. Delap scored 22 Premier League goals for Ipswich last season, earning a summer move to Chelsea before Forest came calling with an offer that clearly sealed the deal."
cd428f76-82f1-4e6c-85d4-9b49fdbee77b,arsenal,t,news,routine,,published,f,2026-08-29 06:44:26.838376+00,2026-08-29 08:44:26.838376,2026-08-29 06:44:25+00,,,,,,,,"Arsenal winger Gabriel Martinelli is reportedly close to a €65m Al Hilal move, per sources in Brazil. Nothing confirmed, window closes Tuesday.","Martinelli, Al Hilal",Arsenal's Martinelli reportedly near Al Hilal move for €65m. Nothing confirmed yet.,"martinelli.
al hilal want him.
€65m.",Like the guy you've quietly been in love with for years announcing he's moving to Dubai for a massive pay package. Arsenal might be in that exact position right now.,"Reports say Al Hilal are close to signing Arsenal winger Martinelli for up to €65m. The transfer window shuts Tuesday, so this could move very fast.","[""Tell him you've seen the Martinelli rumour. He'll have a lot to say about whether Arsenal should let him go."", ""Ask him: would Arsenal take €65m and reinvest, or is Martinelli the kind of player you just keep?"", ""He's been tracking the transfer gossip. Drop 'Martinelli might be gone by Tuesday' and watch his face.""]",drama,f,,f,{arsenal},387,"Sources in Brazil are reporting that Al Hilal are closing in on a deal for Arsenal winger Gabriel Martinelli worth up to €65m. The transfer window closes on Tuesday, so if this moves, it'll move fast. Nothing is confirmed and this could still fall through. But if Martinelli goes, Arsenal lose one of their most direct and exciting forwards right before the season is properly under way."
55d43e63-eb44-4b08-9cc6-cbd6f9f71d47,aston_villa,t,news,routine,,published,t,2026-08-29 06:46:23.572597+00,2026-08-29 08:46:23.572597,2026-08-29 06:46:22+00,2026-08-29 06:46:26.723+00,2026-08-29 08:46:26.723,0.05250671666666666667,08,,,,"Unai Emery (Aston Villa manager) says he and Watkins shared 'a big hug and a small cry', after Watkins apologised for refusing to play before his Saudi exit.","A big hug, a small cry",Villa boss Emery says Watkins apologised for refusing to play. Both cried before he left.,"watkins said sorry.
big hug, small cry.
then saudi.","Like sending a 'sorry I've been distant' voice note to your housemate right before they move out. The apology lands, but so does the goodbye.",Villa manager Emery revealed that Watkins apologised for refusing to play in his final weeks. They shared a hug and both cried before his Saudi move. Watkins leaves as Villa's record Premier League scorer.,"[""Tell him Emery and Watkins had a big hug and a small cry before the exit. It was a proper goodbye."", ""Ask him: does the apology make it better, or does it sting more knowing Watkins refused to play?"", ""He's probably already made peace with the Watkins sale. This detail makes it feel more real.""]",drama,f,,f,{aston_villa},427,"Aston Villa manager Unai Emery has opened up on how Ollie Watkins' departure actually played out. Emery revealed Watkins apologised to him for refusing to play in his final weeks at the club, and that the two of them shared 'a big hug and a small cry' before he headed to Saudi Arabia. Watkins leaves as Villa's record Premier League scorer, and however you feel about the situation, it clearly meant something to both of them."
7e383216-462b-4568-b5a3-80f5e180f9cc,bournemouth,t,news,routine,,published,t,2026-08-29 06:46:49.463723+00,2026-08-29 08:46:49.463723,2026-08-29 06:46:48+00,2026-08-29 06:46:51.507+00,2026-08-29 08:46:51.507,0.03405461666666666667,08,,,,Bournemouth have drawn AC Milan in the Europa League. They'll host the Italian giants at the Vitality in their first ever European campaign.,First European date ever,Bournemouth drew AC Milan in their debut European campaign. He'll be pinching himself.,"bournemouth.
ac milan, at home.
first time in europe.",Like going to Soho House for the first time ever and finding out your table is next to Sabrina Carpenter. Bournemouth just drew AC Milan for their European debut.,Bournemouth have drawn AC Milan in the Europa League. They'll host the Italian giants at the Vitality in what is the club's first ever European campaign. Huge moment for the club.,"[""Tell him Bournemouth drew AC Milan for their first ever European campaign. They're hosting them at the Vitality."", ""Ask him: is AC Milan still a big deal, or is European football different from what it was ten years ago?"", ""He's probably already checked the Europa League schedule. This is the kind of game you clear the diary for.""]",exciting,t,Bournemouth draw AC Milan in the Europa League in their first ever European campaign.,f,{bournemouth},277,"Bournemouth are in Europe for the first time in their history, and they have drawn AC Milan in the Europa League league phase. They'll host the Italian giants at the Vitality. AC Milan, at home, for your first ever European game as a club. That's some welcome to the continent."
3a1c16fd-a503-4040-9e37-e6dbc5c4cdaf,brighton,t,news,routine,,published,t,2026-08-29 06:47:04.263372+00,2026-08-29 08:47:04.263372,2026-08-29 06:47:03+00,2026-08-29 06:47:06.613+00,2026-08-29 08:47:06.613,0.03916046666666666667,08,,,,Brighton beat Tromsø to reach the Europa League group phase. A comfortable night in Norway to secure their spot in Europe's second competition.,"Brighton, through to Europe",Brighton beat Tromsø to reach the Europa League league phase. He's been waiting for this.,"brighton.
through to europe.
norway sorted.",Like breezing the first round of interviews and getting straight through to the final panel. Brighton didn't break a sweat.,Brighton beat Tromsø to book their place in the Europa League league phase. A solid result away in Norway to confirm their spot in the group stage.,"[""Tell him Brighton are through to the Europa League proper. He's been tracking this."", ""Ask him: how far do you think Brighton can go in Europe this season?"", ""He'll probably have an opinion on the draw once it comes out. Good icebreaker if there's not much else to say tonight.""]",exciting,f,,f,{brighton},244,"Brighton are through to the Europa League league phase after beating Tromsø. It was a comfortable performance away in Norway, and now Brighton know who they'll be facing in the group stage of the competition. A good European night for the club."
aeb9c168-84dd-42f2-8847-ed5245e2664e,chelsea,t,news,routine,,published,t,2026-08-29 06:48:12.675785+00,2026-08-29 08:48:12.675785,2026-08-29 06:48:11+00,2026-08-29 06:48:14.948+00,2026-08-29 08:48:14.948,0.03787025000000000000,08,,,,"Chelsea have agreed a £7.5m deal to sign Emiliano Martinez (goalkeeper) from Aston Villa, per the Guardian. Fixes a gap they've had for weeks.",Goalkeeper sorted,"Chelsea signed keeper Emiliano Martinez from Villa for £7.5m. Big hole, now filled.","martinez incoming.
keeper gap sorted.
£7.5m from villa.","Like hiring the exact person you should have brought in three months ago, right before the big pitch. Chelsea finally sorted the obvious gap.",Chelsea have agreed a £7.5m deal to sign keeper Emiliano Martinez from Aston Villa. It fills a gap they've had for weeks ahead of what should be a demanding season.,"[""Tell him Chelsea signed Martinez from Villa for £7.5m. He'll have a take on whether that's a steal or a mistake."", ""Ask him: is Martinez still at his best, or has Villa been carrying him for a while?"", ""He'll probably have a lot of thoughts about this. It's a bigger Chelsea window than it looks from the outside.""]",exciting,f,,f,"{chelsea,aston_villa}",326,"Chelsea have agreed a deal to sign goalkeeper Emiliano Martinez from Aston Villa for £7.5m, according to the Guardian. Martinez has been one of the most decorated keepers in recent years, winning major honours at international level. Chelsea have been short of cover in goal, and this sorts that problem ahead of a big season."
c1c507d6-490b-4868-ae6c-96299b4b1552,crystal_palace,t,news,routine,,published,t,2026-08-29 06:48:39.366715+00,2026-08-29 08:48:39.366715,2026-08-29 06:48:38+00,2026-08-29 06:48:41.452+00,2026-08-29 08:48:41.452,0.03475475000000000000,08,,,,"Crystal Palace lost to Manchester City on Friday night, with Pierre Sage (Palace manager) saying the side 'lost hope' once City went further ahead.",Tough one at Selhurst,Palace lost to Man City at Selhurst. Sage said they lost hope going further behind.,"palace vs city.
sage: we lost hope.
not a great night.",Like getting the feedback form after an interview and seeing 'lost confidence after the second question'. Palace's manager basically said the same.,"Crystal Palace lost to Manchester City on Friday, with manager Pierre Sage admitting his side lost hope once City extended their lead. A difficult result at Selhurst.","[""Tell him Palace lost to Man City on Friday. Manager Sage said they lost hope once City extended their lead."", ""Watch how he reacts when the City result comes up. If he follows Palace, this one'll sting a bit."", ""Ask him: does he think Sage has the squad to turn this around, or is it a tough season ahead?""]",bad_news,f,,f,"{crystal_palace,man_city}",516,"Crystal Palace were beaten by Manchester City at Selhurst Park on Friday night. Palace manager Pierre Sage said the side 'lost hope' once Man City extended their lead. Rayan Cherki and Erling Haaland were both on the scoresheet for City. It's a difficult start for Palace and Sage admitted it was hard to watch the side fall apart in the second half. There's also uncertainty around a planned new signing, with Club Brugge defender Joel Ordonez's proposed move to Palace running into complications after his medical."
ada2cbfb-f247-488f-9b72-0ab742da1911,liverpool,t,news,routine,,published,t,2026-08-29 06:49:34.077471+00,2026-08-29 08:49:34.077471,2026-08-29 06:49:33+00,2026-08-29 06:49:37.095+00,2026-08-29 08:49:37.095,0.05029215000000000000,08,,,,Andoni Iraola (Liverpool manager) takes charge of his first home game at Anfield today. He's told his forwards to 'exhaust themselves' in the press.,"First home game, Anfield",Liverpool's first home game is today. Iraola told his forwards to exhaust themselves.,"liverpool, home.
iraola's first day.
it's anfield.",Like your new boss finally getting to run their first all-hands from the main stage after weeks on Teams. The energy's different when you're home.,"Liverpool manager Iraola takes charge of his first home game at Anfield today. He's told his forwards to exhaust themselves pressing, and the squad has a point to prove after last week's draw.","[""Tell him today is Iraola's first home game at Anfield. If he watches, he'll be watching closely."", ""Ask him: does he think Liverpool's pressing style will click at Anfield, or does it need time?"", ""He's been talking about Liverpool's season a lot. Ask if the Barcola signing made them title contenders.""]",exciting,f,,f,{liverpool},448,"Liverpool manager Andoni Iraola says he's been telling his forwards they don't need to give him '90 minutes' of pressing intensity, but to 'exhaust themselves' in the bursts that matter. It's his first home game in charge at Anfield today, and after a 2-2 draw at Newcastle last weekend, Iraola knows the crowd will be up for it. Anfield on a matchday is a different animal, and today's the first chance to see how his Liverpool plays on home turf."
ceea626a-7e50-46ce-9d4d-bbddbfd49e42,man_city,t,matchday,routine,,published,t,2026-08-29 06:53:09.684031+00,2026-08-29 08:53:09.684031,2026-08-29 06:53:08+00,2026-08-29 06:53:12.102+00,2026-08-29 08:53:12.102,0.04029948333333333333,08,,,,Man City beat Crystal Palace on Friday. Haaland and Rayan Cherki (City's French attacker) both scored twice. Two wins from two for manager Enzo Maresca.,He'll be smiling,Man City beat Palace on Friday. Haaland and Cherki both scored twice. Two from two.,"man city win.
haaland, cherki, both
two from two.","Two episodes into a new series, and the showrunners have already delivered two absolute bangers. Cherki and Haaland are the kind of co-leads that make you want to clear your schedule.","Man City won their second Premier League match in a row. Haaland and Cherki each scored twice, giving Enzo Maresca an encouraging start to the new season.","[""Haaland and Cherki both scored twice, does he think that partnership could be unstoppable this season?"", ""What was his take on Cherki's start to life at City?"", ""Two wins from two, does he feel like City are genuine title contenders already?""]",exciting,t,Haaland and Cherki both score twice as Man City beat Crystal Palace,t,"{man_city,crystal_palace}",421,"Enzo Maresca's men kicked off their season with a win over Crystal Palace, with Erling Haaland and Rayan Cherki each scoring twice. Two wins from two, City are up and running.

Cherki, City's French attacker, is already looking settled after his move, and Haaland being Haaland. The front two were a handful all game.

Maresca's side look sharp early. It's the kind of start that makes the rest of the league take notice."
633fa960-6438-4fc8-9ea2-b2ad57a419a8,newcastle,t,news,routine,,published,t,2026-08-29 06:54:06.799365+00,2026-08-29 08:54:06.799365,2026-08-29 06:54:06+00,2026-08-29 06:54:09.358+00,2026-08-29 08:54:09.358,0.04264391666666666667,08,,,,"Kieran Trippier says Newcastle midfielder Lewis Miley, 20, can 'go as far as he wants' ahead of the Spurs trip.",Trippier's all in on Miley,"Trippier called Miley a 'big presence', the 20-year-old can 'go as far as he wants.'","trippier's all in:
miley can go far.
spurs test coming.",Think of it like a senior cast member going on the record that the new lead has what it takes. Trippier backing Miley in public before a big game is exactly the kind of thing that stays with a young player.,"Kieran Trippier praised Newcastle midfielder Lewis Miley, 20, calling him a 'big presence' and backing him to go as far as he wants. Newcastle face Spurs next, with a Sandro Tonali reunion in store.","[""Has he been impressed with Miley this season? Trippier clearly rates him highly."", ""What does he make of the Tonali reunion, does he think that'll be a strange one for the lads?"", ""If Miley gets a run in the team this year, does he think he could become a proper fan favourite?""]",exciting,f,,f,"{newcastle,spurs}",442,"Kieran Trippier has been talking up team-mate Lewis Miley ahead of Newcastle's trip to Spurs. The 20-year-old midfielder is backed to ""go as far as he wants"" by Trippier, who called him a ""big presence"" in the squad.

It's a Sandro Tonali reunion at Tottenham Hotspur Stadium, Tonali is now at Spurs after his time at Newcastle.

Miley getting that kind of public backing from a senior player heading into a tough away fixture is a good sign."
d044cdb1-3d3a-4459-a484-10f4b78bb49e,southampton,f,news,routine,,published,t,2026-08-29 06:54:51.460884+00,2026-08-29 08:54:51.460884,2026-08-29 06:54:50+00,2026-08-29 06:54:53.55+00,2026-08-29 08:54:53.55,0.03481860000000000000,08,,,,Southampton have re-signed former captain James Ward-Prowse from West Ham United.,The captain's back,Southampton re-signed Ward-Prowse from West Ham. Their former captain is coming home.,"the captain's back.
ward-prowse home.
from west ham.","It's the reunion episode nobody expected but everyone needed, the former captain walking back through the door like he never left. Ward-Prowse returning to Southampton is exactly that.","Southampton have re-signed James Ward-Prowse, their former captain, from West Ham United. He returns as a familiar face who knows exactly what the club means to fans.","[""Does he remember when Ward-Prowse left, and does getting him back feel like unfinished business?"", ""What does he make of Ward-Prowse's time at West Ham, does he think Southampton will get the best out of him now?"", ""If Ward-Prowse hits the ground running, could he be key to their whole season?""]",exciting,f,,f,"{southampton,west_ham}",345,"Southampton have completed the signing of James Ward-Prowse from West Ham United, bringing their former captain back to St Mary's.

Ward-Prowse was a Saints academy product who went on to captain the club before leaving for West Ham. Getting him back is a real statement.

For Saints fans, this one hits different. He knows this club inside out."
9643cf92-7427-4b36-8b78-e8ea0ba95009,spurs,t,news,routine,,published,t,2026-08-29 06:56:03.883488+00,2026-08-29 08:56:03.883488,2026-08-29 06:56:03+00,2026-08-29 06:56:06.552+00,2026-08-29 08:56:06.552,0.04447520000000000000,08,,,,"De Zerbi wants one more Spurs signing before Tuesday's deadline, pushing for 'one specific position' after a window that's exceeded his expectations.",One more for De Zerbi?,Spurs signed Savio and Marmoush. De Zerbi wants one more before Tuesday's deadline.,"one more for spurs.
de zerbi not done.
deadline is tuesday.","It's the closing night of a limited run and the director just announced there might be one more show. De Zerbi's window is basically sold out already, and he still wants an encore.","Tottenham head coach Roberto De Zerbi is pushing for one more signing before Tuesday's transfer deadline. Spurs already landed Savio and Omar Marmoush, both from Man City, in a window the manager says exceeded his expectations.","[""Does he think Spurs have had a good window, Savio, Marmoush, and potentially one more?"", ""Which position does he reckon De Zerbi is targeting? He said it's very specific."", ""The window closes Tuesday, does he think they'll actually get the deal done in time?""]",exciting,t,De Zerbi eyes one more Spurs signing before Tuesday's deadline after Savio and Marmoush deals,f,"{spurs,man_city}",485,"Roberto De Zerbi confirmed he wants at least one more signing before Tuesday's transfer deadline. He had dinner with Spurs' owners and executives on Thursday to discuss a final push in a window that has already exceeded his expectations.

Spurs completed deals for Savio and Omar Marmoush, both from Man City, earlier in the week. De Zerbi is pushing for 'one specific position' to be filled.

Spurs have also been linked with Liverpool's Cody Gakpo, though nothing has been confirmed."
