id,team_id,entity_type,type,pipeline_source,consequence_type,push_eligible,created_sthlm,pushed_sthlm,push_latency_min,preview_fixture_id,match_id,everyone_talking,headline,push_title,push_text,immersive_context,talking_points
421f59b6-fca1-43ea-99d0-59a97e210362,congo_dr,country,news,edge_function,WC_RIVAL_RESULT,t,2026-06-28 03:29:04.821046,2026-06-28 04:15:06.226,46.0234159000000000,,1489419,f,Portugal could only draw 0-0 at Colombia.,Congo DR's group,Portugal could only draw 0-0 at Colombia in Congo DR's group.,,"[""Worth asking him how that shifts things for Congo DR.""]"
f5047e32-08f9-42ca-aaa4-ddc003554407,uzbekistan,country,news,edge_function,WC_RIVAL_RESULT,t,2026-06-28 03:29:04.951398,2026-06-28 04:15:06.485,46.0255600333333333,,1489419,f,Portugal could only draw 0-0 at Colombia.,Uzbekistan's group,Portugal could only draw 0-0 at Colombia in Uzbekistan's group.,,"[""Ask him what Uzbekistan need from their own game now.""]"
afacfb06-2ab0-48af-a661-633258033941,colombia,country,matchday,edge_function,,f,2026-06-28 03:29:05.14557,,,,1489419,t,Colombia drew 0-0 with Portugal,,,,"[""He gets to enjoy this one. Ask him who he wants to avoid in the draw.""]"
46faab77-08c9-4aef-a7d2-4f3a66bdad3a,portugal,country,matchday,edge_function,,f,2026-06-28 03:29:05.215449,,,,1489419,f,Portugal drew 0-0 with Colombia,,,,"[""Knockout football next. Worth asking him how far he thinks they can go.""]"
0954c4f1-c6dc-4662-9016-bb1afc2d3101,colombia,country,news,edge_function,WC_RIVAL_RESULT,t,2026-06-28 03:33:04.133051,2026-06-28 04:15:06.643,42.0418324833333333,,1539013,f,Congo DR beat Uzbekistan 3-1.,Colombia's group,Congo DR beat Uzbekistan 3-1 in Colombia's group.,,"[""Good moment to ask him where that leaves Colombia.""]"
3bd641f1-cdb2-4f60-abe1-572014fabe2c,portugal,country,news,edge_function,WC_RIVAL_RESULT,t,2026-06-28 03:33:04.238099,2026-06-28 04:15:06.733,42.0415816833333333,,1539013,f,Congo DR beat Uzbekistan 3-1.,Portugal's group,Congo DR beat Uzbekistan 3-1 in Portugal's group.,,"[""Ask him what Portugal need from their own game now.""]"
09c7933f-ded3-42ba-a475-9c1e739d67a4,congo_dr,country,matchday,edge_function,,f,2026-06-28 03:33:04.450565,,,,1539013,t,Congo DR beat Uzbekistan 3-1,,,,"[""Ask him what they need from their next game.""]"
4a4224b5-1596-4d02-bb5a-4f122b3a320f,uzbekistan,country,matchday,edge_function,,f,2026-06-28 03:33:04.523676,,,,1539013,f,Uzbekistan lost 1-3 to Congo DR,,,,"[""Keep it kind, their World Championship is over.""]"
72a0426b-540c-4353-801c-63ecac26bb1c,austria,country,news,edge_function,WC_RIVAL_RESULT,t,2026-06-28 05:58:05.105882,2026-06-28 06:15:03.811,16.9784186333333333,,1489421,f,Argentina beat Jordan 3-1.,Austria's group,Argentina beat Jordan 3-1 in Austria's group.,,"[""Ask him what that result does to Austria's group.""]"
f13190e3-915b-44f5-b980-ed6c2fb9b70a,algeria,country,news,edge_function,WC_RIVAL_RESULT,t,2026-06-28 05:58:05.225098,2026-06-28 06:15:04.138,16.9818817000000000,,1489421,f,Argentina beat Jordan 3-1.,Algeria's group,Argentina beat Jordan 3-1 in Algeria's group.,,"[""Ask him what Algeria need from their own game now.""]"
5dc2b875-d5ab-44fc-a9f1-6e919ebc64c9,jordan,country,matchday,edge_function,,f,2026-06-28 05:58:05.410718,,,,1489421,t,Jordan lost 1-3 to Argentina,,,,"[""Keep it kind, their World Championship is over.""]"
0000c51e-ee50-47a9-a5b2-8c03cd979fbf,argentina,country,matchday,edge_function,,f,2026-06-28 05:58:05.498895,,,,1489421,f,Argentina beat Jordan 3-1,,,,"[""He gets to enjoy this one. Ask him who he wants to avoid in the draw.""]"
89b7f7f7-ce33-4b6e-8e7f-968f788f1f09,argentina,country,news,edge_function,WC_RIVAL_RESULT,t,2026-06-28 06:00:15.579869,2026-06-28 06:15:04.318,14.8123021833333333,,1489418,f,Austria could only draw 3-3 at Algeria.,Argentina's group,Austria could only draw 3-3 at Algeria in Argentina's group.,,"[""Ask him what that result does to Argentina's group.""]"
bb3a0598-d27c-4b9c-b367-9bb29e979606,jordan,country,news,edge_function,WC_RIVAL_RESULT,t,2026-06-28 06:00:15.842844,2026-06-28 06:15:04.416,14.8095526000000000,,1489418,f,Austria could only draw 3-3 at Algeria.,Jordan's group,Austria could only draw 3-3 at Algeria in Jordan's group.,,"[""Ask him what Jordan need from their own game now.""]"
29fd394f-6add-4423-afa2-57ea5764a712,algeria,country,matchday,edge_function,,f,2026-06-28 06:00:16.206048,,,,1489418,t,Algeria drew 3-3 with Austria,,,,"[""Ask him what they need from their next game.""]"
aa192f54-cc26-4ed0-b25d-1d6faa636a13,austria,country,matchday,edge_function,,f,2026-06-28 06:00:16.302467,,,,1489418,f,Austria drew 3-3 with Algeria,,,,"[""Ask him what they need from their next game.""]"
591717f9-5c3b-4dad-8c6d-fea6dccd19ed,algeria,country,news,routine,,f,2026-06-28 08:43:58.288703,,,,,t,Algeria are through to the World Cup last 32. It took injury-time goals and a 3-3 draw with Austria.,Giddy for a week,Algeria scraped through on a 3-3 draw with Austria. Both scored in injury time.,"It's like your Hinge match texting back right after you'd deleted the app. Perfect timing, maximum chaos.","[""Tell him Algeria made it to the last 32 on a 3-3 draw with Austria. He'll explain exactly what Iran needed to go through instead."", ""Ask him: is getting through on a last-minute goal more exciting or more stressful as a fan?"", ""He's probably been tracking Group J all week. Two injury-time goals in the final minutes is the kind of thing that makes him love this tournament.""]"
febb2acb-2e11-405e-b02b-f0268a606bae,argentina,country,news,routine,,f,2026-06-28 08:44:44.908092,,,,,t,Messi scored his sixth goal of the tournament to become the first player to score in seven consecutive World Cups. Argentina beat Jordan 3-1.,T-shirt material,Messi scored again. He's now the first to score in seven World Cup tournaments.,It's like that one colleague who somehow got promoted at every single job they've ever had. Messi is just built different.,"[""Tell him Messi scored again and broke another record. He'll immediately explain exactly what seven consecutive World Cups means."", ""Ask him: is this the greatest World Cup career by any player ever? He'll have a strongly held opinion."", ""He's probably been following every Messi update all tournament. If he hasn't seen the goal yet, tell him you watched it.""]"
a28a2c33-692e-45e1-9d03-983f5afbf2b4,colombia,country,news,routine,,f,2026-06-28 08:45:19.313948,,,,,t,Colombia finished top of their World Cup group after a 0-0 draw with Portugal. A Davinson Sanchez goal was ruled out by VAR for being offside by a toe.,He'll have opinions,Colombia top their group after 0-0 with Portugal. A goal ruled out by a toe.,It's like getting marked down on your performance review for being 0.1% under target. Technically right. Completely maddening.,"[""Tell him Colombia topped their group and a goal got ruled out by VAR for being offside by a toe. He'll have feelings about that."", ""Ask him: should a goal really be ruled out when someone is offside by a toe?"", ""He'll probably already know about the VAR call. Ask him if Rooney's right to be angry about it.""]"
6e426bb6-c5bd-448a-8f55-9f54ca3f447e,croatia,country,news,routine,,f,2026-06-28 08:46:09.187902,,,,,f,Croatia are through to the World Cup last 32. Nikola Vlasic (Croatia midfielder) scored a late header to beat Ghana 2-1. They face Portugal next.,He'll come round,Croatia scraped through on a late Vlasic header. 2-1 against Ghana. Portugal next.,It's like getting your university offer confirmed on results day after checking your emails every five minutes for a week.,"[""Tell him Croatia got through on a late header by Vlasic and now face Portugal. He'll immediately start working out what that game looks like."", ""Ask him: does Croatia have enough quality to beat Portugal in the last 32?"", ""He's probably been watching this group carefully. Both Croatia and Ghana made it through, which is the kind of thing he'll find interesting.""]"
958111ba-d479-4201-bbf8-9a807548eb02,egypt,country,news,routine,,t,2026-06-28 08:46:26.367112,2026-06-28 08:46:30.638,0.07118146666666666667,,,t,Mohamed Salah (Egypt captain and Liverpool forward) is a doubt for Friday's World Cup last-32 tie against Australia after suffering a hamstring injury.,Six weeks of moping,Salah is a doubt for Egypt's last-32 tie vs Australia with a hamstring injury.,"It's like your best mate pulling out of your shared holiday the night before you fly. Technically you can still go, but it's not the same.","[""Tell him Salah has a hamstring problem and might miss the last-32 game against Australia on Friday. He'll want to know more."", ""Ask him: how much does Egypt's World Cup run depend on Salah being fit?"", ""He'll probably be waiting to hear if Salah trains. Ask him what Egypt's chances are without him.""]"
a02899b5-97b9-4259-90b1-5e011f8a13e0,england,country,news,routine,,f,2026-06-28 08:47:06.356713,,,,,t,Harry Kane (England captain) is now England's all-time World Cup scorer with 12 goals. He scored in the 2-0 win over Panama. England top the group.,Stories incoming,Kane's now England's all-time World Cup scorer with 12 goals. England top the group.,It's like the colleague who quietly became the most productive person in company history without anyone throwing them a party. Kane just did that.,"[""Tell him Kane is now England's all-time World Cup scorer with 12 goals. He'll either love it or immediately start critiquing the performance."", ""Ask him: does England's route through the knockout rounds look manageable, or is he already nervous?"", ""He'll have thoughts on whether Tuchel's side looked convincing against Panama. Ask him what he'd change.""]"
8a5a936f-8821-44b8-ac6f-5b7797cc6b0d,ghana,country,news,routine,,f,2026-06-28 08:47:35.98639,,,,,f,Ghana are through to the World Cup last 32. They lost their final group game 2-1 to Croatia but had already qualified before kick-off. They face Colombia next.,Giddy for a week,Ghana are through despite losing their last group game. Colombia on Friday.,"It's like getting your uni offer before results day, so when you slip up on your last A-level, you're still going. The result is already in.","[""Tell him Ghana lost their last group game but had already qualified, so it doesn't matter. They face Colombia next."", ""Ask him: does Ghana have a chance against Colombia, or are they realistic underdogs?"", ""He'll find the maths of how Ghana qualified interesting. They were already through before kick-off against Croatia.""]"
7020888f-abab-4bd9-88a4-f1a8411886ca,scotland,country,news,routine,,t,2026-06-28 08:48:49.419642,2026-06-28 08:48:51.952,0.04220596666666666667,,,t,Steve Clarke has resigned as Scotland manager following Scotland's group-stage exit from the World Cup.,He called it.,Steve Clarke stepped down as Scotland boss after their World Cup exit. The end of an era.,"It's like the project manager who delivered the hardest brief on record, but the client still wasn't happy with the final deck. You got there. Nobody's celebrating.","[""Tell him Clarke resigned after the World Cup exit. He'll immediately start debating who should take over."", ""Ask him: did Scotland do enough under Clarke to count his tenure as a success, given he got them to the tournament at all?"", ""He'll probably be more opinionated about the future than the farewell. Ask him who he'd give the Scotland job to.""]"
1caf9d8c-b82a-4e84-92b4-2dda4bffdf2a,spain,country,news,routine,,t,2026-06-28 08:49:44.110052,2026-06-28 08:49:46.985,0.04791580000000000000,,,t,Nico Williams (Spain winger) called a tackle by Uruguay's de la Cruz 'completely unnecessary.' He was injured in the challenge during Spain's 1-0 win.,He'll have a take,Williams called the tackle that hurt him 'completely unnecessary.' Spain are not happy.,It's like sending a voice note to the group chat after a night out calling out the friend who spilled your drink and disappeared. He's said it now.,"[""Tell him Williams called the tackle that hurt him 'completely unnecessary.' He'll want to know if Williams is fit for the next game."", ""Ask him: should players call this stuff out publicly, or keep it quiet?"", ""He'll probably have seen the clip. Ask him if the tackle was as bad as Williams is saying.""]"
2308dc8a-8345-4653-8989-5210a8d0d792,canada,country,news,routine,,t,2026-06-28 08:50:22.213581,2026-06-28 08:50:24.384,0.03617365000000000000,,,f,Alphonso Davies (Canada's Bayern Munich star) is back for Canada's knockout match against South Africa tonight.,Cancel weekend plans,Davies is back for Canada vs South Africa tonight. Canada's biggest moment.,It's like your lead singer recovering just in time for the headline show after everyone thought the tour was done. Canada really needed this.,"[""Tell him Alphonso Davies is back for Canada tonight. He'll want to watch."", ""Ask him: do Canada have a chance to go far in this tournament, or is tonight as good as it gets?"", ""He'll probably know Davies from Bayern Munich. Ask him if Davies makes Canada a different side against South Africa.""]"
906fd218-1adb-48b5-867c-acdd057f672b,portugal,country,news,routine,,f,2026-06-28 08:50:49.132806,,,,,f,Portugal are through to the World Cup last 32 after a gripping 0-0 draw with Colombia. They finished second in the group and face Croatia next on Wednesday.,He'll come round,Portugal scraped through on a 0-0 draw with Colombia. Croatia next on Wednesday.,"It's like scraping a first-class degree after a close exam. You made it, but you're replaying the paper on the train home.","[""Tell him Portugal drew 0-0 with Colombia and are through as runners-up. Croatia on Wednesday."", ""Ask him: can Portugal go far in this tournament, or is second place in the group a warning sign?"", ""He'll probably have thoughts on how Portugal performed. Ask him if he's confident or nervous about the Croatia match.""]"
5358381c-358f-413c-b5e1-afc1f71b4e0b,japan,country,news,routine,,t,2026-06-28 08:51:20.415821,2026-06-28 08:51:22.733,0.03861965000000000000,,,t,"Japan face Brazil in the World Cup last 32 tomorrow. The Guardian say it's one of the most eye-catching ties of the round, and that Brazil could be gone.",Whiteboard material,Japan vs Brazil tomorrow in the last 32. The Guardian say this could be an upset.,"It's like the TikTok creator with 50k followers getting booked on the same festival stage as a legacy act. On paper it's wild. In practice, anything can happen.","[""Tell him Japan face Brazil tomorrow and the Guardian think Japan could beat them. Watch his face."", ""Ask him: does he think Japan can actually beat Brazil, or is it wishful thinking?"", ""He'll already have this game in the calendar. Tell him you're interested in watching it too.""]"
2f280c86-ed1f-4181-a7df-473ad564ebe5,morocco,country,news,routine,,t,2026-06-28 08:51:35.465244,2026-06-28 08:51:38.172,0.04511260000000000000,,,f,Morocco face the Netherlands in the World Cup last 32 on Monday. The Guardian say Morocco could upset the old order and the Netherlands could be gone.,Whiteboard material,Morocco vs Netherlands in the last 32 on Monday. The Guardian say the Dutch could be gone.,It's like the Depop seller who keeps selling out to the luxury brands and keeps delivering. Everyone expects Morocco to fold. They keep not folding.,"[""Tell him Morocco face the Netherlands on Monday and the Guardian think Morocco could win. He'll have strong feelings."", ""Ask him: does Morocco have a realistic chance against the Netherlands, or is the 2022 semi-final run a one-off?"", ""He'll probably know Morocco's record in big tournaments. Ask him who he's backing.""]"
afd71202-0673-4582-b475-5742771b41f1,congo_dr,country,news,routine,,f,2026-06-28 08:54:55.979074,,,,,t,"DR Congo are in the World Cup last 32 for the first time ever. They beat Uzbekistan 3-1, with Yoane Wissa scoring twice. England await.",Phone-his-dad moment,DR Congo reached the World Cup last 32 for the first time. They face England on Wednesday.,It's like the intern who's been overlooked for three years suddenly landing the biggest client in company history. Nobody saw it coming.,"[""Tell him DR Congo just made history and they're the team England face in the last 32. Watch his reaction."", ""Ask him: will England be taking this seriously enough, given how they struggled against Panama?"", ""Tell him Yoane Wissa scored twice in the comeback win. He'll know the name and have a view on what England are up against.""]"
71ecadde-50ee-40ec-9cf6-d434536e03ea,algeria,country,sunday_brief,routine,,t,2026-06-28 11:27:40.686439,2026-06-28 11:27:44.028,0.05569268333333333333,,,f,Algeria through to the round of 32 after a 3-3 draw with Austria on the final day.,Algeria through as wild card,"Drew 3-3 with Austria on the final day. Fourth in group points, into the last 32.","Algeria drew 3-3 with Austria. Four points, third place, through as wild card. Face Switzerland on July 3.","[""Tell him the draw with Austria got them through as a wild card. See if he thought it was enough."", ""Worth knowing: four points and third place in the group was just enough to make it out."", ""Switzerland on Friday. A good game to have a plan around for next week.""]"
486ff74b-0027-4260-b27f-c59ba1e3557d,argentina,country,sunday_brief,routine,,t,2026-06-28 11:27:45.056357,2026-06-28 11:27:47.265,0.03681071666666666667,,,f,Argentina won all three group games and face Cape Verde in the round of 32 on Friday.,Argentina win their group,"Perfect group stage. Nine points, three wins. Cape Verde in the round of 32 on Friday.",Argentina top Group J with nine points (W3). Round of 32 vs Cape Verde Islands on July 3.,"[""Tell him Argentina won the group with nine points. Three wins, no dropped points."", ""Cape Verde on Friday is the next one. Ask him if he is pencilling in the quarter-finals already."", ""Worth knowing: Cape Verde drew all three group games to get through. A surprise package.""]"
d4c74144-44a9-4ce8-8d0c-c90e32699edc,australia,country,sunday_brief,routine,,t,2026-06-28 11:27:48.168933,2026-06-28 11:27:50.827,0.04430111666666666667,,,f,Australia through to the round of 32 in second place. They face Egypt on Thursday.,Australia into the last 32,"Second in their group, four points. Egypt in the round of 32 on Thursday 3 July.",Australia finish 2nd in Group D with 4 points. Round of 32 vs Egypt on July 3.,"[""Ask him how he rates Australia's chances against Egypt on Thursday."", ""Worth knowing: second in their group on four points. They did enough without being spectacular."", ""Egypt also drew two of their three games to get through. Expect a tight match.""]"
32f55241-3e8b-4727-a6b6-773fbcf9cfac,austria,country,sunday_brief,routine,,t,2026-06-28 11:27:51.877852,2026-06-28 11:27:53.835,0.03261913333333333333,,,f,Austria scraped through the group on the final day and face Spain in the round of 32.,"Austria through, face Spain",Drew 3-3 with Algeria on the last day. Through as group runners-up. Spain on Thursday.,"Austria 2nd in Group J, 4 points. Round of 32 vs Spain on July 2. Tough draw.","[""Keep expectations measured for Thursday. Austria just scraped through and face Spain next."", ""Worth knowing: the 3-3 with Algeria on the last day was the one that got them out. Fine margins."", ""Ask him if Spain are the tournament favourites in his eyes, or if there is still room for an upset.""]"
0038cc3e-11f7-4ec3-bb19-1a6a26109afc,belgium,country,sunday_brief,routine,,t,2026-06-28 11:27:54.580794,2026-06-28 11:27:56.728,0.03578676666666666667,,,f,Belgium through the group unbeaten. They hammered New Zealand 5-1 and face Senegal on Wednesday.,Belgium top the group,Won 5-1 vs New Zealand. Unbeaten group stage. Senegal in the round of 32 on Wednesday.,"Belgium top Group G unbeaten, 5 points. Round of 32 vs Senegal on July 1.","[""Tell him Belgium won the group unbeaten and smashed New Zealand 5-1 to close it out."", ""Senegal on Wednesday is the round of 32. Worth knowing they are the 8th best third-placed team."", ""Ask him who he thinks Belgium's toughest opponent would be if they make the quarter-finals.""]"
70531e02-ce39-48a2-b326-c5f27d45380a,bosnia_herzegovina,country,sunday_brief,routine,,t,2026-06-28 11:27:57.411389,2026-06-28 11:27:59.257,0.03076018333333333333,,,f,Bosnia and Herzegovina are through to the round of 32. They face the USA on Thursday.,Bosnia face USA on Thursday,Through to the round of 32. Beat Qatar 3-1. Face the tournament hosts on Thursday.,Bosnia and Herzegovina through to the round of 32. Face USA on July 2.,"[""Tell him Bosnia are in the round of 32 and face the USA on Thursday. An interesting draw."", ""Worth knowing: playing the hosts on their turf is one of the toughest possible draws at this stage."", ""Ask him whether he thinks the crowd factor will decide it, or if Bosnia can handle the noise.""]"
48d7088a-243d-49de-81e4-50c9c610b968,brazil,country,sunday_brief,routine,,t,2026-06-28 11:27:59.940119,2026-06-28 11:28:02.646,0.04509801666666666667,,,f,Brazil won their group and play Japan in the round of 32 tomorrow evening.,Brazil play Japan tomorrow,Group winners with seven points. Round of 32 vs Japan on Monday. He will be glued.,Brazil top Group C with 7 points. Round of 32 vs Japan on June 29.,"[""Pre-pour his drink. Brazil vs Japan is tomorrow. He will want to watch."", ""Worth knowing: Japan drew two of their three group games, including 1-1 with Sweden. They can frustrate."", ""Ask him whether he is worried about Japan or treating it as a formality.""]"
a90be077-4a5f-446f-81ff-dda0b93cb937,canada,country,sunday_brief,routine,,t,2026-06-28 11:28:03.361022,2026-06-28 11:28:05.017,0.02759963333333333333,,,f,Canada are in the round of 32 and play South Africa today.,Canada play South Africa today,Through to the round of 32. South Africa today. He might already be watching.,"Canada in the round of 32. Playing South Africa today, June 28. Group B runners-up.","[""Check in on him today. Canada vs South Africa is on right now, or will be soon."", ""Worth knowing: Canada are playing at home in North America, so the crowd will be warm."", ""Ask him who he thinks goes through. South Africa have been solid too.""]"
d860a9a5-e208-4375-9348-e57175286e26,cape_verde,country,sunday_brief,routine,,t,2026-06-28 11:28:05.741916,2026-06-28 11:28:07.61,0.03113473333333333333,,,f,Cape Verde drew all three group games without losing and are through to face Argentina.,Cape Verde face Argentina,Drew all three group games. Unbeaten into the round of 32. Argentina on Friday.,Cape Verde drew all three group games. Through to round of 32 vs Argentina on July 3.,"[""Tell him Cape Verde drew every group game and never lost. A genuinely likeable underdog story."", ""Worth knowing: they face Argentina on Friday. The tournament favourites vs the group's surprise package."", ""Ask him if Cape Verde can give Argentina a game, or if the quality gap is just too wide.""]"
76454cac-7ca0-4889-a4f9-8f7edd017cea,colombia,country,sunday_brief,routine,,t,2026-06-28 11:28:08.349574,2026-06-28 11:28:10.284,0.03224043333333333333,,,f,Colombia won Group K and face Ghana in the round of 32 next Saturday.,Colombia win Group K,"Seven points, group winners. Ghana in the round of 32 on Saturday 4 July.",Colombia top Group K with 7 points (W2 D1). Round of 32 vs Ghana on July 4.,"[""Tell him Colombia won the group and play Ghana on Saturday in the knockouts."", ""Worth knowing: seven points as group winners. They kept a draw with Portugal to finish unbeaten."", ""Ask him how deep he thinks Colombia can go. Quarter-finals? Further?""]"
60e1fa25-8c0e-46d8-8ef8-6f0c08a20ab2,congo_dr,country,sunday_brief,routine,,t,2026-06-28 11:28:11.1301,2026-06-28 11:28:12.991,0.03101500000000000000,,,f,Congo DR are through to the round of 32 and face England on Tuesday.,Congo DR face England Tuesday,Through to the last 32. Beat Uzbekistan 3-1. Face England on Tuesday 1 July.,Congo DR through to the round of 32. Face England on July 1.,"[""England fans should know: the round of 32 is Tuesday and Congo DR are the opponents."", ""Worth knowing: Congo DR won their last group game 3-1 against Uzbekistan. Not a pushover."", ""Ask him how confident he is in England getting through. The knockout nerves start now.""]"
2a46230c-5df2-49d8-b62b-72e5f206db1f,croatia,country,sunday_brief,routine,,t,2026-06-28 11:28:13.654453,2026-06-28 11:28:15.852,0.03662578333333333333,,,f,Croatia through to the round of 32 after beating Ghana. They face Portugal on Thursday.,Croatia face Portugal Thursday,Beat Ghana 2-1 to finish second in the group. Portugal in the round of 32 on Thursday.,Croatia 2nd in Group L with 6 points. Round of 32 vs Portugal on July 2.,"[""Tell him Croatia beat Ghana on Saturday to finish second. Portugal on Thursday is the next one."", ""Worth knowing: six points, two wins out of three. Croatia head into the knockouts in decent shape."", ""Ask him whether he sees Portugal or Croatia going through on Thursday.""]"
e57049f5-be96-4569-898d-e2ae3f554cdb,curacao,country,sunday_brief,routine,,t,2026-06-28 11:28:16.952901,2026-06-28 11:28:19.188,0.03725165000000000000,,,f,Curacao finish bottom of their group and are out after the group stage.,Curacao out at the group stage,One point from three games. Lost 0-2 to Ivory Coast on Thursday. Tournament over.,Curacao finish 4th in their group with 1 point. Eliminated after the group stage.,"[""Keep it brief. One point from the group stage. The tournament is over for Curacao."", ""Worth knowing: getting to the World Cup was the achievement. Competing against Ivory Coast is a step up."", ""Ask him if he thinks nations like Curacao should be at a 48-team World Cup. It is a fair debate.""]"
0d75f423-6dfd-4735-abfa-4f89b2320c5a,czech_republic,country,sunday_brief,routine,,t,2026-06-28 11:28:19.843493,2026-06-28 11:28:21.896,0.03420845000000000000,,,f,Czech Republic go out of the World Cup after a 0-3 defeat to Mexico on the final day.,Czech Republic go out,Lost 0-3 to Mexico on Thursday. Eliminated from the group stage. Tournament over.,Czech Republic eliminated. Lost 0-3 to group winners Mexico on June 25.,"[""Keep it sympathetic. A 0-3 loss to a group-winning Mexico side is a hard way to go out."", ""Worth knowing: Mexico won the group with nine points. Czech Republic were not the only ones behind them."", ""Ask him how he thinks Czech Republic should set up for the next qualifying cycle.""]"
42d6121b-3198-443f-a309-eb2642cd4dc0,ecuador,country,sunday_brief,routine,,t,2026-06-28 11:28:22.546725,2026-06-28 11:28:24.762,0.03692125000000000000,,,f,Ecuador beat Germany to go through as a wild card and face Mexico in the round of 32.,"Ecuador beat Germany, through",Beat Germany 2-1 in the group stage. Wild card into the last 32. Mexico on Wednesday.,Ecuador beat Germany 2-1. Through as wild card (4th best 3rd-place). Face Mexico on July 1.,"[""Tell him Ecuador beat Germany 2-1 and are through. A genuine upset to know about this week."", ""Mexico on Wednesday is the round of 32. A very different kind of challenge."", ""Ask him whether the Germany win was a one-off or a sign Ecuador are better than billed.""]"
dbd55c01-6c0d-4ec0-91ab-91c991487f17,egypt,country,sunday_brief,routine,,t,2026-06-28 11:28:25.468517,2026-06-28 11:28:27.401,0.03220805000000000000,,,f,Egypt through the group unbeaten and face Australia in the round of 32 on Thursday.,Egypt through unbeaten,"Drew 1-1 with Iran. Five points, never beaten. Australia in the round of 32 on Thursday.",Egypt 2nd in their group with 5 points (W1 D2). Round of 32 vs Australia on July 3.,"[""Tell him Egypt got through unbeaten. Five points from the group, one win and two draws."", ""Worth knowing: Australia are the opponents on Thursday. Both teams came through in second place."", ""Ask him if unbeaten but with only five points counts as impressive or just getting by.""]"
71bfe5a0-29f0-448e-99b0-c6eba5ad24c9,france,country,sunday_brief,routine,,t,2026-06-28 11:28:28.10717,2026-06-28 11:28:29.871,0.02939716666666666667,,,f,France won all three group games and play Sweden in the round of 32 tomorrow.,France play Sweden tomorrow,"Perfect group stage, nine points. Round of 32 vs Sweden on Monday. He will have plans.",France top Group I with 9 points (W3). Round of 32 vs Sweden on June 30.,"[""France vs Sweden is tomorrow. He will want to watch. Worth knowing which platform has it."", ""Worth knowing: France have nine points, perfect group stage. They are one of the tournament favourites."", ""Ask him how far he thinks France go. He will have an opinion that has been forming all week.""]"
e9fe883f-2442-4404-a2c1-df62f6b8e605,germany,country,sunday_brief,routine,,t,2026-06-28 11:28:30.568681,2026-06-28 11:28:32.173,0.02673865000000000000,,,f,Germany topped their group despite losing to Ecuador and play Paraguay in the round of 32 tomorrow.,Germany play Paraguay tomorrow,Topped Group E despite losing to Ecuador. Paraguay in the round of 32 on Monday.,Germany top Group E with 6 points (W2 L1). Round of 32 vs Paraguay on June 29.,"[""Germany play tomorrow. Pre-pour his drink. Paraguay in the round of 32."", ""Worth knowing: they topped the group on six points despite losing the last game to Ecuador."", ""Ask him if the Ecuador loss concerns him or if he thinks it will not matter tomorrow.""]"
5d0aea09-7f20-4a45-9837-2f2601401435,ghana,country,sunday_brief,routine,,t,2026-06-28 11:28:32.848517,2026-06-28 11:28:34.62,0.02952471666666666667,,,f,Ghana through to the round of 32 as a wild card. Colombia on Saturday is the next one.,Ghana into the last 32,Through as a wild card on four points. Colombia in the round of 32 on Saturday.,"Ghana through as 3rd-best wild card, 4 points. Round of 32 vs Colombia on July 4.","[""Tell him Ghana made it through as a wild card despite losing to Croatia. Four points was enough."", ""Colombia on Saturday is a tough draw. Group winners on seven points."", ""Ask him if he sees Ghana causing an upset, or if Colombia have too much quality.""]"
777a5a92-b348-4f2a-953e-593d197de50c,haiti,country,sunday_brief,routine,,t,2026-06-28 11:28:35.441656,2026-06-28 11:28:37.181,0.02898906666666666667,,,f,Haiti go out after three defeats in the group stage. The tournament is over.,Haiti eliminated at groups,"Three losses, no points. Lost 2-4 to Morocco on Wednesday. Out of the tournament.",Haiti finish bottom of Group C with 0 points. Eliminated after three losses.,"[""Keep it gentle. Three losses in the group stage is a tough campaign to reflect on."", ""Worth knowing: they conceded four against Morocco in the final group game. Not the exit anyone wanted."", ""Ask him if he thinks Haiti will be better set up for the next World Cup cycle.""]"
014581f8-538f-4934-9a47-044cf434404e,iran,country,sunday_brief,routine,,t,2026-06-28 11:28:37.798082,2026-06-28 11:28:39.418,0.02699863333333333333,,,f,Iran drew all three group games but go out as the ninth-best third-placed side.,Iran out despite three draws,"Drew all three group games. Three points, went out as the ninth-best third-placed side.",Iran drew all three group games (3pts) but were eliminated as 9th-best third-placed team.,"[""Worth knowing: Iran drew every game and still went out. Three points was not enough as a third-place team."", ""Ask him if he thinks it is harsh to go out unbeaten or whether the format is the format."", ""The round of 32 carries on without them. A quiet week for Iran fans.""]"
cefb7edf-b7b9-4528-bd4f-1969886aab47,iraq,country,sunday_brief,routine,,t,2026-06-28 11:28:40.087402,2026-06-28 11:28:42.223,0.03559330000000000000,,,f,"Iraq go out at the group stage after three defeats, including a 5-0 loss to Senegal.",Iraq exit the group stage,"Three losses, no points. Lost 0-5 to Senegal on Friday. Eliminated from the tournament.",Iraq finish bottom of Group I with 0 points. Eliminated after three heavy defeats.,"[""Keep it brief. Zero points from three games is a hard group stage to revisit."", ""Worth knowing: the 0-5 to Senegal was the final group game. That tells you about the quality gap."", ""Ask him what he thinks Iraq need to do differently in the next qualifying cycle.""]"
e52eb655-6f42-4b17-ade5-51a6f6a52dd1,ivory_coast,country,sunday_brief,routine,,t,2026-06-28 11:28:43.184472,2026-06-28 11:28:44.942,0.02929213333333333333,,,f,Ivory Coast through to the round of 32 in second place. They face Norway tomorrow.,Ivory Coast face Norway Monday,"Second in the group, six points. Round of 32 vs Norway on Monday. He will want to watch.",Ivory Coast 2nd in Group E with 6 points. Round of 32 vs Norway on June 30.,"[""Ivory Coast vs Norway is tomorrow. Worth flagging to him now so he can plan around it."", ""Worth knowing: both sides came through on six points. This one is genuinely even."", ""Ask him which side he thinks handles the knockout pressure better.""]"
e11f6dd0-c085-47da-b5a9-5d4220ed255e,japan,country,sunday_brief,routine,,t,2026-06-28 11:28:45.910733,2026-06-28 11:28:47.586,0.02792111666666666667,,,f,Japan through to the round of 32 unbeaten. They face Brazil tomorrow in a massive tie.,Japan face Brazil tomorrow,Unbeaten in the group stage. Round of 32 vs Brazil on Monday. A huge tie.,Japan 2nd in Group F with 5 points (W1 D2). Round of 32 vs Brazil on June 29.,"[""Japan vs Brazil is tomorrow. Let him know it is on. He will probably be very confident about the result."", ""Worth knowing: Japan were unbeaten in the group stage. One win, two draws, five points."", ""Ask him how Japan handle Brazil. He will have a confident take. See if he is right by Monday.""]"
fd186e96-5c7f-47a1-b201-81b65455e022,england,country,sunday_brief,routine,,t,2026-06-28 11:29:42.131042,2026-06-28 11:29:45.374,0.05404930000000000000,,,f,England top Group L and face Congo DR in the round of 32 on Tuesday,England into the last 32,Topped Group L with seven points. Congo DR in the round of 32 on Tuesday. He will be ready,England top Group L with 7 points (W2 D1). Round of 32 vs Congo DR on July 1.,"[""England beat Panama 2-0 in the group stage, who stood out for you from that performance?"", ""Congo DR are the opponents on Tuesday. How do you think England set up to handle them?"", ""Seven points from the group, looking solid. What is your biggest concern heading into the knockouts?""]"
871f60b5-e524-4f89-b85b-3f9edb7e77df,jordan,country,sunday_brief,routine,,t,2026-06-28 11:29:49.030308,2026-06-28 11:29:50.894,0.03106153333333333333,,,f,"Jordan go out at the group stage after three losses, including a 1-3 defeat to Argentina.",Jordan exit the group stage,"Three losses, no points. Lost 1-3 to Argentina on Sunday. Out of the tournament.",Jordan finish bottom of Group J with 0 points. Eliminated after three defeats.,"[""Keep it short if he follows Jordan. Three losses and no points is a tough group stage to look back on."", ""Worth knowing: Argentina, who won the group with nine points, were among their opponents. A hard draw."", ""Ask him if he thinks Jordan will benefit from the World Cup experience in the long run.""]"
e547db38-c6aa-43ab-86af-ed8564fd6e86,mexico,country,sunday_brief,routine,,t,2026-06-28 11:29:51.588707,2026-06-28 11:29:53.317,0.02880488333333333333,,,f,Mexico won all three group games with nine points and face Ecuador on Tuesday.,Mexico face Ecuador Tuesday,Perfect group stage as hosts. Nine points. Ecuador in the round of 32 on Tuesday.,Mexico top Group A with 9 points (W3). Round of 32 vs Ecuador on July 1.,"[""Tell him Mexico are into the round of 32 with nine points. Perfect group stage as one of the hosts."", ""Worth knowing: Ecuador beat Germany to get through. This is not a straightforward draw."", ""Ask him if playing at home in front of the crowd gives Mexico the edge, or if Ecuador's form matters more.""]"
d65e8bb3-3554-4418-a358-d4de603ece00,morocco,country,sunday_brief,routine,,t,2026-06-28 11:29:54.058952,2026-06-28 11:29:55.857,0.02996746666666666667,,,f,Morocco through the group unbeaten and play the Netherlands in the round of 32 tomorrow.,Morocco face the Dutch Monday,"Unbeaten in the group stage, seven points. Netherlands in the round of 32 tomorrow.","Morocco 2nd in Group C, 7 points (W2 D1). Round of 32 vs Netherlands on June 30.","[""Morocco vs Netherlands is tomorrow evening. A genuinely strong round-of-32 tie."", ""Worth knowing: Morocco are unbeaten in the group stage with seven points. Not a pushover."", ""Ask him who he fancies. Two group winners, both unbeaten. It is a proper game.""]"
09b07429-1c61-44f9-874e-478ab3fd565c,netherlands,country,sunday_brief,routine,,t,2026-06-28 11:29:56.619391,2026-06-28 11:29:58.321,0.02836015000000000000,,,f,Netherlands topped their group and play Morocco in the round of 32 tomorrow.,Netherlands face Morocco Monday,Topped Group F with seven points. Morocco in the round of 32 tomorrow. Two unbeaten sides.,Netherlands top Group F with 7 points (W2 D1). Round of 32 vs Morocco on June 30.,"[""Netherlands vs Morocco is tomorrow evening. One of the better ties in the round of 32."", ""Worth knowing: both teams are unbeaten in the group stage with seven points each. Very even."", ""Ask him which side he thinks has the edge. He will have a considered take.""]"
f415502f-dce6-4a45-ac7c-2906d37e029e,new_zealand,country,sunday_brief,routine,,t,2026-06-28 11:29:59.000422,2026-06-28 11:30:01.898,0.04829296666666666667,,,f,New Zealand go out after a 1-5 defeat to Belgium on the final day of the group stage.,New Zealand exit the groups,Lost 1-5 to Belgium on Saturday. One point from the group stage. Out of the tournament.,New Zealand finish 4th in their group with 1 point. Eliminated after three games.,"[""Keep it brief. One point from the group stage, out on the final day. The tournament is done."", ""Worth knowing: Belgium were the group winners. The 5-1 gives you a sense of the gap."", ""Ask him if he thinks New Zealand will be back at the next World Cup.""]"
f7a786d7-1d26-47f0-b2c4-2ff230f961f1,norway,country,sunday_brief,routine,,t,2026-06-28 11:30:02.70638,2026-06-28 11:30:04.377,0.02784366666666666667,,,f,Norway through to the round of 32 despite a 1-4 loss to France. Ivory Coast tomorrow.,Norway face Ivory Coast Monday,Six points as group runners-up. Lost 1-4 to France last. Ivory Coast tomorrow.,Norway 2nd in Group I with 6 points (W2 L1). Round of 32 vs Ivory Coast on June 30.,"[""Norway vs Ivory Coast is tomorrow. Worth flagging. Two second-placed sides, six points each."", ""Worth knowing: the 1-4 to France was their final group game. The two wins before that are what matters."", ""Ask him if the heavy loss to France changes how he reads Norway's chances tomorrow.""]"
20254452-f32b-44fc-a344-ecc96619b94c,panama,country,sunday_brief,routine,,t,2026-06-28 11:30:05.051143,2026-06-28 11:30:06.903,0.03086428333333333333,,,f,"Panama go out at the group stage after three defeats, including a 0-2 loss to England.",Panama go out at groups,"Three losses, no points. Lost 0-2 to England on Saturday. Out of the tournament.",Panama finish bottom of Group L with 0 points. Eliminated after three defeats.,"[""Keep it brief. Three losses, no points. Out at the group stage. The tournament moves on."", ""Worth knowing: they were drawn against England, who topped the group. A tough assignment."", ""Ask him if he thinks Panama can build on the World Cup experience for the next qualifying cycle.""]"
84603bb0-1e74-40f8-9ed0-428ba71b6044,paraguay,country,sunday_brief,routine,,t,2026-06-28 11:30:07.576459,2026-06-28 11:30:09.268,0.02819235000000000000,,,f,Paraguay through to the round of 32 as a wild card. Germany tomorrow is the next one.,Paraguay face Germany tomorrow,Through as a wild card on four points. Germany in the round of 32 on Monday.,Paraguay through as wild card (4pts). Round of 32 vs Germany on June 29.,"[""Paraguay vs Germany is tomorrow. Worth knowing in case it comes up in conversation."", ""Worth knowing: Paraguay are through as a wild card with four points. Germany beat them on paper."", ""Ask him if he sees any path for Paraguay tomorrow, or if Germany are just too strong.""]"
b95a2303-5f9e-4106-b6a4-fb56f9e4e463,portugal,country,sunday_brief,routine,,t,2026-06-28 11:30:10.168834,2026-06-28 11:30:12.553,0.03973610000000000000,,,f,Portugal through the group unbeaten and face Croatia in the round of 32 on Thursday.,Portugal face Croatia Thursday,Through the group unbeaten. Five points. Croatia in the round of 32 on Thursday.,Portugal 2nd in Group K with 5 points (W1 D2). Round of 32 vs Croatia on July 2.,"[""Tell him Portugal are through unbeaten but have not been spectacular. Croatia on Thursday is the test."", ""Worth knowing: Croatia beat Ghana 2-1 on Saturday, so they arrive with momentum."", ""Ask him if he thinks Portugal have been below their best, or if he is not worried.""]"
c5b122c4-5901-45c5-a9b0-cc277d3451e8,qatar,country,sunday_brief,routine,,t,2026-06-28 11:30:13.382686,2026-06-28 11:30:15.459,0.03460523333333333333,,,f,Qatar go out at the group stage with one point from three games.,Qatar exit at the groups,One point from three games. Lost 1-3 to Bosnia on Wednesday. Out of the tournament.,Qatar finish 4th in their group with 1 point. Eliminated after three games.,"[""Keep it brief. One point from the group, lost 1-3 to Bosnia in the final game. Out."", ""Worth knowing: this was Qatar away from home after 2022. A very different experience."", ""Ask him if he thinks the 2022 hosting experience changed Qatar's football in any meaningful way.""]"
22aea403-97bd-4675-b56e-73a6ce33d0a0,saudi_arabia,country,sunday_brief,routine,,t,2026-06-28 11:30:16.341427,2026-06-28 11:30:18.529,0.03645955000000000000,,,f,Saudi Arabia go out at the group stage after two draws and a defeat.,Saudi Arabia exit early,"Two draws, one loss. Two points. Out at the group stage after Saturday's goalless draw.",Saudi Arabia finish 4th in Group H with 2 points (D2 L1). Eliminated.,"[""Keep it quiet. Two points from the group, out without winning a game. A hard week."", ""Worth knowing: they went out in the same group as Spain and Cape Verde, who both went through."", ""Ask him if he thinks Saudi Arabia football is still on an upward curve after 2022.""]"
0c5292ff-7c5c-4362-8e11-c42f11963cb4,scotland,country,sunday_brief,routine,,t,2026-06-28 11:30:19.204062,2026-06-28 11:30:21.054,0.03083230000000000000,,,f,Scotland go out at the group stage. Three points were not enough to make it through.,Scotland out at the groups,"Three points, one win. Not enough as a third-placed side. Out of the tournament.",Scotland finish 3rd in their group with 3 points. Eliminated as 11th-best third-placed team.,"[""Keep it measured. Three points, one win, but they went out on goal difference as the 11th best third-placed side."", ""Worth knowing: they beat one side in the group and went out anyway. The wild card system is cold."", ""Ask him if he thinks Scotland are moving forward or if this was another painful near-miss.""]"
837b7363-bb1d-47e8-a6cc-37b1247a4a74,senegal,country,sunday_brief,routine,,t,2026-06-28 11:30:22.089358,2026-06-28 11:30:24.456,0.03944403333333333333,,,f,Senegal scraped through as the last wild card spot and face Belgium on Wednesday.,Senegal face Belgium Wednesday,Barely through as the last wild card. Three points. Belgium in the round of 32 Wednesday.,Senegal through as 8th-best wild card (3pts W1). Round of 32 vs Belgium on July 1.,"[""Tell him Senegal just scraped through on goal difference as the eighth wild card. Belgium on Wednesday."", ""Worth knowing: the 5-0 against Iraq is what got them through. Goal difference decided it."", ""Ask him if he thinks Belgium should have too much for them, or if Senegal can cause a surprise.""]"
a3a9ce9b-b73b-4b95-b618-11e06325cdad,south_africa,country,sunday_brief,routine,,t,2026-06-28 11:30:25.119091,2026-06-28 11:30:28.667,0.05913181666666666667,,,f,South Africa are in the round of 32 and play Canada today.,South Africa play Canada today,Through to the round of 32. Beat South Korea 1-0. Play Canada today.,South Africa 2nd in Group A with 4 points. Round of 32 vs Canada on June 28.,"[""Check in on him today. South Africa play Canada right now, or very soon."", ""Worth knowing: South Africa beat South Korea 1-0 to get through. A fine last group game."", ""Ask him who he thinks goes through. Both came second in their groups. A proper toss-up.""]"
1937e123-37c1-4ea6-8708-075b1cbf6f98,south_korea,country,sunday_brief,routine,,t,2026-06-28 11:30:30.091888,2026-06-28 11:30:31.886,0.02990186666666666667,,,f,South Korea go out at the group stage. Three points were not enough to get through.,South Korea exit the groups,"Three points, one win. Went out as 10th-best third-placed side. Tournament over.",South Korea finish 3rd in their group with 3 points. Eliminated as 10th-best third-placed team.,"[""Keep it brief. Three points, one win, out on goal difference. A familiar kind of exit."", ""Worth knowing: they went out as the 10th-best third-placed side. Just two places short of the wild card."", ""Ask him if South Korea will be contenders again in the next World Cup.""]"
fb3fc91e-e50f-4851-81f1-f639d9ae3a82,spain,country,sunday_brief,routine,,t,2026-06-28 11:30:32.720556,2026-06-28 11:30:34.342,0.02702406666666666667,,,f,Spain topped their group unbeaten and face Austria in the round of 32 on Thursday.,Spain face Austria Thursday,"Group winners, seven points, unbeaten. Austria in the round of 32 on Thursday.",Spain top Group H with 7 points (W2 D1). Round of 32 vs Austria on July 2.,"[""Tell him Spain face Austria on Thursday in the round of 32. He will already know."", ""Worth knowing: Spain won the group with seven points and have not conceded many. Looking solid."", ""Ask him how far Spain go. He will have a number in mind. See if he says the final.""]"
f78f0547-73ae-4dcb-91f5-ef633b937aa0,sweden,country,sunday_brief,routine,,t,2026-06-28 11:30:35.058253,2026-06-28 11:30:37.252,0.03656245000000000000,,,f,Sweden through to the round of 32 as a wild card and face France tomorrow.,Sweden face France tomorrow,Through as a wild card on four points. Face France in the round of 32 tomorrow.,Sweden through as 2nd-best wild card (4pts). Round of 32 vs France on June 30.,"[""Sweden face France tomorrow evening. France are the group stage leaders with nine points."", ""Worth knowing: Sweden came through as the second-best wild card. Four points from the group stage."", ""Ask him if he sees any way Sweden get a result, or if France handle it comfortably.""]"
1da351b8-bf42-4134-8ba3-7af2b06ef0e9,switzerland,country,sunday_brief,routine,,t,2026-06-28 11:30:38.057923,2026-06-28 11:30:39.843,0.02975128333333333333,,,f,Switzerland won their group and face Algeria in the round of 32 next Friday.,Switzerland face Algeria Friday,"Group winners, seven points, unbeaten. Algeria in the round of 32 on Friday.",Switzerland top Group B with 7 points (W2 D1). Round of 32 vs Algeria on July 3.,"[""Tell him Switzerland won the group and face Algeria on Friday in the round of 32."", ""Worth knowing: seven points as group winners. Two wins, one draw, no defeats."", ""Ask him if he thinks Algeria can make it difficult, or if Switzerland handle it.""]"
665907e1-9202-45c8-bbb7-879796fbd9d4,tunisia,country,sunday_brief,routine,,t,2026-06-28 11:30:40.586218,2026-06-28 11:30:42.601,0.03357970000000000000,,,f,Tunisia go out at the group stage after three defeats and no points.,Tunisia exit the group stage,"Three losses, no points. Lost 1-3 to the Netherlands on Thursday. Out of the tournament.",Tunisia finish bottom of Group F with 0 points. Eliminated after three defeats.,"[""Keep it brief. No points from three games. Tunisia go out at the group stage."", ""Worth knowing: Netherlands topped the group with seven points. Tunisia were in a tough draw."", ""Ask him what he thinks Tunisia need to be genuinely competitive at the next World Cup.""]"
6149e8f7-4bae-40d6-aeaa-e96df81ac76e,turkiye,country,sunday_brief,routine,,t,2026-06-28 11:30:43.500291,2026-06-28 11:30:45.541,0.03401181666666666667,,,f,Turkey won their last group game but still go out. Three points was not enough to advance.,Turkey out despite final win,Beat the USA 3-2 but still eliminated. Results earlier in the group cost them.,Turkey beat USA 3-2 in their final group game but were eliminated. Points not enough to advance.,"[""Keep it honest. Turkey beat the USA 3-2 and still went out. Earlier results cost them."", ""Worth knowing: they won the last game but could not make up for what happened before. Three points."", ""Ask him if he thinks Turkey have the squad to be serious contenders at the next tournament.""]"
376b27f2-f4e9-4e08-9d10-c44701a78ff3,uruguay,country,sunday_brief,routine,,t,2026-06-28 11:30:46.332667,2026-06-28 11:30:48.546,0.03688888333333333333,,,f,"Uruguay go out at the group stage as the worst third-placed side, on two points.",Uruguay go out on two points,"Two draws, one loss. Worst third-placed side. Lost 0-1 to Spain on Saturday. Out.",Uruguay finish 12th of 12 third-placed teams with 2 points. Eliminated.,"[""Keep it measured. Two draws and a loss, out as the worst third-placed side. A painful end."", ""Worth knowing: they were in Spain's group. Spain topped it with seven points. A hard draw."", ""Ask him what he thinks went wrong for Uruguay this tournament. He will have an answer.""]"
990dc74e-fee9-4085-aa35-599616ae79cf,usa,country,sunday_brief,routine,,t,2026-06-28 11:30:49.208036,2026-06-28 11:30:50.962,0.02923273333333333333,,,f,USA topped their group and face Bosnia and Herzegovina in the round of 32 on Thursday.,USA face Bosnia on Thursday,Group winners at home. Six points. Bosnia in the round of 32 on Thursday.,USA top Group D with 6 points (W2 L1). Round of 32 vs Bosnia on July 2.,"[""Tell him the USA topped the group and face Bosnia on Thursday. Home crowd, big occasion."", ""Worth knowing: they won the group despite losing to Turkey on the last day. Six points held up."", ""Ask him how far the USA go with home advantage. He will have a strong view either way.""]"
b3443637-7ed7-4042-be25-ed223b1fa514,uzbekistan,country,sunday_brief,routine,,t,2026-06-28 11:30:51.663681,2026-06-28 11:30:53.466,0.03003865000000000000,,,f,Uzbekistan go out at the group stage after three defeats and no points.,Uzbekistan exit the groups,"Three losses, no points. Lost 1-3 to Congo DR on Saturday. Out of the tournament.",Uzbekistan finish bottom of Group K with 0 points. Eliminated after three defeats.,"[""Keep it brief. No points from three games. Uzbekistan exit at the group stage."", ""Worth knowing: they lost to Congo DR in the final group game. Not the exit they wanted."", ""Ask him if he thinks Central Asian football is making progress at the global level.""]"
8eccec05-5a45-4d62-9e79-6f16e2b6c227,canada,country,news,routine,,f,2026-06-29 00:42:03.888238,,,,,f,Canada beat South Africa 1-0 to reach the World Cup last 16.,He'll want to talk all night,Canada beat South Africa 1-0. They're through to the last 16.,Like when the Glastonbury lineup drops and every headliner is exactly who you wanted. Canada are into the last 16 and it just got real.,"[""Tell him Canada are through to the last 16. He's been following every game."", ""Ask him: do you think Canada can go all the way from here?"", ""He's probably already been on his phone for hours. Watch the mood when you walk in.""]"
7111c5a5-f6d8-4bb1-8059-461642cde03f,south_africa,country,news,routine,,f,2026-06-29 00:47:18.547476,,,,,f,South Africa are out of the World Cup. Canada beat them 1-0 in the round of 32.,He'll be a bit gutted,South Africa lost 0-1 to Canada and are out of the World Cup.,Like your Hinge match going quiet after three really good voice notes. South Africa gave it everything and it still didn't work out.,"[""Tell him South Africa are out. Canada won 1-0 in the round of 32."", ""He's been watching this tournament closely. Tell him the South Africa story is done."", ""Ask him: was that the best South Africa have looked at a World Cup in a while?""]"
3e75a597-1e45-4ff8-ae49-db628efc3a66,argentina,country,news,routine,,t,2026-06-29 08:40:28.169093,2026-06-29 08:40:32.203,0.06723178333333333333,,,t,"The Messi vs Ronaldo quarterfinal is off the table. Portugal drew with Colombia, which means the two all-time greats can only meet if they both reach the final.",He's doing bracket maths,Messi vs Ronaldo can't meet until the final now. Portugal's draw moved the bracket.,"It's like when two frenemies are meant to have the big confrontation at the group dinner but one arrives too late. The face-off is now saved for the after-party, if they both make it.","[""Tell him the Messi-Ronaldo quarterfinal showdown is off, they can only meet in the final now. Watch the bracket calculation begin."", ""Ask him: is the final actually the better place for that match-up, or does it feel like a let-down?"", ""He'll probably map out every permutation of how both could still get there. Let him.""]"
0a152df4-731f-4b9e-b9bd-271813129ed2,australia,country,news,routine,,t,2026-06-29 08:42:42.061709,2026-06-29 08:42:44.711,0.04415485000000000000,,,f,Egypt captain Mohamed Salah (Egypt winger and all-time great) is a hamstring doubt for Friday's World Cup round of 32 tie against Australia.,He's having a good morning,Egypt's Salah is a hamstring doubt for the Australia tie on Friday. He'll take that.,"It's like finding out your work nemesis is off sick on the day of the big client pitch. Still nervous, but suddenly a lot less so.","[""Tell him Salah is a doubt for the Australia tie on Friday. Watch his face change."", ""Ask him: does Australia win if Salah doesn't play? He'll have very strong views."", ""He'll probably already be tracking the injury updates. Let him do the maths out loud.""]"
c6b9ed46-498e-4b39-9f47-8261b6c98a0a,south_korea,country,news,routine,,t,2026-06-29 08:51:42.149516,2026-06-29 08:51:45.024,0.04790806666666666667,,,t,"South Korea manager Hong Myung-Bo has resigned, a day after their World Cup exit. The country's president called for a probe into the team's performance.",It's gone political,South Korea's manager quit after the exit. President called for a probe into the loss.,"It's like your boss resigning the morning after a bad quarter, and the board announcing an independent inquiry before lunch. Nobody is having a good week.","[""Tell him South Korea's manager has quit and the president called for a national investigation into the World Cup exit. Wild."", ""Ask him: is it normal for a country's president to get involved when the football team goes out early?"", ""He'll probably have thoughts on whether the pressure on Asian football teams goes too far.""]"
66091a13-4ee9-45ba-b46f-d52e2d90f473,brazil,country,news,routine,,t,2026-06-29 08:52:07.377928,2026-06-29 08:52:09.431,0.03421786666666666667,,,f,Japan's key playmaker Takefusa Kubo is out for tonight's round of 32 match against Brazil. It's the third consecutive game without him.,He's feeling good about tonight,Japan's star Kubo is out for today's match against Brazil. Third game without him.,"It's like finding out your rival's best presenter called in sick the morning of the pitch. You still have to show up and win it, but the pressure just shifted.","[""Tell him Japan's key player Kubo is out for tonight's match. Watch him relax slightly."", ""Ask him: does Brazil win more comfortably without Kubo, or is Japan dangerous either way?"", ""He'll probably already be thinking about the quarterfinal path if Brazil get through.""]"
d359a56e-c0b5-46d5-8ad8-6c56289c2c3a,brazil,country,news,routine,,t,2026-06-29 08:52:19.625833,2026-06-29 08:52:21.213,0.02645278333333333333,,,f,Brazil manager Carlo Ancelotti refused to engage in 'mind games' ahead of tonight's round of 32 clash with Japan.,Calm as anything,Ancelotti won't engage in Japan's mind games ahead of tonight's tie. That's just him.,"It's like the person who shows up to the Hinge first date, asks two good questions, and lets the silence do the work. Completely unbothered. Either it works or it doesn't.","[""Tell him Ancelotti refused to play any pre-match mind games with Japan. Ice cold."", ""Watch how he reacts to the idea of Ancelotti as a manager. He'll have a take."", ""He'll probably explain exactly why that's either genius or arrogance. Let him.""]"
a830104b-6453-4263-865a-3faef6fabf79,canada,country,news,routine,,t,2026-06-29 08:53:10.162095,2026-06-29 08:53:12.503,0.03901508333333333333,,,t,Jesse Marsch (Canada manager) called his squad 'Canadian heroes' after their first-ever World Cup knockout win. He didn't hold back.,Phone-his-dad moment,Jesse Marsch called his squad 'Canadian heroes' after their first-ever knockout win.,It's the manager who stays late to personally thank every member of staff the day the company finally turns a profit. Not a press release. The real thing.,"[""Tell him Marsch called the Canada squad 'Canadian heroes' in his post-match speech. Have tissues ready."", ""Ask him: does a manager's belief in a team show up in how they play?"", ""He'll probably have thoughts on whether Canada can go even further from here.""]"
6314dc8b-b046-4fde-9d7b-ca27d9bf8f67,england,country,news,routine,,t,2026-06-29 08:54:12.490981,2026-06-29 08:54:15.215,0.04540031666666666667,,,f,Declan Rice (England defensive midfielder) is expected to be available to start Wednesday's round of 32 tie against DR Congo.,He'll breathe easy,Rice is fit to start England's tie with DR Congo on Wednesday. One less worry.,"It's like your most reliable colleague confirming they'll be in for the big meeting this week. Not glamorous news, but exactly what you needed to hear.","[""Tell him Rice is fit to start against DR Congo on Wednesday. He'll be quietly pleased."", ""Watch how he reacts when you mention the England lineup. He'll have a preferred starting eleven ready."", ""Ask him: does England go further if Rice plays every minute?""]"
bdce07cf-8b0e-4c67-92ee-e35cf6a50d22,england,country,news,routine,,t,2026-06-29 08:54:39.479781,2026-06-29 08:54:42.522,0.05070365000000000000,,,f,Thomas Tuchel says he's 'worried' about England's right-back crisis after Jarell Quansah (right-back) became the latest injury casualty.,He's got the injury chart out,Tuchel is 'worried' about England's right-back injuries ahead of Wednesday's tie.,It's like a whole department going off sick the week of a major product launch. The manager's trying to stay calm but the spreadsheet is getting complicated.,"[""Tell him Tuchel said he's 'worried' about the right-back situation. He'll have a strong view on who should play there."", ""Ask him: does the right-back injury run actually hurt England's chances, or is it manageable?"", ""He'll probably already be working out the tactical workarounds. Let him run through it.""]"
b90f79bf-6838-46ba-aed9-523ff831115a,scotland,country,news,routine,,t,2026-06-29 08:55:18.80661,2026-06-29 08:55:21.795,0.04980650000000000000,,,f,Scotland fans are already naming their preferred next manager after Clarke's exit. The speculation has started.,He's got a shortlist,Scotland fans are debating who replaces Clarke. He'll have a take.,It's like when the company CEO leaves and everyone's already updating their LinkedIn before the handover email's been sent.,"[""Tell him Scotland fans are already making their shortlists for the next manager. He'll have opinions."", ""Ask him: who does he think Scotland should go for?"", ""He'll probably run through the whole hiring process unprompted. Let him.""]"
a4791fa2-9a9d-4208-a646-cdd7c65973c7,uruguay,country,news,routine,,t,2026-06-29 08:55:45.388515,2026-06-29 08:55:48.365,0.04960808333333333333,,,t,Manchester United confirmed Uruguay midfielder Manuel Ugarte has knee ligament damage. It's described as the most serious injury a footballer can face.,Six weeks of moping,Uruguay's Ugarte has knee ligament damage. Manchester United are dealing with the fallout.,"It's like the group project lead fracturing their wrist on the last day of the term. The project's already done, but they're not going to be okay for a while.","[""Tell him Ugarte has confirmed knee ligament damage. If [his name] follows Manchester United, this is a double blow."", ""He'll probably already know, but ask him how serious knee ligament damage actually is. Let him explain."", ""Ask him: is this a bigger loss for Uruguay or for Manchester United?""]"
4a918909-0ff6-4f13-ad99-41d72d6f64a1,usa,country,news,routine,,t,2026-06-29 08:57:22.513258,2026-06-29 08:57:24.746,0.03721236666666666667,,,f,Analysts say the USA squad is rife with leaders of different types and temperaments ahead of their round of 32 tie with Bosnia. Not just captain Ream.,He's smiling at this squad,The USA squad is rife with leaders going into the knockouts. Not just captain Ream.,It's like when Glastonbury goes well because the whole production team shows up and everyone knows their job. No single diva moment. The whole thing just works.,"[""Tell him the USA squad is reportedly full of leaders ahead of the Bosnia game on Thursday. He'll be quietly chuffed."", ""Watch how he reacts to the idea of USA being genuine tournament dark horses."", ""Ask him: does having multiple leaders in a squad help, or does it create too many voices?""]"
09b68db2-aa57-4f4f-aa27-705a7780b01a,portugal,country,news,routine,,f,2026-06-29 08:57:42.374857,,,,,f,Analysts are questioning whether Portugal's refusal to manage Ronaldo's workload could hurt them in the knockouts.,He might have opinions,Analysts say Portugal may be overusing Ronaldo. Could hurt them in the knockouts.,It's like your friend who trained every single day in the two weeks before a marathon and wonders why her knees gave out at mile 18. The warning signs were there.,"[""Tell him analysts are questioning whether Portugal are managing Ronaldo's workload well enough. He'll have a take."", ""Ask him: should Portugal be resting Ronaldo more to protect him for the later rounds?"", ""He'll probably explain exactly how many minutes Ronaldo has played and what it means. Let him.""]"
656feb0a-7246-4c7b-a8d4-17edf5444b9b,austria,country,news,routine,,t,2026-06-30 00:40:47.120743,2026-06-30 00:40:49.001,0.03133761666666666667,,,t,"Austria's 3-3 draw with Algeria is already being compared to the 1982 Disgrace of Gijon. Both teams scored in injury time to qualify, sending Iran home.",He'll have a theory,Austria and Algeria both scored injury-time goals to draw 3-3. Both through. Iran: out.,"It's like two people on the same Slack thread conveniently DM-ing each other before the all-hands to agree on a 'mutual outcome'. Very suspicious, very convenient.","[""Ask him: does he think it was a fix, or two teams just getting lucky at exactly the right moment?"", ""Tell him both Austria and Algeria scored in injury time to draw 3-3. Iran went home. He'll have feelings."", ""The original 1982 Disgrace of Gijon involved Austria too. He might already be ranting about history repeating.""]"
dfb37dea-0083-4ed0-ad62-611c79f4acea,brazil,country,news,routine,,f,2026-06-30 00:43:14.772847,,,,,t,Brazil came from behind to beat Japan 2-1. Martinelli (Brazil winger) scored in the 96th minute after Casemiro (midfielder) equalised.,Phone-his-dad moment,"Brazil beat Japan 2-1, Martinelli 96th-minute winner after they were losing at half-time.","It's like ordering Deliveroo at half nine and being convinced it's not coming, then the doorbell rings at quarter past ten with everything still warm.","[""Tell him Martinelli scored in the 96th minute to knock Japan out. He's been worrying about this game all day."", ""He'll probably say Ancelotti knew exactly what he was doing at half-time. Let him have that one."", ""Ask him: does Brazil actually have what it takes to go deep, or are they going to keep scraping through like this?""]"
0f9d2301-d699-4ccf-a58a-308f16d1e66c,england,country,news,routine,,t,2026-06-30 00:46:25.040111,2026-06-30 00:46:28.465,0.05708148333333333333,,,f,Saka (Arsenal winger) says England have been practising penalties ahead of DR Congo. He's in a battle with Madueke (Chelsea winger) for a starting spot.,Whiteboard material,Saka says England have been practising penalties. He already has the order memorised.,It's like a friend texting the group chat 'we've been rehearsing the speech' two days before the wedding. They're thinking about the hard bits.,"[""Tell him Saka confirmed England have been practising penalties. He'll either think that's sensible or that they're tempting fate."", ""Ask him: does he think England take it to penalties, or do they win it in 90 minutes?"", ""There's a battle between Saka and Madueke for a starting spot. He'll have a strong view on which one starts.""]"
1cad7c63-4e09-482f-8a5d-f43472d148aa,france,country,news,routine,,t,2026-06-30 00:48:03.917261,2026-06-30 00:48:06.247,0.03882898333333333333,,,f,"France manager Deschamps says his side are confident for Tuesday's Sweden game. 'We've been labelled as favourites,' he said. 'We are confident.'",He'll be watching,France face Sweden tomorrow. Deschamps says they're confident. He'll have thoughts.,It's like the mate who got the job offer and is very calmly saying 'yeah I'll probably take it' while already mentally redecorating the office.,"[""Tell him France face Sweden tomorrow and Deschamps said they're 'confident' even as favourites. He'll either agree or say that's exactly what you say."", ""He'll have a view on whether Dembele can keep up that level from the Norway game. Ask him."", ""Ask him: do France go all the way this time, or does someone upset them?""]"
10cb363a-9570-4611-a6d8-c699b628bc31,ivory_coast,country,news,routine,,t,2026-06-30 00:49:20.065655,2026-06-30 00:49:22.088,0.03370575000000000000,,,f,"Ivory Coast face Norway tomorrow and the stakes just went up. Brazil beat Japan today, which means the winner of tomorrow's game plays Brazil in the last 16.",He'll have a bracket,Ivory Coast face Norway tomorrow. Win and they play Brazil in the last 16.,It's like making the interview shortlist and finding out the final round is with the CEO who you've been low-key obsessed with for years.,"[""Tell him Brazil beat Japan today, which means Ivory Coast play them in the last 16 if they beat Norway. He'll immediately start calculating."", ""Watch his reaction when you mention Norway vs Ivory Coast. He's been tracking this game."", ""Ask him: does he think Ivory Coast can handle Norway, and then potentially Brazil after?""]"
29d00358-4ed1-4b02-ba14-2c22b7b8ccdb,japan,country,news,routine,,f,2026-06-30 00:50:49.679116,,,,,t,"Japan are out. Martinelli scored in the 96th minute to give Brazil a 2-1 win. Japan had led through Sano, who'd just escaped a red card moments before scoring.",Give him a minute,Japan out. Brazil won 2-1 in the 96th. He'll take it personally.,It's like getting the Deliveroo 'order confirmed' and then getting the 'restaurant cancelled' notification right at the door.,"[""Tell him Sano scored for Japan just moments after escaping what should've been a second yellow card. He'll have a lot to say about that."", ""Ask him: should Sano have been sent off before he scored? The BBC are asking the same question."", ""He was hoping Japan could cause an upset. Pour him a drink first, then ask how he's doing.""]"
97095c11-8cb6-4ad8-a452-99f26ea6622a,mexico,country,news,routine,,t,2026-06-30 00:52:06.758653,2026-06-30 00:52:08.97,0.03685578333333333333,,,f,"Raul Jimenez (Mexico striker) is leading his country at this World Cup on home soil, six years after suffering a life-threatening skull fracture.",T-shirt material,"Jimenez leads Mexico at this WC, six years after a near-fatal skull fracture. He's back.","It's like the mate who had the major surgery and a year of recovery showing up at the marathon start line, bib on, absolutely fine.","[""Tell him Jimenez is leading Mexico six years after a life-threatening skull fracture. He'll either know the story or you'll have just made his day."", ""Mexico are playing Ecuador on Tuesday with all three group games won. Ask him if Mexico can go deep on home soil."", ""Ask him: does he think the home crowd gives Mexico a real chance this year?""]"
ac8ec3a2-a6e8-4fc3-8848-82262d9192a6,netherlands,country,news,routine,,t,2026-06-30 00:52:42.295241,2026-06-30 00:52:44.93,0.04391265000000000000,,,t,"Netherlands face Morocco tonight in a game the BBC are calling 'more than just a match'. It's about migration, identity and the battle for Dutch-born talent.",He'll have a lot to say,Netherlands face Morocco tonight. The BBC called it more than just a match. He'll explain.,"It's like the group chat that split in two, and everyone pretending they're equally loyal to both sides.","[""Tell him the BBC are calling Netherlands vs Morocco more than just a football match, a story about migration and identity. He'll either dive in or say 'football is football.'"", ""Van Dijk (Netherlands defender) is described as the main man for Holland's World Cup ambitions. Ask him if he agrees."", ""Ask him: does he have a team in this one, or is he just watching for the drama?""]"
d12a4903-30e3-44c9-a021-c04aa18c4587,norway,country,news,routine,,t,2026-06-30 00:54:14.508916,2026-06-30 00:54:16.897,0.03980140000000000000,,,f,Haaland (Norway striker) has looked 'relaxed and happy' at this World Cup. Reports say that's bad news for Ivory Coast in tomorrow's round of 32.,He'll have a theory,Haaland looks relaxed at this World Cup. Bad news for Ivory Coast tomorrow.,"It's like the friend who shows up to the work presentation looking suspiciously chill. That's not relaxed, that's prepared.","[""Tell him Haaland has looked 'relaxed and happy' at this World Cup. Ask him if that's a good or bad sign."", ""Norway face Ivory Coast tomorrow. Watch what happens when you mention Haaland. He'll have a strong opinion."", ""Ask him: is Haaland ever really a threat at a tournament, or does he show up more at club level?""]"
087a10b1-98e5-4b49-b211-79f5c913f0d9,germany,country,news,routine,,f,2026-06-30 08:47:11.858593,,,,,t,"Germany are out of the World Cup, beaten by Paraguay on penalties. They drew 1-1 after extra time, then lost 3-4 on spot-kicks.",Give him a minute,Germany are out. Paraguay beat them 4-3 on penalties. Nobody saw this coming.,"It's like getting to the dessert course on a date that's been going really well, and then the credit card declines. Germany sailed through the group and the shootout said no.","[""Tell [his name] Germany are out. Paraguay beat them on penalties last night. He might not have heard yet."", ""Ask him: is this the biggest shock of the tournament so far?"", ""He'll have a theory about where it went wrong. Let him talk it through, then ask what happens to the team next.""]"
1d2bb8a1-b7da-4da6-8e2c-a8a6d481d2fe,netherlands,country,news,routine,,f,2026-06-30 08:47:42.1883,,,,,f,"Netherlands are out of the World Cup, beaten on penalties by Morocco. They drew 1-1 after extra time and lost 2-3 on spot-kicks.",He'll come round,"Netherlands are out. Morocco beat them 3-2 on penalties. Sulk first, dinner after.","It's like sending your best Hinge opener and watching them go offline at 3am. Extra time, penalties, and then nothing.","[""Tell [his name] Netherlands are out. They lost to Morocco on penalties overnight, 2-3. It's done."", ""He'll be flat about this. Give him a minute before you check in."", ""Ask him: was the shootout the moment it always felt like it was heading to?""]"
639803d5-959a-41fc-a2c8-97b51dba4790,paraguay,country,news,routine,,f,2026-06-30 08:48:02.934884,,,,,t,"Paraguay beat Germany on penalties to reach the World Cup last 16. They drew 1-1 after extra time, then won 4-3 on spot-kicks.",Stories incoming,Paraguay beat Germany 4-3 on penalties. They're in the World Cup last 16.,It's like the runner-up from the last round sending a voice note at midnight saying they've changed their mind. Paraguay just told Germany goodbye.,"[""Tell [his name] Paraguay beat Germany on penalties last night. They're in the World Cup last 16. He won't believe it."", ""Ask him: is this the biggest shock of the tournament so far?"", ""He'll need to process this one. Wild card beats group winner on penalties. Watch how he reacts.""]"
ef90eb47-8a0e-46ab-83ae-70d9246c6127,morocco,country,news,routine,,f,2026-06-30 08:49:08.111594,,,,,t,"Morocco beat Netherlands on penalties to reach the World Cup last 16. They drew 1-1 after extra time, then won 3-2 on spot-kicks. Canada are next on Saturday.",Phone-his-dad moment,Morocco beat Netherlands 3-2 on penalties. They're in the World Cup last 16.,It's like your friend who everyone said was too much at school showing up to the reunion absolutely thriving. Morocco weren't supposed to get this far.,"[""Tell [his name] Morocco are through to the World Cup last 16. They beat Netherlands on penalties overnight and it's done."", ""Ask him: was Morocco always his pick to go this far, or is this becoming a real story?"", ""He'll want to know when the Canada game is. It's Saturday. He might suggest watching it.""]"
c904b7e7-b4a4-44e3-9f23-681c65c231e5,cape_verde,country,news,routine,,t,2026-07-01 00:50:00.742549,2026-07-01 00:50:04.455,0.06187418333333333333,,,t,Cape Verde made the World Cup last 32. American broadcasters say their run to the knockouts was for everyone who wanted to believe smaller nations belong here.,Stories incoming,Cape Verde made the World Cup knockouts. It is exactly what a 48-team WC is for.,"It is like a mid-list Spotify artist suddenly landing a Coachella slot because they expanded the lineup. Everyone pretended not to notice, then they stole the show.","[""Tell him Cape Verde drew every group game and still made the knockouts. He will have something to say about that."", ""Ask him: do smaller nations deserve to be at a 48-team World Cup, or does it water the tournament down?"", ""Broadcasters are calling Cape Verde the poster story for the new format. Tell him that and see where the conversation goes.""]"
ad43214c-4d6c-4d90-809b-ad130f568211,congo_dr,country,news,routine,,t,2026-07-01 00:50:48.092459,2026-07-01 00:50:50.257,0.03607568333333333333,,,t,DR Congo face England tomorrow. Their last World Cup knockout was 52 years ago. BBC Sport say fans back home are already dancing in the streets.,52 years in the making,DR Congo play England tomorrow. First WC knockout in 52 years. He will know this story.,"It is like that friend who went quiet on Instagram for years suddenly posting again, and the content is inexplicably excellent.","[""Tell him BBC Sport are comparing tomorrow's match to the Rumble in the Jungle for DR Congo fans in Kinshasa. He will love the context."", ""Ask him: does he think England should be worried about DR Congo, or is it a straightforward win?"", ""DR Congo were out of the World Cup for 52 years. Fans back home are dancing. It is not just a football match to them.""]"
b73c90b9-9716-4236-8443-0a270c5c14eb,england,country,news,routine,,t,2026-07-01 00:51:12.377687,2026-07-01 00:51:15.875,0.05828855000000000000,,,f,"Wayne Rooney (former England captain) says start Mainoo, drop Anderson for tomorrow's DR Congo tie. He'd rather see Kobbie Mainoo in the lineup.",He will have a take,"Former England captain Rooney says start Mainoo, drop Anderson against DR Congo tomorrow.",It is like your group chat arguing over the seating plan at dinner before the host has even looked at it. Someone always has strong opinions about the arrangement.,"[""Tell him Rooney is backing Mainoo to start over Anderson against DR Congo. He will either strongly agree or strongly disagree."", ""Ask him: does he trust Rooney's football opinion, or is it just noise from an ex-player?"", ""He has probably been thinking about the lineup already. Drop Mainoo's name and let him take it from there.""]"
dbb29ea3-b7a7-4a00-852c-f3d02ff5e57a,germany,country,news,routine,,t,2026-07-01 00:51:32.580392,2026-07-01 00:51:35.025,0.04074346666666666667,,,t,"Germany manager Julian Nagelsmann said his side are no longer a first-class team after their early World Cup exit, but he wants to stay on as head coach.",T-shirt material,Germany's boss Nagelsmann said they are no longer a first-class team. He wants to stay on.,"It is like a company director giving a terrible performance review for their own team, then asking to keep their seat at the table. Bold strategy.","[""Tell him Germany's manager called them no longer a first-class team, then said he wants to keep his job. That is an unusual move."", ""Ask him: if your manager said your team was not first-class, would you want them to stay on?"", ""He probably has thoughts on Germany. Drop the Nagelsmann quote and let him react.""]"
c3b9fb05-730e-411e-ba41-d9b72fa5d82a,germany,country,news,routine,,t,2026-07-01 00:51:58.502592,2026-07-01 00:52:01.393,0.04817346666666666667,,,t,BBC Sport say the prospect of Jurgen Klopp looms over Germany as they look for hope after their World Cup exit.,He will have a whiteboard out,BBC Sport say the prospect of Klopp looms for Germany after their World Cup exit.,It is like when a famous director goes quiet and suddenly everyone tweets them in the replies of a struggling studio. The rumours start themselves.,"[""Tell him BBC Sport are raising Klopp's name in connection with Germany's manager search. Watch how fast he has an opinion."", ""Ask him: does he think Klopp would take the Germany job if it came up?"", ""He will have strong feelings about Klopp going to Germany. Drop it casually and see what happens.""]"
ce4bdb74-5907-4c01-835e-42db0f362ee5,ivory_coast,country,news,routine,,f,2026-07-01 00:52:38.034902,,,,,t,Ivory Coast are out. Haaland's late winner gave Norway a 2-1 win. Amad Diallo's equaliser is being called a goal of the tournament contender.,Give him a minute,Ivory Coast are out. Norway beat them 2-1. Haaland scored late. Amad's goal was stunning.,"It is like absolutely smashing the presentation, getting a standing ovation in the room, and still not getting the job. The goal was there. The win was not.","[""Tell him Amad Diallo scored what BBC Sport are calling a goal of the tournament contender, even though Ivory Coast lost. He will want to see it."", ""Watch how he reacts when you mention Haaland's name. The answer will tell you everything about how he's feeling about Norway."", ""Ask him: is Ivory Coast going out a big upset, or was Norway always the better side?""]"
b18a878b-0593-4720-9f74-c063f08b2153,mexico,country,news,routine,,t,2026-07-01 00:53:22.012525,2026-07-01 00:53:24.471,0.04097458333333333333,,,t,Mexico face Ecuador tonight. The Guardian say their real opponent is their own history: El Tri always fall at the first knockout hurdle.,Tonight's the night,"Mexico always fall in the round of 16. Tonight vs Ecuador, they try to break it.","It is like the friend who always gets to the third date perfectly and then somehow never quite makes it to the fourth. The pattern is the problem, not the person.","[""Tell him the Guardian say Mexico's real opponent tonight is the ghost of their own history. He will have an opinion on that framing."", ""Ask him: does he think Mexico break the round-of-16 curse tonight, or does history repeat?"", ""Mexico are on home soil, won all three group games, and are still carrying the weight of this pattern. Drop that in conversation tonight.""]"
db85ff56-e470-4ea4-a07c-cc6ac20a9f36,mexico,country,news,routine,,t,2026-07-01 00:53:58.679004,2026-07-01 00:54:01.381,0.04503326666666666667,,,f,Ecuador have complained to World Cup organisers about Mexico fans being noisy outside their team hotel before tonight's last-32 match.,Mad scenes already,Ecuador complained about noisy Mexico fans outside their hotel. Game not started yet.,It is like the neighbour filing a noise complaint before your house party has even started because they know what you are like.,"[""Tell him Ecuador complained to World Cup officials about Mexico fans being too loud outside their hotel. He will find that very funny."", ""Watch how he reacts when you say Ecuador were so rattled they lodged an official complaint before the game even started."", ""Ask him: does home advantage actually make a difference in football, or is it just noise?""]"
e056fd0d-327e-41e2-b864-4fb9b753520b,netherlands,country,news,routine,,t,2026-07-01 00:54:32.336272,2026-07-01 00:54:35.809,0.05787880000000000000,,,t,Ronald Koeman has resigned as Netherlands manager after their World Cup exit. He said: 'We fell short. Responsibility rests with me.',He is going to have opinions,Koeman resigned as Netherlands manager after their exit. Responsibility rests with him.,"It is like the project manager sending a resignation email the same afternoon the launch went wrong. Own it and leave. Respect the move, slightly.","[""Tell him Koeman has resigned as Netherlands manager. His response will tell you everything about how he rates Koeman."", ""The Netherlands lost to Morocco on penalties and their manager quit the same day. Ask him: does the manager always have to go after an early exit?"", ""Ask him: is Koeman taking responsibility, or is it the right call anyway?""]"
1eaa0c84-861b-417a-8d64-3e5af2034d99,norway,country,news,routine,,f,2026-07-01 00:55:04.382312,,,,,t,Haaland won it late. Norway beat Ivory Coast 2-1 to reach the last 16. Their coach called him the greatest goalscorer in the world. Next: Brazil.,Giddy for a week,Norway beat Ivory Coast 2-1. Haaland scored the winner. Next: Brazil on Saturday.,It is like your mate's situationship finally becoming official just in time for the hard part. The glow-up is real. The next test is enormous.,"[""Tell him Norway's manager called Haaland the greatest goalscorer in the world after the match. He will have a very firm view on whether that is true."", ""Norway face Brazil on Saturday. Ask him: does he think Norway can actually do it?"", ""Ask him: is Haaland more terrifying as a club player or an international? The goal difference is the argument.""]"
547794c9-0923-4a8f-862a-419f7a51bc11,paraguay,country,news,routine,,t,2026-07-01 00:55:31.313205,2026-07-01 00:55:34.021,0.04512991666666666667,,,t,Paraguay's penalty hero Orlando Gill was in football obscurity 18 months ago. Now he has knocked Germany out of the World Cup.,Phone-his-dad moment,Penalty hero Gill was in football obscurity 18 months ago. He just knocked Germany out.,"It is like a Hinge date where you had zero expectations, they showed up, and now you're texting your group chat at midnight. Nobody saw Gill coming.","[""Tell him Paraguay's penalty hero was in football obscurity just 18 months ago. Now he's knocked Germany out of the World Cup. He will love this story."", ""Watch how he reacts when you say Paraguay beat Germany on penalties. The reaction will tell you if he was following that one."", ""Ask him: are penalty shootouts luck or skill? The Gill story kind of suggests both.""]"
ecb1fa64-4aa6-4414-bf67-73190ff7d3d7,portugal,country,news,routine,,f,2026-07-01 00:55:55.373737,,,,,f,"Portugal striker Goncalo Ramos has joined AC Milan from PSG for a reported £60m, confirmed while he is still at the World Cup.",Ramos heads to AC Milan,Portugal striker Ramos confirmed move to AC Milan from PSG for a reported £60m.,"It is like accepting a job offer and signing the contract while you are still technically in the final week of your notice period at the old place. Sorted, but odd.","[""Tell him Portugal's Ramos just agreed a club move to AC Milan mid-World Cup. He will have a take on the timing."", ""Watch how he reacts when you mention the reported £60m price tag for a player still in the tournament."", ""Ask him: is it strange to be moving clubs during the World Cup, or is this normal in modern football?""]"
77061d4e-8dee-488c-a7e6-4b71a9c13954,south_korea,country,news,routine,,t,2026-07-01 00:56:31.961924,2026-07-01 00:56:34.395,0.04055126666666666667,,,t,Son Heung-min (South Korea forward) says he is indescribably hurt by South Korea's World Cup exit and will run to death for the nation's football fans.,He might need a moment,Son Heung-min said he is indescribably hurt. He will run to death for the fans.,"It is like a group project where one person carries most of it, and when it goes wrong, they are the only one who sends the apology email. The weight is not shared equally.","[""Tell him Son said he is indescribably hurt by South Korea's exit and vowed to run to death for the fans. He will have a reaction to that language."", ""Watch how he responds when you mention Son's apology. The words run to death tend to land."", ""Ask him: is it strange that a footballer feels that level of personal responsibility for a team going out?""]"
683a9077-22ee-4550-9aad-2653b04619f4,belgium,country,news,routine,,t,2026-07-01 08:42:30.556974,2026-07-01 08:42:33.151,0.04323376666666666667,,,t,Belgium manager Rudi Garcia fired back at critics who compared midfielder Kevin De Bruyne to a washed-up actor before tonight's round of 32 against Senegal.,Garcia's got something to say,Belgium boss Garcia fired back after press called De Bruyne washed-up. Senegal tonight.,Your best mate dumping a bad article in the group chat and typing no.,"[""Tell [his name] Belgium's manager adjusted his actual microphone before defending his players. He'll love the drama."", ""Ask him: does De Bruyne still have it, or is the washed-up label onto something?"", ""He'll probably say that's exactly the fuel you want heading into a knockout match.""]"
3bf05429-ab44-48a5-9e33-8467ff2f73fb,congo_dr,country,news,routine,,t,2026-07-01 08:46:31.971813,2026-07-01 08:46:34.956,0.04973645000000000000,,,t,England are without right-backs Quansah and James for today's round of 32 against Congo DR. Former DRC captain Zakuani: there are holes in England.,He'll have spotted this,England's right-backs Quansah and James are both out injured. Congo DR plays today.,Like the Strictly favourite spraining their ankle the morning of the final.,"[""Tell [his name] England's two right-backs are both out and see what he says about Congo DR's chances."", ""Ask him: does losing Quansah and James actually make England vulnerable on the right?"", ""He'll probably have views on whether Congo DR can pull off the shock. Drop 'holes in England' and watch.""]"
d777ddf5-cb4d-4fdb-bd46-f0850d19d636,ecuador,country,news,routine,,f,2026-07-01 08:48:17.286095,,,,,t,Ecuador are out. Mexico beat them 2-0 in the round of 32. Defender Piero Hincapie (Ecuador) was also sent off for covering his mouth at an opponent.,He might be quiet tonight,"Ecuador are out. Lost 2-0 to Mexico, and Hincapie got sent off for covering his mouth.",Like leaving a party early and knocking over the host's lamp on the way out.,"[""Give [his name] a heads-up. Ecuador are out and the exit was a bit messy."", ""He'll probably say Mexico are a dangerous dark horse now they've broken their knockout curse."", ""Ask him: did Ecuador do better than expected? They beat Germany to get this far.""]"
b4530386-133e-4f1d-9717-0e40f2d7a188,england,country,news,routine,,t,2026-07-01 08:50:10.8818,2026-07-01 08:50:13.643,0.04602000000000000000,,,t,Mexico have beaten Ecuador to set up a potential England last-16 at the Azteca. Mexico have won all four games and not conceded a goal at this World Cup.,Mexico are waiting,"Mexico set up a potential England last-16 at the Azteca. Four wins, zero conceded.","Like finding out your blind date is brilliant, then learning their ex is even better and somehow also there.","[""Tell [his name] Mexico are potentially next if England win today. Watch the reaction."", ""Ask him: would England fancy their chances at the Azteca against an unbeaten Mexico?"", ""He'll be simultaneously wanting England to win tonight and dreading what comes next.""]"
2ed8962e-6db6-4603-8920-688fec3e4712,france,country,news,routine,,f,2026-07-01 08:51:24.903788,,,,,t,France beat Sweden 3-0. Mbappé scored twice and broke the World Cup knockout goals record. He dedicated his first goal to manager Deschamps.,He'll be texting everyone,France beat Sweden 3-0. Mbappé broke the knockout goals record. Paraguay are next.,Like running the room at a party and toasting the friend who set it all up.,"[""Tell [his name] Mbappé is now the all-time leading scorer in World Cup knockout games. He'll have opinions."", ""Ask him: can anyone actually stop France? Deschamps was strangely cautious after the 3-0."", ""He'll probably tell you the Mbappé-to-Deschamps goal dedication was the moment of the night.""]"
3b645b20-a416-4eb8-ae2f-468da245dfd0,mexico,country,news,routine,,f,2026-07-01 08:53:50.923499,,,,,t,"Mexico's 40-year knockout curse is broken. They beat Ecuador 2-0 at the Azteca, their first World Cup knockout win since 1986.",He'll lose it,Mexico beat Ecuador 2-0 at the Azteca. First knockout win in 40 years. England next.,Like posting new year new me for four consecutive years and this time actually meaning it.,"[""Tell [his name] Mexico broke their 40-year knockout curse last night. He'll want to talk about it."", ""He'll probably be calculating whether England would fancy their chances at the Azteca."", ""Ask him: does Mexico have a real chance to go deep at home, or is this as far as they get?""]"
9432d15c-e06e-4937-9d8f-92a1311006e0,australia,country,news,routine,,t,2026-07-02 00:43:01.692117,2026-07-02 00:43:04.506,0.04689805000000000000,,,f,Egypt's Mohamed Salah (Egypt captain and star forward) is winning his race to be fit for the round of 32 match against Australia.,He'll be on edge,Salah looks set to play against Australia. Tell him to plan a quiet night this week.,"It's like getting the 'actually, I can make it' text from the ex you hoped was busy that night. He's coming, and now the plans need to change.","[""Tell him Salah now looks fit to face Australia. He'll have strong opinions about what this means."", ""Ask him: does this change what he thinks Australia's chances are?"", ""Australia vs Egypt is a one-off knockout match. Win and they're in the last 16 of the World Cup. Lose and they go home.""]"
db0f77e1-36ff-41b1-b858-2c570f8cca62,austria,country,news,routine,,t,2026-07-02 00:45:21.840698,2026-07-02 00:45:24.967,0.05210503333333333333,,,f,"Spain face Austria tomorrow in the round of 32, but their World Cup performances have raised serious doubts. Unfit stars and wasted chances all group stage.",He's getting hopeful,Spain play Austria tomorrow. Spain have been shaky. He'll be doing the maths.,It's like discovering the most intimidating person in the room has actually been getting terrible reviews from people who know them. Less scary than advertised.,"[""Tell him Spain have been shaky all tournament with unfit stars. He'll reassess Austria's chances immediately."", ""Ask him: does Austria have a real shot or will Spain just find another gear tomorrow?"", ""Spain's Cucurella said publicly he 'understands' the criticism of their performances. Before a knockout match. Austria followers will take that.""]"
a3971506-d554-4e8a-9808-8af906a11a3a,congo_dr,country,news,routine,,f,2026-07-02 00:50:02.731644,,,,,t,"DR Congo lost 2-1 to England in the round of 32, but they led for 75 minutes and goalkeeper Lionel Mpasi had the game of his life.",Proud even in defeat,DR Congo lost 2-1 to England but led for 75 minutes. Their goalkeeper was extraordinary.,"It's like absolutely acing every question in the interview, then watching someone else get the job at the last minute. The performance was there. The result wasn't.","[""Tell him DR Congo led England for 75 minutes with their keeper stopping everything. He'll have big feelings about this one."", ""Ask him: does a performance like that change how he sees DR Congo for future tournaments?"", ""Brian Cipenga's early goal had them on the verge of a World Cup shock. DR Congo went home, but they didn't go quietly.""]"
156cd6d7-61b2-4908-a119-10b0f0676d64,croatia,country,news,routine,,t,2026-07-02 00:52:08.053462,2026-07-02 00:52:10.767,0.04522563333333333333,,,t,Croatia face Portugal tomorrow. Vitinha called Modric and Ronaldo two great icons of world football. Neither wants their World Cup to end here.,Pencil in tomorrow,Croatia vs Portugal tomorrow. Modric vs Ronaldo. He'll be glued to it.,It's like two people you're both rooting for ending up in the same Love is Blind pod. Only one gets a ring.,"[""Tell him Portugal's own players called Modric a 'great icon of world football.' He'll have thoughts on what that means for tomorrow."", ""Ask him: does he think this could be Modric's last World Cup match?"", ""Croatia vs Portugal tomorrow is knockout football. Whoever loses goes home. Both Modric and Ronaldo know it.""]"
6cd31535-d70d-4864-9026-b363b47c0533,ecuador,country,news,routine,,t,2026-07-02 00:53:41.931887,2026-07-02 00:53:44.824,0.04820188333333333333,,,f,Ecuador manager Sebastian Beccacece has announced he is leaving his role following the World Cup exit against Mexico.,That's the end of that,Ecuador manager Beccacece is leaving after their World Cup exit. Chapter closed.,"It's like breaking up AND getting told your flat is being sold, all in the same evening.","[""Tell him Ecuador's manager Beccacece publicly announced he's leaving right after the World Cup exit. He'll know if that's standard or surprising."", ""Ask him: do managers usually quit this quickly after a World Cup exit, or is this unusual?"", ""Ecuador lost to Mexico in the knockouts and now their manager is gone. All in 24 hours.""]"
9743e7b5-4d46-4e4c-828e-539e0394380f,egypt,country,news,routine,,f,2026-07-02 00:54:26.703161,,,,,f,"Salah looks set to play for Egypt against Australia on Friday, according to sources inside the Egypt camp. He had been a hamstring doubt.",Glowing,Salah looks set to play against Australia on Friday. Egypt have their star.,It's like your guest of honour confirming they're coming after days of 'not sure.' The whole plan clicks back into place.,"[""Tell him Salah looks fit for Friday against Australia. Watch his whole face change."", ""Ask him: how much does Egypt's World Cup chance depend on Salah being fit?"", ""Salah had been a fitness doubt heading into this week. The Egypt camp are now optimistic. He'll be their main man on Friday.""]"
01dc7c7c-ea02-4fdb-ab3e-357241d9c725,england,country,news,routine,,f,2026-07-02 00:56:03.287501,,,,,t,England came from behind to beat DR Congo 2-1 and reach the World Cup last 16. Kane said it was their best game of the tournament. Mexico awaits.,He'll call his dad,England beat DR Congo 2-1. Kane scored twice. He'll ring everyone.,"It's like the group presentation going badly for 40 minutes, then the quiet one saves it at the end. Kane's that person.","[""Tell him England were heading for another early exit before Kane scored twice late on. He'll know exactly how that felt."", ""Ask him: can England actually win this World Cup, or was tonight just a narrow escape?"", ""Tuchel called the team's spirit at their highest level. Kane called it their best game. They'll feel different about Mexico now.""]"
07888e7b-7da1-414f-9a7c-622184a85ef2,england,country,news,routine,,t,2026-07-02 01:00:24.545008,2026-07-02 01:00:28.98,0.07391653333333333333,,,t,"Harry Kane (England captain) has surpassed Pelé's World Cup goals record, scoring twice against DR Congo to bring his total to 13 World Cup goals.",T-shirt material,Kane passed Pelé's World Cup record with 13 goals. He'll never let it go.,"The Pelé record sat untouched the way Roger Federer's Wimbledon titles did, everyone assumed it was the ceiling, until someone quietly walked through it.","[""Kane has more World Cup goals than Pelé now, 13. Does he even realise what he's done?"", ""England had to come from behind to beat DR Congo 2-1 before Kane got to that record."", ""He's going into the knockout rounds as the most dangerous striker in the tournament. Fancy England's chances?""]"
82869cf8-3871-4e35-8080-2cd53bb8cb37,germany,country,news,routine,,t,2026-07-02 01:04:54.883169,2026-07-02 01:04:59.088,0.07008051666666666667,,,f,Manuel Neuer (Germany goalkeeper) has retired from international football after Germany's World Cup exit on penalties to Paraguay. He said he has 'no regrets.',He's not coming back,Germany's goalkeeper Neuer has retired from international duty. He says no regrets.,"Neuer walking away is the sports version of a beloved show's lead actor deciding not to come back for the reunion, everyone knew it was coming, but you still feel it when it actually happens.","[""Neuer's retired from Germany for the second time, do you think this one will stick?"", ""He said 'no regrets' after the penalty exit. Is that what he really means?"", ""Germany lost their tournament and their goalkeeper in one go. What happens next for them?""]"
0d34a0dc-7e87-4a58-94f9-4f6acd098d53,morocco,country,news,routine,,t,2026-07-02 01:08:38.742597,2026-07-02 01:08:42.291,0.05914005000000000000,,,f,Ismael Saibari scored at this World Cup for Morocco and has now signed for Bayern Munich from PSV Eindhoven. Bayern coach Vincent Kompany played a key role.,Good problems to have,Morocco's Saibari just signed for Bayern Munich mid-tournament. Kompany made it happen.,"Getting poached by Bayern Munich mid-World Cup is the transfer equivalent of being headhunted during your probation period, you knew you were good, but you didn't know the whole world was watching.","[""Morocco's Saibari got signed by Bayern Munich in the middle of the World Cup, Kompany personally wanted him. Imagine getting headhunted during a big project."", ""He helped Morocco beat Netherlands on penalties and now he's going to the Bundesliga. Does your man think Morocco can go all the way?"", ""How do you focus on a World Cup knockout when you've just sealed a huge club move?""]"
f11db440-be75-4db9-90b6-c82922cf3e78,scotland,country,news,routine,,t,2026-07-02 01:12:14.203457,2026-07-02 01:12:17.301,0.05162571666666666667,,,f,"Steve Clarke stepped down as Scotland head coach after their World Cup exit, saying the decision was 'easy.' He wrote a farewell letter to the Tartan Army.",He called it easy,Steve Clarke stepped down as Scotland boss. He called the decision 'easy.',"Clarke leaving on his own terms is the football equivalent of handing in your notice on the same day you said you would, strange to watch someone be so organised about it.","[""Clarke said leaving was 'easy', he always planned to go if Scotland didn't make the knockouts. Does your man respect that, or does it sting?"", ""He wrote a farewell letter to Scotland fans. Is that classy or just convenient?"", ""Scotland need a new manager now. Does he think they should go big or go safe?""]"
fcd4b955-de80-48a9-b183-6f8629342188,senegal,country,news,routine,,f,2026-07-02 01:14:12.55403,,,,,f,Belgium beat Senegal 3-2 after extra time in the World Cup last 32. It was 2-2 after 90 minutes before Belgium scored in extra time to advance.,He'll be hurting,Belgium beat Senegal 3-2 after extra time. Senegal are out of the World Cup.,,"[""Senegal went out 3-2 to Belgium after extra time, they were level going into the extra period. So close."", ""The match went to extra time, which means he probably watched every single minute. How is he feeling?"", ""Who does he think Belgium will face next and can they keep going?""]"
b78137cc-afed-45bd-89dd-5ac5880b163f,spain,country,news,routine,,t,2026-07-02 01:16:31.583575,2026-07-02 01:16:34.727,0.05239041666666666667,,,f,Spain face Austria in the last 32 tomorrow. Cucurella says he 'understands' the criticism. Fabián Ruiz says: 'It's not important who plays.',He's been waiting for this,Spain face Austria in the last 32 tomorrow. Cucurella says he 'understands' the criticism.,"Spain right now is the group project where everyone hands in late but somehow the final grade is fine, and they've been here before enough times to know it always clicks.","[""Cucurella actually said he 'understands' the criticism, not many players would admit that. How does your man feel about Spain's form?"", ""Fabián Ruiz said 'it's not important who plays', sounds like Spain's squad know there's a lineup debate happening."", ""Spain play Austria tomorrow as group winners. Does he think they'll step up when it counts?""]"
77e28388-d483-4a16-ac0c-4e0b51f29812,usa,country,news,routine,,t,2026-07-02 01:18:14.91796,2026-07-02 01:18:17.781,0.04771733333333333333,,,f,"USA face Bosnia & Herzegovina in the World Cup last 32 tonight, kicking off at 1am BST. They lost their final group game 3-2 to Turkey but still advanced.",Set an alarm,USA face Bosnia in the last 32 tonight. Kicks off at 1am BST. He won't sleep.,"A midnight kickoff in a World Cup knockout game is its own kind of drama, the whole day is just an excuse to make it to the starting gun.","[""USA face Bosnia tonight at 1am, is he staying up for it or watching the replay tomorrow?"", ""They lost to Turkey 3-2 in their last group game but still made it through. Does he think they can go further?"", ""It's the knockout rounds, one bad game and they're home. How is he feeling about their chances?""]"
9b2e0f1f-bf26-4990-abe5-48cd468fa053,belgium,country,news,routine,,f,2026-07-02 08:50:17.116498,,,,,t,"Belgium came from behind to beat Senegal 3-2 after extra time. Two teammates had a row at half time, then combined for the equaliser.",Giddy for a week,Belgium beat Senegal 3-2 after extra time. They were 0-1 down at half. Wild comeback.,"Two friends who had a massive row in the group chat on the way to a hen do, then ended up carrying each other home anyway.","[""Tell him Belgium were 0-1 down at half and two teammates were literally arguing during the break. The same pair combined for the equaliser."", ""Ask him: was the VAR penalty a fair call, or did Senegal get robbed?"", ""He will probably mention Tielemans. That is the midfielder who had the row, scored the winner, and sent Belgium to the last 16.""]"
b54b468d-60a1-4821-a818-421ca50e60ad,bosnia_herzegovina,country,news,routine,,f,2026-07-02 08:50:34.138125,,,,,f,"Bosnia & Herzegovina lost 0-2 to the USA and are out of the World Cup. The USA striker Folarin Balogun scored, then got sent off in the same match.",He might need a hug,Bosnia lost 0-2 to the USA and are out of the World Cup. Hard to take.,"Finally getting the invite to the event everyone has been talking about, then getting asked to leave before the night really starts.","[""Give him a minute. Bosnia lost 0-2 to the USA and their World Cup is done."", ""Tell him the USA striker scored and got sent off in the same game. Even in their exit, Bosnia were not the main story."", ""Ask him what he thinks Bosnia can build on for the next tournament.""]"
41145566-12ac-49dd-a29d-1442dca97308,cape_verde,country,news,routine,,t,2026-07-02 08:50:52.809253,2026-07-02 08:50:55.926,0.05194578333333333333,,,f,Cape Verde face Argentina on Thursday. Sidny Lopes Cabral (Cape Verde defender) has spoken about his excitement ahead of the match.,Underdog energy,"Cape Verde play Argentina on Thursday. Their defender says he is excited, not scared.",Your mate who absolutely cannot believe she got into the Glastonbury VIP area and is going to act completely cool about it anyway.,"[""Tell him Cape Verde's players are excited, not overwhelmed, ahead of playing Argentina."", ""Ask him: what would it actually take for Cape Verde to pull off one of the great World Cup upsets?"", ""He will have watched Cape Verde in the group stage. Remind him their defender said he cannot wait for Thursday.""]"
c00ec0d4-32ec-45c2-b06a-28d549d38112,england,country,news,routine,,t,2026-07-02 08:51:13.9813,2026-07-02 08:51:17.37,0.05647833333333333333,,,t,Thomas Tuchel (England head coach) says altitude gives Mexico a huge advantage at the Azteca. England play Mexico in the World Cup last 16 on July 6.,He's been calculating,Tuchel says altitude gives Mexico a huge advantage at the Azteca. England play July 6.,Arriving at Glastonbury on day three when everyone else has been camping since Friday.,"[""Tell him Tuchel said altitude is a huge advantage for Mexico at the Azteca. Watch him spiral into research."", ""Ask him: do England have any chance, or is the altitude genuinely that much of a problem?"", ""Watch how he reacts when you mention the Azteca. It is one of the most famous football grounds in the world.""]"
58820b78-703a-4836-8512-1dd49291d3c7,france,country,news,routine,,t,2026-07-02 08:51:44.219905,2026-07-02 08:51:47.267,0.05078491666666666667,,,t,France beat Sweden 3-0 and are into the last 16. Michael Olise (France winger) has not scored yet but is already the tournament's new darling.,He's smiling at his phone,France beat Sweden 3-0. Olise has not scored yet but France are obsessed with him.,The Glastonbury headliner who has not had a viral moment yet but everyone is already obsessed with the set.,"[""Tell him France's new fan favourite has not scored yet and the internet is still completely obsessed with him."", ""Ask him: does the most exciting player at a tournament always need to score to matter?"", ""He will probably say Olise is the most elegant player at this World Cup. He might be right.""]"
04869ca2-50cb-4ac5-a0ca-9ff277b9efc7,paraguay,country,news,routine,,t,2026-07-02 08:52:19.792543,2026-07-02 08:52:22.633,0.04734095000000000000,,,t,FIFA explained why Germany's goal against Paraguay was ruled out. Coaches were warned before the tournament about exactly this type of foul.,Vindicated,FIFA explained Germany's disallowed goal vs Paraguay. Coaches were pre-warned.,Your friend who insisted the restaurant review was wrong and turned out to be the only one who had actually read it.,"[""Tell him FIFA officially confirmed the disallowed Germany goal was correct. He will have thoughts on the refereeing."", ""Ask him: did Germany have a legitimate grievance, or is FIFA right that everyone was warned?"", ""He will already know about the controversy. This is the FIFA statement that settles the argument.""]"
827160f0-eee9-49e6-9b03-087166764380,sweden,country,news,routine,,t,2026-07-02 08:52:43.91218,2026-07-02 08:52:47.022,0.05183033333333333333,,,f,"Sweden lost 3-0 to France and are out of the World Cup. Mbappé scored twice, and France went into the match calling Sweden decent opposition.",He'll be a bit gutted,Sweden lost 3-0 to France and are out of the World Cup. Mbappé scored twice.,Getting to the Bake Off semi-final and going out to the one everyone knew was going to win.,"[""He will be gutted. Tell him France are just the best team at this tournament. Sweden were decent opposition and still lost 3-0."", ""Ask him: was Sweden ever going to stop France, or was it always going to end like this?"", ""Tell him the Guardian called Sweden decent opposition. Not an embarrassing exit, just the wrong draw.""]"
7f528142-b053-417b-9edc-f41c5fb7de12,usa,country,news,routine,,f,2026-07-02 08:53:07.650254,,,,,t,"USA beat Bosnia 2-0 and are into the last 16. But striker Folarin Balogun scored and was sent off in the same match, and could miss the Belgium game on July 7.",Stories incoming,USA beat Bosnia 2-0. Balogun scored and was sent off. He might miss the Belgium game.,"Your colleague who absolutely nailed the pitch, then hit reply-all with something that should not have been sent. All in the same afternoon.","[""Tell him Balogun scored, then got sent off in the same game. He will have strong feelings about the red card."", ""Ask him: will Balogun be suspended for the Belgium match, and how much does USA need him?"", ""Watch him calculate whether USA can still beat Belgium without their striker in the starting lineup.""]"
e030372b-bde8-4b09-b03f-c901b6ac2909,cape_verde,country,news,routine,,t,2026-07-03 00:46:00.787772,2026-07-03 00:46:04.374,0.05977046666666666667,,,t,Cape Verde were given a 1% chance of reaching the last 32. Tomorrow they face Messi and Argentina. Defender Sidny Lopes Cabral says you cannot be starstruck.,He'll love this one,"Cape Verde face Messi's Argentina tomorrow. Don't be starstruck, says their defender.",That 1% Hinge match who somehow turned into six months. Cape Verde showed the app what 1% can do.,"[""Tell him Cape Verde were given a 1% chance of making the knockout stage. Tomorrow they face Messi and Argentina."", ""Their defender said if you start thinking it's Messi, you've already lost it. Tell [his name] the game plan."", ""Ask him: does he think Cape Verde can cause an upset against Argentina?""]"
7bc159ea-6485-4145-ac6c-323dc70d7787,england,country,news,routine,,t,2026-07-03 00:46:20.958828,2026-07-03 00:46:24.844,0.06475286666666666667,,,f,The UK government has changed its mind: pubs can now stay open until 5am for England's 1am World Cup clash against Mexico.,Cancel the Sunday plans,England-Mexico kicks off at 1am. Pubs can now stay open till 5am. Decide now.,That friend who swore she was going home after the main course and is now leading the 3am karaoke. Him. Tonight.,"[""Tell him pubs can now stay open till 5am for the England-Mexico game. Watch his whole Sunday rearrange itself."", ""The kickoff is at 1am UK time. Ask him if he's going to the pub or watching at home."", ""He'll already be sorting the group chat. Just make sure you know which pub.""]"
e554c8e7-63ff-4e2a-b03b-21307c3c094a,japan,country,news,routine,,f,2026-07-03 00:46:52.966663,,,,,f,"Japan winger Keito Nakamura is reportedly keen on a Premier League move this summer, after attracting interest from several clubs during this World Cup.","Japan winger, PL interest",Nakamura is reportedly keen on a Premier League move after his World Cup performances.,That group chat moment when someone has a massive night out and wakes up to three job offers. Nakamura had a World Cup instead.,"[""Japan are out but Nakamura might be heading to the Premier League. Tell [his name] - he'll have opinions on which club."", ""Ask him: which Premier League side would Nakamura suit best?"", ""Several clubs are reportedly interested but no names yet. Watch this space.""]"
a292db60-2f10-4c56-9557-f09b5cfdd136,portugal,country,news,routine,,t,2026-07-03 00:47:11.137404,2026-07-03 00:47:13.722,0.04307660000000000000,,,t,"One year after Diogo Jota's death, Portugal say they want to win the World Cup for him. They face Croatia tonight in the last 32.",He'll feel this one,"Portugal play Croatia tonight. The whole squad says they're doing it for Jota, a year on.",,"[""Portugal play Croatia tonight. Tell [his name] the whole squad says they're doing it for Jota, a year after he died."", ""Ask him if he thinks that kind of motivation changes how a team plays."", ""Watch for Portugal's reaction if they score. It might be an emotional one.""]"
92240fdd-7d87-4824-9613-3bc99b3d3da1,senegal,country,news,routine,,t,2026-07-03 00:47:29.78875,2026-07-03 00:47:33.232,0.05738750000000000000,,,f,Pape Gueye (Senegal midfielder) says he is taking a break from the national squad until the current coaching staff is replaced.,He'll have thoughts,Senegal midfielder Gueye has quit the national squad until the coaching staff is replaced.,"Rage-quitting the team project after the presentation tanks, and CCing HR on the email. Gueye's version involved cameras.","[""Tell him Senegal midfielder Gueye has walked away from the national squad until the coaching staff is replaced."", ""Ask him: is Gueye right to do this, or should he have kept quiet after an early exit?"", ""BBC called it football hell for Senegal. They lost the Afcon too. Quite a rough year.""]"
dc8871e4-2166-4555-8805-57a041dcde9f,spain,country,news,routine,,f,2026-07-03 00:48:07.930878,,,,,t,Spain beat Austria 3-0. Oyarzabal (Spain forward) scored twice as Spain cruised into the World Cup last 16. Cucurella had a goal ruled out too.,Smoothly done,Spain 3-0 Austria. Oyarzabal scored twice. They're into the last 16.,"The date where you both know by 9pm it's going somewhere, but someone questions who pays at the end. Still a great night. Spain had that energy.","[""Tell him Spain beat Austria 3-0 and are into the last 16. Oyarzabal scored twice."", ""There's a side story: Cucurella had a goal ruled out and Spain were furious. Ask him if he thinks it was right."", ""He might say Spain are the team to beat right now. See if he agrees or has another pick.""]"
b3e43611-85b8-4d70-afb1-f42075868629,usa,country,news,routine,,t,2026-07-03 00:48:50.704753,2026-07-03 00:48:53.563,0.04763745000000000000,,,f,"Malik Tillman (USA midfielder) fought for his World Cup spot. He delivered as USA beat Bosnia 2-0, and the Guardian called his game historic.",T-shirt material,USA's Tillman barely made the squad. Now the Guardian calls his Bosnia game historic.,That friend who didn't think she was getting into the club - and then ends up being the one everyone's talking about the next morning.,"[""Tell him Tillman almost didn't make the USA squad. Now the Guardian is calling his performance against Bosnia historic."", ""Ask him: which USA player has impressed him most at this World Cup?"", ""USA go into the last 16 without Balogun, who got a red card. Ask [his name] if they can still go deep.""]"
5b8003d9-2e52-4cfa-ac86-b65b00f20026,algeria,country,news,routine,,f,2026-07-03 08:38:44.808941,,,,,f,"Algeria are out. Switzerland beat them 2-0 in the Round of 32, with 20-year-old Freiburg forward Johan Manzambi pulling the strings.",Give him a minute,Algeria lost 2-0 to Switzerland in the Round of 32. They're out of the World Cup.,It's like when a Hinge match has no obvious flaws and you wonder who built them. Algeria had no answer for Switzerland's 20-year-old Manzambi.,"[""Tell him Algeria are out. Switzerland were ruthless in the second round, especially their young forward Manzambi."", ""He'll probably say Switzerland were at a completely different level today. That 20-year-old Manzambi was the difference."", ""Ask him: does he think Algeria can build something real from this generation, or does it feel like back to the drawing board?""]"
d7eb6c98-4ced-4113-8de4-7fed3e4cd96a,argentina,country,news,routine,,t,2026-07-03 08:40:09.687873,2026-07-03 08:40:12.023,0.03891878333333333333,,,f,"Argentina face Cape Verde in the World Cup Round of 32 tonight. Messi's country go again, and [his name] might want to clear the diary.",He's been waiting for this,Argentina play Cape Verde tonight in the World Cup Round of 32. It's on.,It's like when the group chat organises a pub quiz and one team has been revising for three weeks. Argentina are that team tonight.,"[""Tell him Argentina are in the Round of 32 tonight against Cape Verde. He's going to want to watch this one."", ""He'll probably have the lineup memorised already. Ask him: does he think Messi delivers in the big moments tonight?"", ""Watch how he reacts when the teams walk out. The tournament nights are when the real fan comes out.""]"
433ddca8-2562-4e0b-b88e-48344a477027,australia,country,news,routine,,t,2026-07-03 08:41:21.374195,2026-07-03 08:41:23.523,0.03581341666666666667,,,f,"Australia face Egypt in the Round of 32 today. The Socceroos are in unfamiliar territory as genuine contenders, not hopeful underdogs.",He's hoping for history,Australia vs Egypt today in Round of 32. The Socceroos genuinely fancy their chances.,"It's like being picked for a Bake Off technical when you've actually practiced the recipe. For once, Australia fancy their chances.","[""Tell him Australia have a real shot in the Round of 32 today. For once, they're not the massive underdogs."", ""He'll probably have a whole case for why they can do it. Let him run through it."", ""Ask him: has he ever seen Australia get to the last 16 of a World Cup? Today might be the day.""]"
6fc02f63-a16b-4473-9b6d-eaf4ce9967cf,austria,country,news,routine,,f,2026-07-03 08:42:41.316862,,,,,f,"Austria out 3-0 to Spain in the Round of 32. There was VAR drama, a disallowed goal, and Joe Hart calling it soft. Didn't matter in the end.",Heavy one,Austria lost 3-0 to Spain in the Round of 32. They're out of the World Cup.,It's like when someone defends you in a group chat argument but you were already done for before they jumped in. Austria got Spain's goal ruled out and still lost 3-0.,"[""Tell him Austria are out. Spain beat them 3-0 in Los Angeles, despite having a goal disallowed by VAR."", ""He'll probably want to talk about the VAR call. BBC's Joe Hart said ruling out Spain's goal for a foul on the Austrian keeper was soft."", ""Ask him: did he think Austria had enough to push Spain, or was this always going to end here?""]"
d1afc794-7fff-41d7-b6d2-739045bc413b,belgium,country,news,routine,,t,2026-07-03 08:44:02.238196,2026-07-03 08:44:04.831,0.04321340000000000000,,,f,"Belgium face USA in the World Cup last 16 on July 7. Was the Senegal comeback a golden generation's last gasp, or is there more to come?",He's going to love this,Belgium face USA in the World Cup last 16 on July 7. Golden generation's last shot.,"It's like watching an ex's Instagram when they're clearly not over it yet, and honestly? Good for them. Belgium's veterans aren't going quietly.","[""Tell him Belgium are in the World Cup last 16 against the USA on July 7. Pundits are calling it a potential final chapter for their golden generation."", ""He'll probably have strong feelings about whether these Belgian veterans have another big performance left. That comeback against Senegal was something special."", ""Ask him: does he think Belgium can actually go deep in this tournament, or is the ending already written for them?""]"
63f9b9f1-cdf0-4bfb-8ae0-59283ef329b3,brazil,country,news,routine,,t,2026-07-03 08:45:35.866929,2026-07-03 08:45:38.425,0.04263451666666666667,,,f,Brazil face Norway in the World Cup Round of 16 on July 5. They squeezed past Japan in the 96th minute and now face a genuine test.,He'll have the lineup sorted,Brazil face Norway in the World Cup Round of 16 on July 5. It's a proper test this time.,"It's like the Hinge match who barely tries and still gets the best reviews. Brazil don't always look convincing, but here they are in the last 16.","[""Tell him Brazil are in the Round of 16 against Norway on July 5. They scraped past Japan in the last minute, so he'll be thinking about whether this team can actually go deep."", ""He'll probably say Norway are a proper test. Let him talk through why, and see if he's confident or nervous."", ""Ask him: does he think this Brazil side have what it takes to win the whole thing?""]"
d8a71c06-3ba8-42bd-8e45-3deb267b0ae9,canada,country,news,routine,,t,2026-07-03 08:46:34.143709,2026-07-03 08:46:36.803,0.04432151666666666667,,,f,Canada are in the World Cup Round of 16 against Morocco tomorrow. The co-hosts are playing at home in the last 16. It's a historic moment for Canadian football.,Giddy for a week,Canada face Morocco in the World Cup last 16 tomorrow. At home. This is massive for them.,It's like throwing a house party and actually being the best person there. Canada are the hosts and they're genuinely in the last 16.,"[""Tell him Canada are in the World Cup last 16 against Morocco tomorrow. They're playing at home, which makes it even bigger."", ""He'll probably feel something about a host nation getting this far. This is what Canadian football has been building towards."", ""Ask him: does he think Canada can beat Morocco and reach the quarter-finals on home soil?""]"
e808b52c-3038-4d20-9426-2a847abfd645,colombia,country,news,routine,,t,2026-07-03 08:48:00.243906,2026-07-03 08:48:03.133,0.04815156666666666667,,,f,Colombia won their group and face Ghana tomorrow in the Round of 32. A pre-tournament loss to France may have been the spark that turned the whole campaign.,He'll have a whole theory,"Colombia won their World Cup group. They face Ghana tomorrow, dreaming of a deep run.","It's like when a brutal performance review becomes the thing that finally makes you turn it all around. Colombia got humiliated by France, then went and won their group.","[""Tell him Colombia won their World Cup group and face Ghana tomorrow in the last 32."", ""He'll probably know about the France angle. Pundits are saying that humbling defeat before the tournament may have been the turning point that shaped this run."", ""Ask him: does he think Colombia have what it takes to go deep, or is this where the dream ends?""]"
1be53405-1ce7-4bde-a6a9-7901e371bc1d,croatia,country,news,routine,,f,2026-07-03 08:49:02.048154,,,,,t,Croatia are out after a 2-1 loss to Portugal. A VAR call denied their equaliser in the final minutes. The BBC says it ends Modric's World Cup journey.,The last one.,Croatia lost 2-1 to Portugal. VAR denied their equaliser. Modric's probably done.,It's like getting to the series finale and the streaming service cuts out in the last five minutes. Croatia nearly had their equaliser. VAR took it.,"[""Tell him Croatia are out and Modric's World Cup journey is almost certainly over. The BBC says a big VAR call denied Croatia an equaliser."", ""He'll probably have feelings about the VAR decision. Croatia nearly forced extra time before the goal was ruled out."", ""Ask him: how does he rate Modric's legacy in international football? This was almost certainly the last chapter.""]"
d913209f-69f2-4ffd-b704-fbd5fb7a74d2,england,country,news,routine,,t,2026-07-03 08:50:52.982994,2026-07-03 08:50:57.656,0.07788343333333333333,,,t,"England face Mexico at the Azteca on July 6. The Guardian calls it a chance to become Azteca avengers, 40 years after the Maradona handball.",He'll have his dad on the phone,England face Mexico at the Azteca on July 6. The Maradona handball was there. He knows.,It's like finally getting a rematch with the person who wronged you at a party 40 years ago. England are going back to the Azteca.,"[""Tell him England play Mexico at the Azteca on July 6. The Guardian calls it a chance for Azteca revenge because of the 1986 Maradona handball. He'll know exactly what that means."", ""He'll probably want to explain the whole Maradona story. Let him. It'll be good."", ""Ask him: does he think this England team finally has what it takes to win a big knockout match at a major tournament?""]"
9dcae90f-798f-4b4e-a342-fd647fff06ad,france,country,news,routine,,t,2026-07-03 08:51:31.403299,2026-07-03 08:51:33.937,0.04222835000000000000,,,f,France face Paraguay in the World Cup Round of 16 tomorrow. The Guardian is calling their attack one of the best at any World Cup. Mbappé is in form.,He'll have France as favourites,France face Paraguay in the World Cup last 16 tomorrow. The favourites keep rolling.,It's like when your group chat unanimously votes the same person for Most Likely to Win without any discussion. France. Every time.,"[""Tell him France face Paraguay in the Round of 16 tomorrow. The Guardian is calling their attack one of the best at any World Cup in recent memory."", ""He'll probably have France as tournament favourites. See if he thinks anyone can stop them."", ""Ask him: if France win this World Cup, is Mbappé the best player in the world? Now's the moment to ask.""]"
15b48c95-5570-4b46-a4cf-49b00a78198f,ghana,country,news,routine,,t,2026-07-03 08:52:31.491257,2026-07-03 08:52:34.35,0.04764571666666666667,,,f,"Ghana face Colombia in the World Cup Round of 32 tonight. After getting through the group stage, it's a huge knockout match for the national side.",He'll be watching tonight,Ghana face Colombia in the World Cup Round of 32 tonight. Big match for the national team.,It's like when the underdog actually shows up to the interview and leaves the panel genuinely unsure. Ghana could cause a surprise tonight.,"[""Tell him Ghana face Colombia in the Round of 32 tonight. This is knockout football now."", ""He'll probably have thoughts on whether Ghana have what it takes to pull off an upset against Colombia."", ""Ask him: which round does he think Ghana can realistically reach in this tournament?""]"
01460dc9-dbb1-4206-b2b6-1253ae3c81f1,japan,country,news,routine,,t,2026-07-03 08:54:40.897368,2026-07-03 08:54:43.508,0.04351053333333333333,,,f,"Japan lost to Brazil in the 96th minute. Five World Cup knockout rounds, five losses. The Guardian says their toughest opponents are themselves.",Five straight times.,Japan lost to Brazil in the 96th minute. Five straight WC knockout exits. He'll feel this.,It's like getting to the finale of your favourite show five series in a row and the cliffhanger still hasn't resolved. Japan have been here five times and can't get through.,"[""Tell him Japan lost in the 96th minute against Brazil. That's five straight times they've gone out in the first knockout round of a World Cup."", ""He'll probably have a theory about Japan's pattern. The Guardian calls their toughest opponents themselves."", ""Ask him: does he think Japan can ever break through a World Cup knockout round, or is this pattern the story now?""]"
b25d7aaf-05e9-4ccc-9294-c96f0838e844,mexico,country,news,routine,,t,2026-07-03 09:01:04.805907,2026-07-03 09:01:06.852,0.03410155000000000000,,,f,Tuchel admits altitude is a 'huge' disadvantage for England as Mexico City sweeps up World Cup fever,England's gaffer is sweating it,Tuchel says altitude is a 'huge' problem. Mexico jerseys outselling everyone at this WC.,"Like showing up to someone else's house party and realising the host controls everything, including the playlist. England are walking into Mexico City on Sunday with their coach already telling them the altitude alone is a 'huge' problem.","[""England's manager handed Mexico a psychological edge before Sunday even starts."", ""Tuchel said Declan Rice came off their last match in terrible pain, so England are not even fully fit going in."", ""Mexico jerseys are outselling every other team's shirt at this tournament, which says everything about the vibe.""]"
f095fee8-da99-4547-9954-a00ddef68573,paraguay,country,news,routine,,t,2026-07-03 09:06:36.093118,2026-07-03 09:06:38.536,0.04071470000000000000,,,f,Paraguay face France in the last 16 today after their stunning penalties win over Germany,No fear after beating Germany,Paraguay beat Germany on penalties and today they face France in the last 16.,"It is like the school play where the kid nobody expected to even get a part ends up stealing the show. Paraguay are that kid, and tonight they get France.","[""Ask him if he actually thinks Paraguay can do it again today against France."", ""Their win over Germany was compared to Ireland beating Italy in 1994 and Norway beating Brazil in 1998. That is serious company to be in."", ""Nobody predicted Paraguay would still be in this tournament at the last 16 stage.""]"
a0521824-d74b-4a6c-aee7-94d854d0b002,portugal,country,news,routine,,f,2026-07-03 09:06:56.363431,,,,,t,"Portugal beat Croatia 2-1 in a dramatic last-32 game, with Ramos heading in a stoppage-time winner",Ronaldo's still dancing,"Portugal beat Croatia 2-1. Ramos in stoppage time, Ronaldo from the spot. Spain next.","Like a film that fakes you out three times before the ending lands. Croatia thought they had levelled right at the end, VAR took it away, and Portugal walked off winners.","[""Portugal needed a stoppage-time winner to get past Croatia, who had a goal ruled out by VAR right at the death."", ""Ronaldo scored from the spot to level it, then watched from the bench as Ramos got the winner in injury time."", ""Ask him if he thinks Portugal can win the whole thing from here, because this squad looks serious.""]"
5dc4b9d9-1f6a-45f2-bcfb-e47b393b37d2,spain,country,news,routine,,f,2026-07-03 09:10:13.042895,,,,,t,"Spain swept past Austria 3-0 with Oyarzabal scoring twice, and now comes the Iberian derby against Portugal",Oyarzabal is the one.,"Spain beat Austria 3-0, Oyarzabal scored twice. Portugal in the Iberian derby on July 6.","It is like when the quiet kid in a group project ends up doing all the work and nobody saw it coming. Oyarzabal is not the flashy name in Spain's squad, but he keeps delivering.","[""Spain won 3-0 against Austria but it could have been four, with Cucurella having a goal ruled out as well."", ""Oyarzabal has been described as Spain's 'under-the-radar hero' at this tournament. Not the biggest name, but the best performer."", ""Ask him who he thinks wins when Spain meet Portugal on Sunday in the last 16.""]"
c64f9774-bba0-458c-989f-e7fcae9ea496,switzerland,country,news,routine,,f,2026-07-03 09:10:24.643479,,,,,f,"Switzerland into the last 16 after Johan Manzambi dazzled against Algeria, with Newcastle United reportedly chasing his signature",Their 20-year-old is electric,"Switzerland beat Algeria 2-0. Newcastle want Manzambi, their 20-year-old dazzling here.","Like when a quiet support actor completely steals the film and suddenly everyone is talking about them. Manzambi was the support act, now he is the story.","[""Switzerland won 2-0 against Algeria and are in the last 16, but the real story is Manzambi, who is apparently attracting serious Premier League interest."", ""Newcastle United are reportedly working hard to sign him after what he has shown at this tournament."", ""Ask him if he thinks Manzambi is the best young player at this World Cup so far.""]"
aa447c34-db44-4ae3-99f3-cf1d0c19f8f2,algeria,country,news,routine,,f,2026-07-04 00:38:42.610131,,,,,t,Riyad Mahrez (Algeria captain) has announced his retirement from international football after Algeria's 2-0 World Cup exit to Switzerland.,End of an era,Mahrez has retired from international duty after Algeria's 2-0 World Cup exit.,"It's like posting on your Instagram story that you're single the morning after everyone saw you crying at a party. Everyone already knew, but the announcement still lands differently.","[""Tell [his name] Mahrez just retired from international football. He'll have a lot to say about this one."", ""Ask him: was this the right way for Mahrez to go out as Algeria captain?"", ""He's probably already been processing the 2-0 exit. The retirement news on top makes it feel like a proper ending, not just a loss.""]"
c979abb5-f012-4f94-8a95-0e27a233bd45,argentina,country,news,routine,,t,2026-07-04 00:40:16.588585,2026-07-04 00:40:19.022,0.04055691666666666667,,,t,"Tonight, Messi (Argentina captain) plays his 30th World Cup match against Cape Verde, breaking his own record for the most by any man in history.",T-shirt material,"Messi plays his 30th World Cup match vs Cape Verde, more than any man in history.",It's like a friend who's made their 30th trip to Glastonbury and still queues for the gates like it's their first. Records don't matter when you love it this much.,"[""Tell [his name] Messi just played his 30th World Cup match, more than any other man ever. He'll want to confirm it."", ""Ask him: which of Messi's World Cup games does he rate as the single best?"", ""He'll probably get a bit emotional about it. Messi at a World Cup, decade after decade, still the biggest name on the pitch.""]"
92ee076d-bea7-4a2b-9697-52712dd4a4ed,australia,country,news,routine,,f,2026-07-04 00:41:23.744014,,,,,f,Australia drew 1-1 with Egypt and then lost 4-2 on penalties in Dallas. The Socceroos are out of the World Cup in the round of 32.,Give him a minute,Australia lost 4-2 on penalties to Egypt after a 1-1 draw. The Socceroos are out.,Like making it to the last few episodes of Love Island and then the public vote catches you out at the final moment. You were doing everything right.,"[""Tell [his name] Australia are out, knocked out by Egypt on penalties after a 1-1 draw. He'll be quiet for a bit."", ""Ask him: does the penalty shootout feel like a fair way to end a tournament run?"", ""He's been following the Socceroos as genuine contenders this tournament. A penalty exit stings more than a regular loss.""]"
ba53b2c6-bb08-4a30-853d-97a15ba8939f,brazil,country,news,routine,,t,2026-07-04 00:43:45.750017,2026-07-04 00:43:48.099,0.03914971666666666667,,,t,"Brazil manager Carlo Ancelotti fired back at online doubters, saying only Sir Alex Ferguson (former Manchester United boss) is more qualified.",He'll take Ancelotti's side,Ancelotti told doubters only Sir Alex is more qualified. Brazil's boss isn't worried.,"Like that friend who responds to a group chat dragging her new haircut by posting the original salon screenshot, the before-and-after, and the Instagram reel. Receipts only.","[""Tell [his name] Ancelotti basically said 'only Sir Alex Ferguson is more qualified than me.' He'll have a strong take on this."", ""Ask him: does he think Ancelotti is the right fit for Brazil going into the knockouts?"", ""He's probably already been wondering if Brazil can go all the way. Ancelotti clearly believes he can get them there.""]"
4cb75a9a-c779-4746-b0f6-56300ce74a92,egypt,country,news,routine,,f,2026-07-04 00:46:27.031473,,,,,t,"Egypt beat Australia 4-2 on penalties after a 1-1 draw in Dallas. It's Egypt's first ever win in a World Cup knockout match, and Salah did a Panenka.",Stories incoming,Egypt beat Australia 4-2 on penalties. First ever WC knockout win. Salah Panenka'd.,"Like the quiet friend at the party who nobody expected to win the group game, then steps up and chips the penalty with a smile. First time she's done it. Won't be the last.","[""Tell [his name] Salah did a Panenka in the penalty shootout. Apparently it was a last-minute call. He'll have thoughts."", ""Ask him: is a Panenka in a World Cup shootout the coolest thing you can do in football?"", ""He's probably been watching today's games. Egypt's first ever knockout win is a big deal. Worth bringing up.""]"
12348106-bd47-4950-ba8b-f451384e32e6,england,country,news,routine,,t,2026-07-04 00:47:13.327866,2026-07-04 00:47:16.203,0.04791890000000000000,,,t,"England's match against Mexico on Sunday is likely to have its kickoff time moved six hours earlier because of the risk of flooding, sources say.",Plans might change,England vs Mexico Sunday could kick off 6 hours earlier. Flooding risk in Mexico City.,"Like finding out the bottomless brunch you booked actually starts three hours before you planned. Same occasion, very different timeline.","[""Tell [his name] the England kickoff might move six hours earlier on Sunday because of flooding. He'll want to check the updated time."", ""Ask him: does a weather delay feel like it could throw England's preparation off?"", ""He's probably already planned his Sunday around the match. Give him the heads-up so he can adjust.""]"
a0f99b43-cfa9-4be3-a53e-8bc9ebe9b0fc,germany,country,news,routine,,f,2026-07-04 00:47:42.984597,,,,,t,Nagelsmann is out as Germany head coach after their World Cup exit. Germany are in talks with Jurgen Klopp (former Liverpool boss) about the role.,He'll have opinions,Nagelsmann is out as Germany boss. They're in talks with Klopp to replace him.,"It's like your company replacing the CEO who just had a rough quarter by immediately calling the most famous person to ever do the job. Bold move. Transparent, at least.","[""Tell [his name] Germany have confirmed Nagelsmann is out and they're talking to Klopp. He'll have a strong take on whether Klopp should take it."", ""Ask him: does he think Klopp would actually want to manage Germany right now?"", ""He's been following the Nagelsmann saga. This feels like the chapter he's been waiting for.""]"
e6a2a8c9-74c0-4c27-a224-766a64fba24f,norway,country,news,routine,,t,2026-07-04 00:49:58.09078,2026-07-04 00:49:59.977,0.03143700000000000000,,,t,Norway face Brazil in the World Cup last 16 on Sunday. They beat them 2-1 at the 1998 World Cup. The Guardian say the timing couldn't be better.,Giddy for a week,Norway face Brazil in the last 16 on Sunday. They beat them in 1998. This is their moment.,It's like running into your most iconic ex at the reunion you've both been building toward for years. Everyone knows this moment has been coming.,"[""Tell [his name] Norway face Brazil on Sunday and that they actually beat them at the 1998 World Cup. He'll be very interested in this."", ""Ask him: does he think Norway can pull it off against Brazil again?"", ""He's been watching Norway's run. This is the matchup that makes it feel like a real tournament for them.""]"
81360644-03da-40ab-abcb-f5c39e82e26a,mexico,country,news,routine,,t,2026-07-04 00:50:13.995438,2026-07-04 00:50:16.263,0.03779270000000000000,,,f,"Mexico vs England on Sunday at the Azteca is likely to be moved six hours earlier due to the risk of flooding, sources say.",Schedule update,Mexico vs England Sunday may kick off 6 hours earlier. Flooding risk at the Azteca.,"Like your outdoor wedding venue texting the morning of to say they're moving everything inside because of the forecast. Same day, very different plan.","[""Tell [his name] the Mexico kickoff might move six hours earlier on Sunday because of flooding risk. He'll want to know."", ""He's probably already planned Sunday around this game. Give him the heads-up so he can adjust."", ""Ask him: does weather disruption feel like it could affect Mexico's preparation at their home stadium?""]"
cbf8b6fd-9768-422d-b3c5-bc562578010b,paraguay,country,news,routine,,t,2026-07-04 00:55:29.291248,2026-07-04 00:55:31.432,0.03567920000000000000,,,t,"Paraguay beat Germany 4-3 on penalties to end 50 years of shootout dominance, now France await in the last 16",Germany's kryptonite,Paraguay beat Germany 4-3 on pens. The streak started before your parents were born.,"Like watching the friend who never loses at Mario Kart finally meet their match, Germany had won six consecutive major-tournament penalty shootouts. Paraguay just sent them home.","[""Paraguay hadn't beaten Germany before this tournament, now they've ended a 50-year penalty shootout streak and are in the last 16."", ""France is next on Saturday evening, could be one to watch together if he's up for it."", ""Ask him if he thinks Paraguay can pull off another one against France.""]"
cd2a94cd-b80a-4058-b609-c9a100d05d3a,portugal,country,news,routine,,t,2026-07-04 00:55:49.861577,2026-07-04 00:55:51.99,0.03547371666666666667,,,t,"Ronaldo scores, Ramos seals it: Portugal beat Croatia 2-1 with four goals ruled out to set up last 16 clash with Spain",Ronaldo's not done yet,Portugal beat Croatia 2-1 in Toronto. Four goals ruled out. Spain next in the last 16.,"Like the series that keeps getting renewed when everyone's convinced it's on its last season, Ronaldo scored, played his part, and it's Spain next. The finale gets bigger every round.","[""Portugal beat Croatia 2-1 with Ronaldo scoring and four goals ruled offside, has he seen the highlights yet?"", ""Portugal paid tribute to Diogo Jota after the win, one year since he died. That moment got a lot of attention."", ""Ask him who he thinks wins on Monday, Spain vs Portugal is going to be something.""]"
2c793d99-54cb-4e08-8244-45c5b0fce2fb,senegal,country,news,routine,,t,2026-07-04 00:58:41.262852,2026-07-04 00:58:43.99,0.04545246666666666667,,,f,"Senegal led Belgium at half-time but lost 3-2 after extra time, heartbreak echoing their Africa Cup of Nations exit","Led at half-time, gone",Senegal led at half-time. Lost 3-2 in extra time. The Guardian called it football hell.,"Like planning a weekend trip months in advance and watching it get cancelled at the last minute, Senegal had the lead, had the half-time break, and still ended up going home.","[""Senegal led Belgium at half-time and still went out 3-2 after extra time, one to bring up gently."", ""Apparently it echoed their Africa Cup of Nations final loss earlier this year. He might still be sore about both."", ""Ask him if he watched it live or checked the score and immediately regretted it.""]"
7ef138b3-e97f-4526-be8c-7bedca982a3f,switzerland,country,news,routine,,t,2026-07-04 01:01:04.258084,2026-07-04 01:01:06.641,0.03971526666666666667,,,f,Switzerland reach the World Cup last 16 for the first time since 1938 after a 2-0 win over Algeria,88 years in the making,Switzerland beat Algeria 2-0. Last knockout win at the World Cup? 1938.,"Like finally finishing a book that's been on the bedside table since forever, Switzerland hadn't won a World Cup knockout game since 1938. That's longer than your boyfriend has been alive, and then some.","[""Switzerland beat Algeria 2-0 today and are in the last 16 for the first time since they won a knockout game at the World Cup in 1938."", ""The 20-year-old who set up the first goal, Johan Manzambi from Freiburg, is apparently being chased by Newcastle."", ""Ask him if he knew Switzerland had gone 88 years without a World Cup knockout win.""]"
3dbd7ce6-4716-48e7-9331-415c163746e3,spain,country,news,routine,,t,2026-07-04 01:01:09.273558,2026-07-04 01:01:11.19,0.03194070000000000000,,,f,"Oyarzabal double and Porro strike as Spain beat Austria 3-0 to cruise into the last 16, Portugal await Monday",Spain are Spain again,"Spain beat Austria 3-0. Oyarzabal got two, Porro the third. Four clean sheets now.","Like running into an ex at a party and they look better than ever, Spain were a bit patchy in the group stage but beat Austria 3-0 and the Guardian said they were 'Spain again'. Portugal on Monday.","[""Spain beat Austria 3-0 on Thursday, Oyarzabal got two goals and they now have four clean sheets in a row."", ""Their coach called it 'almost perfect'. Next up is Portugal in the Iberian derby on Monday."", ""Ask him if he thinks Spain or Portugal win on Monday, that one could go either way.""]"
5655fdf6-600b-4232-ae2a-3855cfdcdc66,usa,country,news,routine,,t,2026-07-04 01:03:21.231308,2026-07-04 01:03:23.003,0.02952820000000000000,,,t,"Balogun scored and got sent off against Bosnia, now the USA face Belgium without their star striker","Goal, red card, suspended","Balogun scored for the USA against Bosnia but got sent off. Belgium next, without him.","Like having your best day at work and then spilling coffee on your boss right before you leave, Balogun scored, was one of the USA's best players, then got himself sent off in the same game.","[""Balogun scored for the USA against Bosnia and then got sent off in the same game, he won't be there for Belgium."", ""He said a yellow card would have been fair and the ban won't be increased. He called it an emotional rollercoaster, on his 25th birthday too."", ""Ask him if he thinks the USA can beat Belgium without their star striker.""]"
41107d92-60b9-4f8f-a7cb-fb8611b20eee,belgium,country,news,routine,,t,2026-07-04 01:05:03.286428,2026-07-04 01:05:05.87,0.04305953333333333333,,,f,"Belgium come from 1-0 down at half-time to beat Senegal 3-2 after extra time, USA await in the last 16",Belgium's comeback kings,Belgium trailed Senegal 1-0 at half-time. Won 3-2 after extra time. USA next on Monday.,"Like turning up to a group activity convinced it's going to be a disaster and leaving as the one who saved the whole evening, Belgium were a goal down at half-time and somehow ended up winning 3-2.","[""Belgium came back from 1-0 down at half-time to beat Senegal 3-2 after extra time, he might already know about this if he follows Senegal."", ""They face the USA in the last 16 on Monday, and the USA's star striker Balogun is suspended."", ""Ask him if he thinks Belgium can beat the USA on home turf.""]"
92da9c01-2e58-4570-b186-adcee13e595c,france,country,news,routine,,t,2026-07-04 01:06:58.562527,2026-07-04 01:07:00.932,0.03949121666666666667,,,t,"Mbappe ran to hug Deschamps after he lost his mother, now France face Paraguay in the last 16 as tournament favourites",The hug that said everything,France's manager lost his mum mid-tournament. Mbappe sprinted to hug him. Paraguay next.,"Like when the group chat somehow knows exactly what someone needs without them saying anything, Mbappe read the room, ran to Deschamps after the goal, and France are now being called the best team in the tournament.","[""France's manager Deschamps stepped away mid-tournament after losing his mother, and when France scored against Sweden, Mbappe ran straight to hug him."", ""France are being called the tournament favourites, their front four of Mbappe, Olise, Dembele and Barcola is apparently the best in the competition."", ""Ask him if he thinks any team can stop France this tournament.""]"
cbae732f-a538-48ce-8a11-8f9e215cb958,morocco,country,news,routine,,t,2026-07-04 01:10:05.724646,2026-07-04 01:10:08.618,0.04822256666666666667,,,f,"Morocco beat the Netherlands 3-2 on penalties to reach the World Cup last 16, Canada await tomorrow","Pens win, last 16 bound",Morocco beat the Netherlands 3-2 on pens after a 1-1 draw. Canada next tomorrow.,,"[""Morocco beat the Netherlands on penalties, 3-2 in the shootout after a 1-1 draw. They are in the last 16."", ""Canada are next on Saturday afternoon, playing in front of a home crowd."", ""Ask him if he thinks Morocco can go further, they have already beaten a tournament heavyweight.""]"
317bb4bf-1f66-442e-b482-a0c296d87a4b,colombia,country,news,routine,,t,2026-07-04 01:11:10.156215,2026-07-04 01:11:12.76,0.04339641666666666667,,,f,"Colombia won their group and face Ghana tonight in the Round of 32, dreaming of a deep run","They won the group, now Ghana",Colombia won their group. They face Ghana tonight in the R32. A deep run is the target.,,"[""Colombia won their World Cup group and face Ghana tonight in the Round of 32, kick-off is late, around 01:30 UTC."", ""Reports from Friday say Colombia are dreaming of a deep run, with their form possibly sparked by a big loss to France before the tournament."", ""Ask him what he thinks Colombia need to do to get past Ghana tonight.""]"
3a213548-ce98-4430-bbda-c6daf0aa0633,argentina,country,news,routine,,f,2026-07-04 08:40:12.474717,,,,,t,Argentina survived. Cape Verde pushed them to extra time before Romero's deflected header settled it 3-2. Messi said they have many things to correct.,He needs a minute,Argentina beat Cape Verde 3-2 after extra time. Proper scare. Egypt next on Tuesday.,Like your Hinge match showing up 40 minutes late looking a bit sweaty and somehow you still stay till close. Technically a win.,"[""Tell him Argentina scraped through 3-2 after extra time. Cape Verde nearly did something enormous."", ""Ask him: if Argentina are this shaky, can they actually win the whole tournament?"", ""He will probably already have thoughts on Egypt. Worth asking if he fancies their chances.""]"
cd82b3ee-97cc-4b53-b834-a7552a5171eb,cape_verde,country,news,routine,,f,2026-07-04 08:44:12.959799,,,,,t,Cape Verde out after losing 3-2 to Argentina in extra time. They equalised twice. The BBC called them the underdogs nobody will forget.,Beautiful exit,Cape Verde lost 3-2 to Argentina in extra time. They equalised twice. Instant classic.,"It's like the opening act at a Sabrina Carpenter show going viral while the headliner trended for the wrong reasons. They didn't win, but they won the night.","[""Tell him Cape Verde are out. He probably had no idea a nation of half a million people could push Argentina this hard."", ""Ask him: was that the best match of the tournament so far?"", ""The BBC called them the underdogs nobody will forget. See if he agrees.""]"
e9edd4c3-5859-4c05-adb4-8c65813d169a,colombia,country,news,routine,,f,2026-07-04 08:47:43.728905,,,,,f,Colombia beat Ghana 1-0 in Kansas City and are into the World Cup last 16. Jhon Arias (Colombia winger) scored the only goal. Switzerland await on Tuesday.,They made it,Colombia beat Ghana 1-0. Jhon Arias scored. Switzerland next on Tuesday.,It's like being the last one to reply to the group chat and still arriving first to the restaurant. Colombia were the final team to book their last-16 spot.,"[""Tell him Colombia are through. They were the last team to book their spot in the World Cup last 16."", ""Ask him: does he fancy Colombia to go deep against Switzerland on Tuesday?"", ""Jhon Arias scored the only goal. He might want to look him up if he doesn't already know him.""]"
a603b29f-cd50-47e3-ad12-8a04cbe0649b,ghana,country,news,routine,,f,2026-07-04 08:48:47.93496,,,,,f,Ghana are out. Colombia beat them 1-0 in Kansas City. The Guardian noted it happened a day after the anniversary of Ghana's most painful World Cup moment.,Gutted for Ghana,Ghana lost 1-0 to Colombia and are out. Some fans made extraordinary journeys to be there.,"It's like arriving late to a gig after the journey from hell, and the support act doesn't even come on. Ghana's fans travelled far for this.","[""Tell him Ghana are out, and a group of fans apparently made incredible journeys just to be there for them."", ""He might have a soft spot for Ghana. Ask him if he does."", ""The Guardian called it a painful exit. Colombia were solid but Ghana had their chances.""]"
ee4e4c27-15b9-45f1-8b1e-1701e51e2ca5,england,country,news,routine,,t,2026-07-04 08:50:10.742998,2026-07-04 08:50:13.3,0.04261670000000000000,,,t,England vs Mexico is still 1am BST Monday. Five hours of FIFA chaos ended in a U-turn. Declan Rice (England midfielder) is likely to start despite injury.,Crisis averted,England vs Mexico is still 1am Monday after FIFA U-turn. Rice likely fit.,"It's like work announcing the all-hands is moving to Thursday, everyone rearranges their week, then Slack lights up with 'actually it's still Wednesday.' Five hours of that.","[""Tell him the 1am kickoff is confirmed. FIFA announced a possible change, then reversed it in the same evening."", ""Ask him how big a deal it is that Declan Rice looks likely to play."", ""He's probably set three alarms already. Double-check he's not still in chaos mode.""]"
531d71b8-58dd-4e5e-a988-9765b52d78ae,argentina,country,news,routine,,t,2026-07-05 00:46:41.419098,2026-07-05 00:46:43.225,0.03009836666666666667,,,f,"Messi (Argentina captain) said after the Cape Verde scare that Argentina have ""many things to correct."" They face Egypt in the last 16 on Monday.",He will want to weigh in,"Messi: Argentina have ""many things to correct"" after Cape Verde. Egypt on Monday.","It's like walking out of a university exam and telling your mates you know you misread question three. You still passed. The grade's in the post, but Messi knows.","[""Tell [his name] Messi came out and said the team was a mess against Cape Verde. That should get him started."", ""He will probably list exactly what went wrong, the defending, the subs, the collapse in extra time."", ""Ask him: if Argentina keep playing like this, who do you think could actually knock them out?""]"
f08c4113-2aa2-4580-a2c5-54e9c659abcf,canada,country,news,routine,,f,2026-07-05 00:47:01.700567,,,,,t,"Canada are out. They lost 3-0 to Morocco in Houston, becoming the first co-host knocked out of the 2026 World Cup. Alphonso Davies did not play.",The hosts go home,Canada lost 3-0 to Morocco and are out. First co-host eliminated. Davies did not play.,It's like organising the hen do and being the first one to need a taxi home.,"[""Tell [his name] Canada just went out 3-0 at home. First co-host eliminated. He will have thoughts."", ""He will probably bring up Davies, their best player did not even play a minute."", ""Ask him: do you think Morocco can actually win this tournament?""]"
736cad37-faa0-4664-93e4-1b174f1eb9dd,cape_verde,country,news,routine,,t,2026-07-05 00:47:46.292524,2026-07-05 00:47:48.519,0.03710793333333333333,,,t,Cape Verde leave as the underdogs the World Cup will never forget. BBC Sport: they left the largest impact despite being the second-smallest nation here.,The goodbye worth reading,BBC: Cape Verde are the underdogs the World Cup will never forget. The tributes are in.,It's like the mate who barely made the hen do guest list and ended up giving the speech that made everyone cry.,"[""Tell [his name] the tributes for Cape Verde are flooding in. The BBC called them the underdogs the tournament will never forget."", ""He will probably say they were genuinely the best story of the group stage."", ""Ask him: could any of the Cape Verde players end up at a big club after this?""]"
5239a05b-94c2-4a4b-b8a0-9102a295898d,england,country,news,routine,,t,2026-07-05 00:48:03.016968,2026-07-05 00:48:06.098,0.05135053333333333333,,,f,Reece James (England defender) missed training on the eve of the Mexico game and is a doubt for Monday. Jarell Quansah is fit again.,Squad update before Mexico,"James missed training and is a doubt for England vs Mexico, 1am Monday. Quansah is back.",It's like your hairdresser texting '15 minutes late' the morning of the wedding. Everything's still fine. But not ideal.,"[""He's been tracking the England squad all week. Tell him James is a doubt and see what he thinks about the lineup."", ""Tell him Quansah is fit again, that should settle him a bit, at least on the defensive cover."", ""Ask him: does it matter whether James plays or not against Mexico at altitude?""]"
7289ef07-5c3e-4808-a735-186669f947be,germany,country,news,routine,,t,2026-07-05 00:48:24.216743,2026-07-05 00:48:26.593,0.03960428333333333333,,,t,Jurgen Klopp (former Liverpool manager) has confirmed he is in talks to become Germany head coach. He says he is more than recharged and ready.,He will have opinions,"Klopp says he is in talks for the Germany job. ""I am more than recharged, I am ready.""","Imagine your best boss ever left, things fell apart without them, and they just texted: I am rested. I am ready. Let's talk.","[""Tell [his name] Klopp is in talks for the Germany job. That should get a reaction."", ""He will probably go straight into whether Klopp suits international management or if he's more of a club manager."", ""Ask him: do you think Klopp is the right person to rebuild Germany after the World Cup exit?""]"
1bdce95e-5ee7-44d2-8661-4f14bc5aeb6b,mexico,country,news,routine,,t,2026-07-05 00:48:50.845834,2026-07-05 00:48:52.509,0.02771943333333333333,,,f,"Mexico's players have promised ""the best game of our lives"" against England on Monday night at the Azteca. They believe the crowd can help them make history.",Mexico's players are fired up,"Mexico vowed ""the best game of our lives"" vs England on Monday at the Azteca.",It's like your mate texting the group chat 'this is going to be the best night of our lives' before the birthday she's been planning all year. The confidence is the vibe.,"[""Tell [his name] Mexico's players promised the best game of their lives against England. That sets the stakes."", ""He will probably explain the Azteca's history and why that crowd matters for England."", ""Ask him: altitude, 1am kickoff, a fired-up crowd, which is the biggest problem for England on Monday?""]"
10a6ee13-3d4c-4639-9f8b-ad00aff3bebb,morocco,country,news,routine,,f,2026-07-05 00:49:21.314583,,,,,t,"Morocco are into the World Cup quarter-finals. They beat Canada 3-0, Ounahi scored twice, Rahimi got the third. First team into the last 8.",Phone-his-dad moment,Morocco beat Canada 3-0 and are the first team into the World Cup quarter-finals.,"It's like being first in the Glastonbury lineup queue. While everyone else is still driving, you're already in.","[""Tell [his name] Morocco are into the quarter-finals, the first team there, with a 3-0 win over Canada."", ""He will probably talk about Ounahi, two goals, man of the match. He's been brilliant this tournament."", ""Ask him: can Morocco go all the way this time?""]"
a38a8cdd-662a-4afe-a782-7daeb7b37402,norway,country,news,routine,,t,2026-07-05 00:49:53.417848,2026-07-05 00:49:55.542,0.03540253333333333333,,,f,"Brazil's Ancelotti says he won't build an ""anti Haaland plan"" for tonight's last-16 tie. Norway's coach called facing him a ""great honour.""",No anti-Haaland plan,Ancelotti says Brazil have no specific plan to stop Haaland tonight. Norway's ready.,It's like Hinge advising you to 'just be yourself' against someone clearly out of your league. That's the plan. That's it.,"[""Tell [his name] Brazil are publicly saying they have no specific plan to stop Haaland. Watch him decide if Ancelotti is bluffing."", ""He will probably debate whether 'no anti-Haaland plan' is a tactical move or genuine confidence."", ""Ask him: can Haaland and Norway actually knock Brazil out tonight?""]"
5f2ecd40-9c7a-4728-bb9c-84a7f2838acd,scotland,country,news,routine,,f,2026-07-05 00:50:25.484064,,,,,f,"Bobby Williamson (former Hibernian manager) has put himself forward for the Scotland job, with a dream staff including Ally McCoist and Scott Brown.",Scotland job watch,Williamson wants the Scotland job with McCoist on staff. Nothing confirmed yet.,It's like a LinkedIn post saying 'open to opportunities' specifically tagging one company. The confidence is either bold or delusional.,"[""Tell [his name] Bobby Williamson is pitching to be Scotland manager with McCoist on staff. He'll have a take on whether that's serious."", ""He will probably rank the candidates and explain why this one works or doesn't."", ""Ask him: who would be his ideal Scotland manager right now?""]"
406970e3-f71d-40c2-b622-1d9c46ca76a8,belgium,country,news,routine,,t,2026-07-05 08:45:30.206643,2026-07-05 08:45:33.372,0.05275595000000000000,,,f,"Belgium say they will need courage to deal with a raucous, pro-US crowd in Seattle when they face the USA in the World Cup last 16 on Monday.",He'll have opinions,Belgium face the USA in Seattle on Monday. They'll need courage for the home crowd.,"It's like showing up to your ex's party, his mate's throwing it, the whole room knows you and him, and you've got to walk in like you own the place.","[""Tell him Belgium are walking into a lion's den in Seattle. He'll have a full breakdown ready."", ""He'll be weighing up every Belgium player and whether they can handle the pressure. Ask him who he fancies."", ""Ask him: does the crowd actually affect elite players or is that a myth?""]"
5c76272b-a227-4ff9-9136-0fc8e3a49c0e,france,country,news,routine,,f,2026-07-05 08:46:05.461661,,,,,t,France beat Paraguay 1-0 and are into the World Cup quarter-finals. Mbappe (France striker) scored his seventh goal of the tournament from the penalty spot.,Giddy for a week,France beat Paraguay 1-0. Mbappe's seventh goal. They're in the quarter-finals.,"It's like your ex sliding into your DMs on your birthday just to cause chaos, and you leaving them on read and heading to dinner anyway.","[""Tell him Mbappe's got seven goals now. He'll have a number in his head for how many the final takes."", ""He'll be fascinated by how France had to play ugly tonight. Paraguay tried everything to unsettle them."", ""Ask him: who actually stops France in this tournament?""]"
17f453e6-3249-4aac-9a28-3a366f6f9837,norway,country,news,routine,,t,2026-07-05 08:46:27.162842,2026-07-05 08:46:29.359,0.03660263333333333333,,,f,Norway face Brazil tonight in the World Cup last 16. They have waited 28 years for this moment. A win tonight would be their first ever quarter-final.,He's been waiting years,"Norway face Brazil tonight. 28 years to get back here, a quarter-final within reach.",It's like finally getting the Glastonbury ticket you've been trying for since you were 18. The lineup doesn't matter at this point. You're in.,"[""Tell him Norway haven't been at a World Cup in 28 years. Tonight they can reach the quarter-finals for the first time ever."", ""He's probably been thinking about this match all week. A Haaland World Cup run is something nobody has seen before."", ""Ask him: can Haaland (Norway's striker) actually turn this into a deep run?""]"
0f052429-3882-4237-9bd7-f63880a5475c,paraguay,country,news,routine,,f,2026-07-05 08:46:42.412788,,,,,f,Paraguay are out. They lost 0-1 to France in the last 16. BBC pundits said their tactics were 'disgusting' and they went 'way too far.',He'll be conflicted,"Paraguay out, lost 0-1 to France. They played rough, pundits called it 'disgusting.'","Like when someone spends the whole night being deliberately annoying at a party and everyone clocks it, but they still get asked to leave at the end anyway.","[""Tell him Paraguay are out. He'll have strong feelings about how they played."", ""He's probably already forming an opinion on whether the rough stuff was brave tactics or just too much."", ""Ask him: was Paraguay right to try that approach, or did they go too far?""]"
5c9709c5-5602-4f1c-944d-7ecdc9157f8e,brazil,country,news,routine,,f,2026-07-06 00:43:30.960029,,,,,t,"Brazil are out. Haaland (Norway striker) scored twice as Norway won 2-1, condemning Brazil to their earliest World Cup exit since 1990.",He'll need a minute,Norway knocked Brazil out 2-1. Haaland scored twice. Brazil's earliest exit since 1990.,"It's like the group chat adding someone completely random to the hen do and they turn out to be the highlight of the trip. Norway weren't on anyone's shortlist, and now they're in the quarters.","[""Tell him Brazil are out. Norway beat them 2-1, Haaland scored twice. Then step back."", ""Ask him: did he think Norway had this in them, or was everyone sleeping on Haaland all along?"", ""Did you know this is Brazil's earliest World Cup exit since 1990? That's how big tonight was.""]"
df4760ac-bebc-4186-8a84-ca2bf9fe7e8e,england,country,news,routine,,t,2026-07-06 00:46:04.387315,2026-07-06 00:46:08.15,0.06271141666666666667,,,t,Lightning storm at the Azteca before England v Mexico tonight. Fans have been told to shelter in their seats.,He's going to pace the room,Lightning storm at the Azteca before England v Mexico. Fans told to stay put.,"It's like the group chat going off mid-wedding because someone spotted a fire alarm. The biggest night of England's World Cup, and nature's decided to crash it.","[""Tell him there's a lightning storm at the Azteca right now. They're telling fans to stay in their seats before kick-off."", ""Ask him if England have ever had a World Cup tie with this much chaos before a ball is kicked."", ""He'll have something to say about playing in Mexico City at altitude in a storm. Let him warm up.""]"
66655a65-1b9f-40ce-b01b-bb66923ec124,england,country,news,routine,,t,2026-07-06 00:46:19.441403,2026-07-06 00:46:21.503,0.03435995000000000000,,,f,Mexico fans let off fireworks outside England's hotel last night to mess with their sleep. England players say it had little to no impact.,He'll have opinions,Mexico fans lit fireworks outside England's hotel. The players say they barely noticed.,It's like someone ringing your mate's doorbell all night before her big job interview. She turned up fresh and said she barely noticed.,"[""Tell him Mexico fans lit fireworks outside England's hotel last night to mess with their sleep. England say it barely touched them."", ""He'll probably say this is exactly what happens when you play at the Azteca. Let him tell you the history."", ""Ask him: does he think the atmosphere tonight will get under England's skin?""]"
24d78826-ed01-481f-9598-729759753731,mexico,country,news,routine,,t,2026-07-06 00:48:49.591342,2026-07-06 00:48:51.631,0.03399430000000000000,,,f,Mexico returned luxury watches gifted by a content creator before tonight's England game. Fifa rules ban expensive gifts to players.,He'll find this hilarious,Mexico gave back luxury watches from a content creator. FIFA rules bar expensive gifts.,It's like your mate getting gifted a designer bag and having to give it back because her company has a gift policy. Worst timing before the biggest game of the year.,"[""Tell him Mexico just had to return luxury watches given by a YouTuber before the England game. FIFA rules. He'll love this."", ""Ask him: is the distraction stuff a sign Mexico are already rattled, or just normal World Cup chaos?"", ""The Azteca at night, England, a lightning storm, and returned watches. This one's going to be a lot.""]"
20995965-45a6-4c1d-9505-097689393889,morocco,country,news,routine,,t,2026-07-06 00:50:11.864096,2026-07-06 00:50:13.927,0.03438173333333333333,,,f,Morocco's World Cup campaign is no longer a fairytale. They're in the quarters with teenage sensation Ayyoub Bouaddi and France next on Thursday.,He'll be a bit nervous,"Morocco in the quarters, Bouaddi lighting things up. The fairytale tag is gone.",It's like Sabrina Carpenter being compared to Taylor Swift for three years and then everyone stops comparing. Morocco aren't the underdog story anymore. They're just good.,"[""Tell him Morocco are being talked about as genuine quarter-final contenders now, not just a feel-good story."", ""Ask him: does he think Morocco can go further than their 2022 semi-final run?"", ""He'll probably have a view on Bouaddi, their teenage midfielder. Drop the name and let him take it.""]"
475eb009-cf08-4de2-a630-85a4aa3dac1b,norway,country,news,routine,,f,2026-07-06 00:50:56.60912,,,,,t,Norway beat Brazil 2-1. Haaland (Norway striker) scored twice to send his country to the World Cup quarter-finals for the first time in their history.,He'll lose his mind,"Norway beat Brazil 2-1, Haaland scored twice. Their first ever World Cup quarter-final.",It's like your mate who everyone said would never get on Bake Off winning the whole thing. Norway weren't supposed to be in the World Cup quarter-finals. Haaland made it happen.,"[""Tell him Norway beat Brazil 2-1 tonight. Haaland scored twice. It's their first ever World Cup quarter-final."", ""Ask him: does he think Haaland is the best striker in the world right now, or is this just the perfect stage for him?"", ""He'll probably have strong feelings about Brazil going out. This is one of the biggest upsets of the tournament.""]"
75dd381a-a01d-47d3-860c-2148e3c6c673,portugal,country,news,routine,,t,2026-07-06 00:51:58.736179,2026-07-06 00:52:00.942,0.03676368333333333333,,,t,"Ronaldo (Portugal captain, 41) has said this will be his last World Cup. Tonight he faces Spain in Dallas. 232 games, 146 goals, six World Cups.",He might actually tear up,"Ronaldo says this is his last World Cup. 41, facing Spain tonight. One last dance.","It's like watching your mum's favourite singer announce their last tour. You'd go, wouldn't you. Ronaldo has told the world this is it, and tonight he faces Spain.","[""Tell him Ronaldo said this is his last World Cup. 'God has been generous to me,' he said, ahead of Spain tonight."", ""Ask him: does he think Ronaldo can go out as a hero tonight, or is Spain too good for this Portugal side?"", ""232 games, 146 goals, six World Cups. Drop those numbers and let [his name] do the rest.""]"
e70bfa1d-149b-49c6-aaec-774ea7aebb7c,argentina,country,news,routine,,t,2026-07-06 08:41:14.149026,2026-07-06 08:41:17.104,0.04924956666666666667,,,f,A piece in the Guardian calls Messi (Argentina captain) one of football's 'ageless wonders' who could even go to another World Cup after this one.,He'll screenshot this,The Guardian: Messi could go to another World Cup. He'll have the full argument ready.,It's like your friend who's been doing Reformer Pilates for a decade showing up in the best shape of her life at 38 and saying she's just getting started.,"[""Tell him the Guardian is saying Messi might go to another World Cup after this one. He'll either agree instantly or have a longer answer."", ""Ask him: is Messi genuinely getting better with age, or is that just what people say?"", ""He's been watching every Argentina game. Drop 'the press are calling Messi an ageless wonder' and see what happens.""]"
dd82c76b-5758-4dbb-8c1c-b35efe678a1e,belgium,country,news,routine,,t,2026-07-06 08:45:29.506886,2026-07-06 08:45:31.407,0.03166856666666666667,,,t,"Belgium coach Rudi Garcia said he 'thought it was a joke' when FIFA lifted Balogun's red-card ban for their last-16 match, after Trump lobbied them.",He'll quote this all week,Belgium's coach said the ban lift 'was a joke.' Trump lobbied FIFA. He'll have thoughts.,"It's like someone being refused entry to a club for fighting, then their famous mate calls the owner, and they're in by 10pm. Belgium are the people who've been waiting in the queue.","[""Tell him Belgium's coach said he 'thought it was a joke' when Balogun's ban was lifted. See if he has calmer language."", ""Ask him: does he think FIFA made the right call, or has politics just walked into football?"", ""He'll have strong feelings about Trump getting involved in a refereeing decision. Worth a listen.""]"
be62e764-106a-4eb7-bc0c-89e5299fc43f,brazil,country,news,routine,,t,2026-07-06 08:46:10.233562,2026-07-06 08:46:12.842,0.04347396666666666667,,,t,Neymar (Brazil forward) said his international career is 'over' after Brazil's World Cup exit to Norway. Tearful scenes in the dressing room.,Proper moment,Neymar says his Brazil career is over after the Norway exit. Emotional scenes.,"It's like getting a 'thanks for everything' voice note from someone you've been with for 20 years, right as you're packing up your things from the flat.","[""Tell him Neymar said his Brazil career is 'over' after the Norway exit. He'll have a full take on what it means."", ""Ask him: does he think Ancelotti is the right man to lead Brazil's rebuild?"", ""He's probably been quiet about the Brazil result. Drop 'Neymar announced it's finished' and see if that opens the conversation.""]"
892697cc-409c-45b1-a85d-e448671dd3a0,cape_verde,country,news,routine,,t,2026-07-06 08:47:40.069961,2026-07-06 08:47:41.927,0.03095065000000000000,,,t,Tens of thousands of fans met Cape Verde's players at the airport in Praia when they returned home. 'An ocean of blue.',Scenes in Praia,Cape Verde's players returned home to tens of thousands at the airport. Praia turned blue.,"It's like your mate coming back from a gap year that everyone said was a terrible idea, and the whole group chat showing up at the airport to wait for them.","[""Tell him tens of thousands met Cape Verde at the airport in Praia. 'An ocean of blue.' He'll want the photos."", ""Ask him: what does a World Cup run like Cape Verde's mean for football in smaller nations?"", ""He probably watched every Cape Verde game. This homecoming is the end of a proper fairy tale.""]"
286967f8-3107-40d2-b5c0-eac0749ba288,england,country,news,routine,,f,2026-07-06 08:50:50.036765,,,,,t,"England beat Mexico 3-2 at the Azteca. Down to 10 men, Bellingham (England midfielder) scored twice in 98 seconds to do it.",Phone-his-dad moment,England 3-2 Mexico at the Azteca. Bellingham twice in 98 seconds. Plan the day off.,It's like the Hinge match who you thought was out of your league showing up to the date and absolutely owning the room. England did that at the Azteca.,"[""Tell him Bellingham scored twice in 98 seconds and told people to tell their bosses to give them the day off. He probably already has."", ""Ask him: where does this win rank for England?"", ""He's been up watching this for months. The quarter-finals are here. Let him have his moment.""]"
63cf510b-4a66-42fd-bc14-795e0e6a74b8,england,country,news,routine,,t,2026-07-06 08:52:08.964714,2026-07-06 08:52:12.378,0.05688810000000000000,,,f,England face Norway in the quarter-finals. Haaland (Norway striker) has scored seven goals in four games. BBC Sport says nobody wants to face him.,He'll have a whiteboard out,Norway next. Haaland has seven goals in four games. Expect maths.,It's like getting through the hardest stage of interviews and finding your final round is a one-on-one with the candidate who's never been turned down. England face Haaland next.,"[""Tell him England draw Norway next, and Haaland has already scored seven goals in the tournament. He'll want to start planning."", ""Ask him: can England's defence handle Haaland?"", ""He's been watching Haaland all tournament. Ask him who he thinks England's best option is to stop him.""]"
744e4d8b-b35a-4301-8857-0e0e57bef074,france,country,news,routine,,t,2026-07-06 08:53:57.187267,2026-07-06 08:53:59.96,0.04621221666666666667,,,f,The Guardian says France's win over Paraguay was their least convincing performance yet. Morocco will have taken note for the quarter-final.,He'll have notes on this,France weren't convincing against Paraguay. Morocco has been watching. He'll have a view.,It's like your friend who always hosts the best dinners showing up slightly underprepared. France won. Morocco just watched and took notes.,"[""Tell him France won but the Guardian called it their least convincing performance so far. Morocco has been watching."", ""Ask him: does he think France are still the tournament favourites after that?"", ""He might be anxious about Morocco after this. Drop 'France weren't convincing' and let him process.""]"
1b12b782-6af1-42d4-851d-62b5fb733cf4,ghana,country,news,routine,,t,2026-07-06 08:59:29.597212,2026-07-06 08:59:31.606,0.03347980000000000000,,,f,Carlos Queiroz steps down as Ghana head coach after three months in charge following their World Cup exit,Carlos didn't stay long,"Queiroz steps down after three months, the World Cup exit sealed it.",,"[""How long do you think it'll take Ghana to find their next manager?"", ""Three months is such a short stint, do you think Queiroz had a fair crack at it?"", ""What would you want to see from Ghana's next head coach?""]"
548da675-2910-4964-a6be-7adcdf57839c,mexico,country,news,routine,,f,2026-07-06 09:05:15.388066,,,,,t,Mexico are out of the World Cup after a 2-3 defeat to England at the Azteca. Manager Aguirre said he felt proud but hurt.,Proud but hurt,"Mexico lost 2-3 to England at the Azteca. Bellingham twice, Kane from the spot.",,"[""How painful do you think it was for Mexico to go out at their own Azteca?"", ""Bellingham scoring twice in 98 seconds, do you think that was the moment it was decided?"", ""What do you make of Aguirre saying he felt proud but hurt after the game?""]"
df1b7eb8-a8ba-4087-85fb-362e0f8e8a82,morocco,country,news,routine,,t,2026-07-06 09:05:27.530096,2026-07-06 09:05:29.705,0.03624840000000000000,,,f,"France's World Cup performance against Paraguay was their least convincing yet, and Morocco, their quarter-final opponents, will have taken note.",France are there for the taking,"France looked unconvincing vs Paraguay, Morocco face them in the quarter-final on July 9.",,"[""Do you think Morocco can pull off an upset against France in the quarter-final?"", ""What stood out to you about Morocco's 3-0 win over Canada?"", ""France looked beatable, can you see Morocco making the semi-finals?""]"
f3f7671f-9a28-4e28-9bc2-1cdd9951936b,norway,country,news,routine,,t,2026-07-06 09:05:44.226424,2026-07-06 09:05:45.958,0.02885960000000000000,,,t,"Erling Haaland has scored seven goals in four World Cup games, and now Norway face England in the quarter-finals.",Nobody wants to face him,Haaland has seven World Cup goals in four games. England await in the quarters.,,"[""Seven goals in four games, do you think Haaland is the best striker in this tournament?"", ""Norway have never been in the World Cup quarter-finals before, how does it feel watching history?"", ""England face Haaland next, who do you think comes out on top?""]"
f77ea6f9-7d9b-4eb6-bd71-d3ea788474b4,spain,country,news,routine,,t,2026-07-06 09:08:04.483305,2026-07-06 09:08:07.123,0.04399491666666666667,,,f,"Portugal's Cristiano Ronaldo (41) says this is his last World Cup, Spain face him in the last 16 in Dallas today.",His World Cup farewell,"Ronaldo says this is his last World Cup, and Spain face him in Dallas today. He's 41.",,"[""Do you think Spain can end Ronaldo's last World Cup run today?"", ""Ronaldo said 'they've tried to kill me for 23 years', what do you think he meant?"", ""Six World Cups, 232 games, what's your overall verdict on Ronaldo's career?""]"
65045158-ee0c-4f0a-a1b3-81758d0eadbd,usa,country,news,routine,,t,2026-07-06 09:09:36.289086,2026-07-06 09:09:39.051,0.04603190000000000000,,,t,"Folarin Balogun (USA striker) is available to face Belgium after FIFA suspended his one-game ban, Trump publicly thanked FIFA for the decision.",Balogun plays after all,"Balogun's red-card ban has been suspended by FIFA, he can play vs Belgium after all.",,"[""What do you think about Trump getting involved with FIFA over Balogun's ban?"", ""Does having Balogun back change USA's chances against Belgium?"", ""How controversial do you think the decision to suspend his ban was?""]"
5e93ad53-928f-476f-86f3-599b77dc1bd4,brazil,country,news,routine,,f,2026-07-07 00:51:45.86168,,,,,f,"Back home, Brazilian media have called the World Cup exit 'shameful' and 'embarrassing.' Ancelotti (Brazil manager) and the players are taking the heat.",Brazil's home reaction,Brazilian fans and media have called the World Cup exit 'shameful' and 'embarrassing.',"It's like going live on TikTok, fumbling the whole thing, and waking up to the reposts all captioned 'cringe.'","[""Tell [his name] the Brazilian reaction is brutal - they're calling it 'shameful' back home. He'll feel that."", ""He'll have a verdict on Ancelotti. Ask him: was hiring a club manager for the national team job the wrong call?"", ""The Guardian calls this 'the wait for the hexa' - Brazil's dream of a sixth World Cup title. He'll know exactly what that means.""]"
26c4e6c9-522d-4534-98ee-557ba88a87da,england,country,news,routine,,t,2026-07-07 00:52:35.000986,2026-07-07 00:52:38.919,0.06530023333333333333,,,f,"Good news: Reece James (England defender) is expected to be fit for the quarter-final against Norway on Saturday, manager Tuchel confirmed.",He's smiling at his phone,Manager Tuchel expects James back for Norway on Saturday. England nearly at full strength.,The colleague you thought was sick-noting her way through the week - just replied to the all-hands like nothing happened.,"[""Tell [his name] James is expected back. He was anxious about England facing Norway without him."", ""England played the whole second half with ten men against Mexico - they need everyone available for Saturday."", ""Ask him: do England go into the Norway quarter-final as favourites now?""]"
441a4982-d682-4c97-bb54-d9dfc70a558c,england,country,news,routine,,t,2026-07-07 00:52:56.569471,2026-07-07 00:52:58.516,0.03244215000000000000,,,t,Quansah (England defender) picked up a red card in the Mexico win. The FA is considering an appeal so he can face Norway on Saturday.,He'll be watching this,England's Quansah got a red card vs Mexico. FA may appeal to keep him for Norway.,Getting banned from the hen do group chat the day before it starts - and your mate is fighting to get you back in.,"[""Tell [his name] the FA is appealing Quansah's red card. He'll be waiting on the outcome before Saturday."", ""He'll understand what it means - if the appeal fails, England go into the Norway quarter-final with a suspended defender."", ""Ask him: was it a red card? Tuchel has publicly called the refereeing 'unreliable.' He'll have a strong opinion.""]"
7e44e0ce-95b4-4d8f-80a2-2a3859256d36,england,country,news,routine,,t,2026-07-07 00:53:10.924261,2026-07-07 00:53:12.65,0.02876231666666666667,,,f,Jordan Henderson (England midfielder) is set for wrist surgery after injuring himself celebrating the Mexico win.,Celebrating too hard,Henderson hurt his wrist celebrating the Mexico win. He won't know what to feel.,The mate who did the victory lap at a 10k and then sprained her ankle at the finish line.,"[""Tell [his name] Henderson hurt his wrist celebrating - he needs surgery. The best and worst moment at once."", ""He'll have feelings about England losing another player before Norway. James is back, but Henderson is now a doubt."", ""Watch his face when you tell him. Only England.""]"
3dc68d34-380c-4e17-ae85-ad45815fde26,france,country,news,routine,,t,2026-07-07 00:53:46.848007,2026-07-07 00:53:49.854,0.05009988333333333333,,,t,Mbappe (France striker) called a Paraguayan senator 'despicable' over racist remarks. France's football federation is filing criminal charges.,He'll have a lot to say,Mbappe called a senator 'despicable' over racist remarks. France pressing charges.,Like a Glastonbury headliner stopping mid-set to directly address a politician who had tweeted something genuinely vile.,"[""Tell [his name] Mbappe called out the senator publicly and France are filing criminal charges. He'll have a reaction."", ""He'll probably have thoughts on whether this affects France's preparations for Morocco on Thursday."", ""Ask him: does Mbappe speaking out like this surprise him, or is it exactly what you'd expect?""]"
85ceb9bb-0e57-4cef-92be-333be2f7d6ae,portugal,country,news,routine,,f,2026-07-07 00:54:09.15124,,,,,t,It's over. Spain beat Portugal 1-0 with a stoppage-time goal from Merino. Ronaldo (Portugal captain) walked off in tears - his final World Cup is done.,He'll feel this one,Spain beat Portugal 1-0 in stoppage time. Ronaldo walked off in tears. It's done.,Ending your last day at a job you loved by getting a parking ticket on the way out.,"[""Tell [his name] it's over - Spain got a stoppage-time winner and Ronaldo walked off in tears. He'll know how big this is."", ""He'll probably want to talk about Ronaldo's legacy. Ask him: is this the right ending for the greatest of his era?"", ""He was 41. He said himself this was his last one. He'll want to talk about what it all meant.""]"
b9cee6a3-b7d8-44d0-b923-b85a6cd4bc32,spain,country,news,routine,,t,2026-07-07 00:54:28.297162,2026-07-07 00:54:30.048,0.02918063333333333333,,,t,Spain are in the World Cup quarter-finals after Merino's stoppage-time winner. They've played five games and still haven't conceded a single goal.,Quietly doing it,"Spain beat Portugal 1-0 to reach the quarter-finals. Five games, zero goals conceded.",The Bake Off contestant who hasn't had a single soggy bottom all series - and is quietly about to win.,"[""Tell [his name] Spain haven't conceded a single goal in five games. He'll have noticed, but he'll enjoy talking about it."", ""They're through to the quarter-finals for the first time since winning it all in 2010. Ask him: is Spain the team to beat now?"", ""BBC Sport say Spain are on the brink of a tournament record - five clean sheets in a row. He'll have thoughts.""]"
23582a36-ba4c-4f53-bd7f-91191e330939,argentina,country,news,routine,,t,2026-07-07 08:39:38.593725,2026-07-07 08:39:41.105,0.04185458333333333333,,,t,Argentina vs Egypt in the last 16 today - and it's the first time Messi and Salah have ever met in international football.,He's about to lose it,Argentina play Egypt in the last 16 today. First ever meeting between Messi and Salah.,"It's like the Hinge match everyone's been waiting for finally showing up in your queue. Two legends, same room, one moves on.","[""Tell him you know it's Messi vs Salah today. He'll want to talk about nothing else."", ""Ask him: who comes out on top between the two of them?"", ""The Guardian says it's the first time Messi and Salah have ever faced each other in international football. Drop that in and watch him light up.""]"
1de827ad-8529-40e0-aca3-b2f418e11979,belgium,country,news,routine,,f,2026-07-07 08:42:21.898669,,,,,t,Belgium beat USA 4-1 in Seattle and are into the World Cup quarter-finals. They face Spain on Thursday.,Phone-his-dad moment,"Belgium beat USA 4-1. Into the World Cup quarter-finals, facing Spain on Thursday.",It's like getting to the party after someone tried to get you uninvited - and then being the one everyone's talking about all night.,"[""Tell him Belgium won 4-1 against the hosts. He'll want to watch Spain on Thursday."", ""Ask him: does he think Belgium can beat Spain in the quarter-final?"", ""Belgium beat the host nation 4-1. He's been watching this run closely.""]"
d43e2d60-c192-4eed-8c57-f0ae09e5199d,england,country,news,routine,,t,2026-07-07 08:45:38.388183,2026-07-07 08:45:42.271,0.06471361666666666667,,,t,Henderson is out of the World Cup after breaking his wrist celebrating. He fell over an advertising board. He was the unused sub.,He'll feel this one,Henderson fell celebrating the Mexico win. Broken wrist. Out of the World Cup.,"It's like buying a new car and denting it backing out of the showroom. Best day and worst day, same ten minutes.","[""Tell him Henderson fell over a board celebrating and broke his wrist. He was the unused sub. He'll have a lot to say about that."", ""Ask him: does this affect England's chances against Norway on Saturday?"", ""He needed oxygen and was taken to hospital. The whole night was a lot.""]"
8a923354-cbd4-4540-a884-a2c7ad20ba3e,egypt,country,news,routine,,t,2026-07-07 08:47:11.460796,2026-07-07 08:47:14.253,0.04653673333333333333,,,f,"Egypt play Argentina today in the last 16. Salah vs Messi, first time ever.",He's been waiting for this,"Egypt play Argentina today in the last 16. Salah vs Messi, first time ever.",Like someone who survived a Hinge horror date and has now matched with the most intimidating person in their queue.,"[""Tell him Egypt face Argentina today - Salah vs Messi for the first time ever. He'll want to watch."", ""He'll know exactly what this means for Salah. Ask him who he's got."", ""Egypt came through via penalties against Australia. Now they're facing Messi. That's one hell of a run.""]"
42f467b8-6321-41d1-8e1f-2b2d93e75b15,portugal,country,news,routine,,t,2026-07-07 08:51:17.014263,2026-07-07 08:51:19.527,0.04187895000000000000,,,t,Portugal's manager Martinez has left his role after the World Cup exit. Ronaldo said he has a 'clear conscience' about his final World Cup.,The end of an era,Portugal's Martinez left after the exit. Ronaldo said he has a 'clear conscience.',It's like watching a Love is Blind contestant give everything all season and still leave single. The commitment was there. The ending wasn't.,"[""Tell him Ronaldo is done at the World Cup and their manager just left. He'll want to talk through the whole thing."", ""Ronaldo said he has a 'clear conscience.' He'll have thoughts on whether that's actually true."", ""Ask him: was Martinez the right manager for Portugal in the end?""]"
0913ee40-4c42-4026-bc13-1cc6259dd57a,usa,country,news,routine,,f,2026-07-07 08:53:29.558126,,,,,f,USA are out. Belgium beat the host nation 4-1 in the last 16. Pulisic was forced off with an ankle injury.,He might need a hug,USA are out. Belgium beat the hosts 4-1. Pulisic forced off with an ankle injury.,"It's like organising the whole party, sorting the playlist, stocking the bar - and leaving early because you twisted your ankle.","[""Tell him the hosts are out. Belgium beat them 4-1 on their own soil. He'll have a lot to say."", ""Pulisic was forced off in the second half with an ankle injury. He'll be checking the update."", ""Ask him: does the host nation going out this early change how he sees the rest of the tournament?""]"
425d4819-28f1-465e-b4d8-ad8983a6962c,england,country,news,routine,,t,2026-07-08 00:47:41.626178,2026-07-08 00:47:45.566,0.06566370000000000000,,,t,Wayne Rooney (former England captain) ranked Bellingham's Mexico display alongside Gerrard and Keane. High praise from someone who knows both.,He'll love this one,Rooney ranked Bellingham's Mexico display with Gerrard and Keane. He'll frame that.,Like your most discerning mate - the one who panned every man you've ever brought home - saying the new one is genuinely your best yet. Rooney doesn't give that out easily.,"[""Drop 'Rooney says Bellingham was Gerrard-Keane level last night' and let [his name] take it from there."", ""Ask him: where does Bellingham sit in his all-time England midfield list now?"", ""He's been watching those two goals in 98 seconds on repeat. He'll have a verdict on which was better.""]"
42cedc64-7f42-40f1-bd40-9c3d3d4f6f20,argentina,country,news,routine,,f,2026-07-08 00:48:27.655331,,,,,t,Messi (Argentina captain) cried on the pitch as Argentina came from two goals down to beat Egypt 3-2. BBC Sport called it a 'scarcely believable comeback.',He'll tell this story forever,Messi cried as Argentina came from two goals down to beat Egypt 3-2. Quarter-finals.,Like the Zara summer sale nearly breaking you until the final rack turns up the exact piece you came for. The relief is the whole thing.,"[""Tell [his name] Argentina were two goals down to Egypt and still won 3-2. He'll need a minute."", ""Ask him: was this Argentina's greatest World Cup comeback?"", ""Messi cried on the pitch at the final whistle. [His name] will either melt or claim he didn't get emotional too.""]"
5971bf25-667a-4673-babc-ec58f5919ccc,egypt,country,news,routine,,f,2026-07-08 00:48:59.780475,,,,,t,Egypt had Argentina two goals down and still went out. BBC Sport called it 'a stunning World Cup collapse.' Final score: Argentina 3-2 Egypt.,Give him a minute,Egypt led Argentina 2-0 and still lost 3-2. He'll need to talk about this.,Like being two rounds ahead on The Traitors and still getting voted out at the final tribal council. The rug pull is everything.,"[""Tell [his name] Egypt had Argentina two goals down and still went out 3-2. Let him explain how that happens."", ""Ask him: at what point would he have thought Egypt had it won?"", ""BBC Sport called it 'a stunning World Cup collapse.' He won't disagree.""]"
057a61d1-0f53-4cbb-959e-cdbbf28014a4,belgium,country,news,routine,,t,2026-07-08 00:49:37.626401,2026-07-08 00:49:40.742,0.05192665000000000000,,,t,Amadou Onana (Aston Villa and Belgium midfielder) has ruptured his ACL playing for Belgium at the World Cup. He's out.,He'll be gutted,Belgium midfielder Onana ruptured his ACL at the World Cup. Spain quarter-final up next.,Like your most reliable group chat member going silent right before the girls' holiday. The timing is the worst part.,"[""Tell [his name] Onana has ruptured his ACL playing for Belgium. He'll be running through who covers the midfield now."", ""Ask him: how much does this change Belgium's chances against Spain in the quarter-finals?"", ""He's probably calculating who fills the gap already. Give him the space to think.""]"
0066bce7-1421-4dbe-acf4-9905fb9cefcf,scotland,country,news,routine,,t,2026-07-08 00:50:05.724778,2026-07-08 00:50:07.504,0.02965370000000000000,,,f,Norway are in the World Cup quarter-finals. BBC Sport is asking what Scotland can learn from a country of similar size who just did the impossible.,He's taking notes,Norway are in the WC quarter-finals. BBC Sport asks what Scotland can learn from them.,"Like finding out your mate from the same school, same grades, same starting point just landed the job you've always wanted. Makes the application feel possible.","[""Tell [his name] Norway are in the WC quarter-finals and BBC Sport is asking what Scotland can learn from them. He'll take it from there."", ""Ask him: what does Scotland need to change to get where Norway are?"", ""He's probably been thinking about this for days. Now's the time to ask.""]"
2df13016-a944-4f37-8a7d-df7759a890a2,spain,country,news,routine,,t,2026-07-08 00:50:37.195204,2026-07-08 00:50:39.69,0.04157993333333333333,,,f,"When Mikel Merino (Spain midfielder) scored the winner against Portugal, he ran to the corner flag and embraced his father and his son. Three generations.",He'll share this one,Merino scored for Spain. Then embraced his father and his son at the corner flag.,Like posting the promotion announcement and your mum liking it before you've put your phone down - then calling to say your gran's been crying since she saw it.,"[""Tell [his name] Merino scored the Spain winner then ran to embrace his dad and his son at the corner. Three generations."", ""Ask him: is this his favourite goal celebration in the tournament?"", ""The Guardian says Merino battled back from injury just to make this World Cup. He'll know the full story.""]"
c72213ed-6fdb-4c25-85e8-45ac5a10e3a7,colombia,country,news,routine,,t,2026-07-08 08:50:33.338824,2026-07-08 08:50:36.418,0.05131960000000000000,,,f,Colombia are out of the World Cup. They lost 4-3 to Switzerland on penalties after a goalless two hours.,He'll wince at this,Colombia lost 4-3 on penalties to Switzerland. Two goalless hours. Comfort food required.,"It's like matching on Hinge, chatting for two weeks with actual chemistry, then getting ghosted after the first date.","[""Tell him Colombia went out on penalties after two completely goalless hours. He'll appreciate how brutal that ending is."", ""Ask him: is there any crueller way to go out of a World Cup?"", ""Switzerland keeper Gregor Kobel made the save that sent Colombia home. That one will haunt them for a while.""]"
ffd3977e-5e97-4308-b7c9-fea99b0c42c3,egypt,country,news,routine,,f,2026-07-08 08:50:55.297484,,,,,t,"Egypt manager Hossam Hassan says his side were victims of 'injustice' after their 3-2 World Cup exit, claiming FIFA wanted Messi to 'stay in the running'.",He'll have a field day,Egypt's manager claims FIFA wanted Messi through. He'll have a verdict on this.,It's like someone sliding into your DMs at 11pm to say the pub quiz was rigged because they finished second.,"[""Tell him Egypt's manager called the result an 'injustice' and blamed FIFA for wanting Messi through. He'll have a strong take."", ""Ask him: was the VAR call that ruled out Egypt's goal actually correct?"", ""Egypt went out 3-2 after having Argentina two goals down late on. The injustice claims add a whole extra layer to it.""]"
881c461e-42b7-4bee-8291-ff3ad0fa1e2f,switzerland,country,news,routine,,t,2026-07-08 08:51:08.888342,2026-07-08 08:51:11.744,0.04759430000000000000,,,f,Switzerland broke their penalty 'curse' to beat Colombia 4-3 in the shootout. Keeper Gregor Kobel was the hero. Next up: Argentina in the quarters.,Kobel to the rescue,Switzerland beat Colombia 4-3 on penalties. Keeper Kobel saved them. Argentina are next.,It's like a couple on Love is Blind surviving every curveball to actually say I do. Switzerland just did.,"[""Tell him Switzerland's keeper made the crucial save to put them through. Gregor Kobel is the hero of this one."", ""He might say Switzerland are finally a serious tournament team. They have been building to this."", ""Ask him: can Switzerland actually beat Argentina in the quarters, or is that the dream ending?""]"
f8d6face-e46b-44f3-b7da-e585a65cec08,argentina,country,news,routine,,t,2026-07-09 00:46:03.884045,2026-07-09 00:46:07.487,0.06004925000000000000,,,t,Egypt have accused Argentina of getting referee favouritism at the World Cup. Messi is at the centre of the complaint.,He'll have a take on this,Egypt's FA claims Argentina got special referee treatment. He'll want to weigh in.,"It's like your group chat accusing Hinge of boosting their most popular member. Could be true. Probably not. Doesn't matter, everyone's talking about it.","[""Tell [his name] Egypt have filed an official FIFA complaint about the refereeing. See where he lands on it."", ""Ask him: do you think Argentina got favouritism, or is Egypt just a sore loser?"", ""He'll probably already be preparing his defence of Argentina. Let him get it out.""]"
08b97f03-e284-4527-a75c-f379dba36352,croatia,country,news,routine,,t,2026-07-09 00:46:30.622557,2026-07-09 00:46:32.826,0.03672405000000000000,,,f,"Zlatko Dalic (Croatia coach) has stepped down after nine years in charge, following their World Cup exit against Portugal.",Give him a minute,Croatia's coach Dalic has resigned after nine years. He led them to the 2018 final.,"It's like your most reliable colleague, the one who's been there since the start, handing in their notice the morning after a big pitch went south.","[""Tell [his name] Dalic just resigned as Croatia manager after nine years. A long run by any measure."", ""Ask him: did Dalic deserve a longer goodbye, or was the World Cup exit the right moment to part ways?"", ""He took Croatia to the 2018 final. That legacy won't be forgotten, even if the exit here was quiet.""]"
acf7b192-a639-4cca-9e47-44cae0a039de,egypt,country,news,routine,,t,2026-07-09 00:47:05.736055,2026-07-09 00:47:07.839,0.03504908333333333333,,,t,"Egypt's FA has filed a formal FIFA complaint, demanding officials be removed over 'double standards' in the refereeing of their Argentina defeat.",He'll have opinions,Egypt's FA filed a FIFA complaint over 'double standards' in their Argentina defeat.,"It's like leaving a one-star Deliveroo review, copying in the CEO, and demanding the driver be banned from the platform. Egypt went straight to the top.","[""Tell [his name] Egypt have officially complained to FIFA about the refereeing. See what he thinks."", ""Ask him: does he think the calls were actually biased, or is this sour grapes from a painful exit?"", ""He'll probably have already seen the clips. Let him explain which decisions Egypt are objecting to.""]"
037ae49f-0340-4d87-a3b5-a7b488622ac5,england,country,news,routine,,t,2026-07-09 00:47:21.394659,2026-07-09 00:47:24.136,0.04568901666666666667,,,f,Update: Jordan Henderson (England midfielder) has had surgery on a broken arm but has not been ruled out of the rest of the World Cup.,He'll be watching this one,Henderson broke his arm but isn't ruled out yet. England haven't given up on him.,"It's like a mate who broke a finger at a hen party and still turned up to the wedding the next day, cast and all.","[""Tell [his name] Henderson is still technically in with a chance despite the broken arm. Watch him recalculate England's squad."", ""Ask him: would Henderson actually play with a broken arm if England needed him?"", ""Either way, he'll have a strong opinion on whether Henderson should risk it.""]"
5b6770b1-221c-496a-91de-a61089b124ce,france,country,news,routine,,t,2026-07-09 00:47:41.704639,2026-07-09 00:47:43.413,0.02847268333333333333,,,t,French manager Didier Deschamps says he's 'not concerned' by Argentinian officials running France's quarter-final against Morocco tomorrow.,He'll have a take,Deschamps says he's fine with Argentinian refs for France vs Morocco tomorrow.,"It's like your manager saying 'yeah, the performance reviewer is best mates with the other team, but I'm absolutely fine with it.' Sure, Didier.","[""Tell [his name] France have Argentinian refs for their Morocco quarter-final tomorrow. It's the story of the tournament right now."", ""Ask him: does the referee's nationality actually change anything, or is it just noise?"", ""France and Argentina could end up in the semi-finals. He'll have worked out all the possible paths already.""]"
dcdab67d-ddf9-4aaf-bffb-a9f39fc09522,morocco,country,news,routine,,t,2026-07-09 00:48:04.543847,2026-07-09 00:48:06.38,0.03060255000000000000,,,f,Ayyoub Bouaddi turned down France to play for Morocco at this World Cup. Now they face each other in tomorrow's quarter-final.,T-shirt material,Bouaddi chose Morocco over France. Now they face each other in tomorrow's quarter-final.,"It's like the person who turned down a job at your company to join the rival, and now you're both up against each other in the final pitch.","[""Tell [his name] Morocco have a player who turned down France to be at this World Cup. Now they face each other tomorrow."", ""He'll know exactly what happened between these two in 2022. Ask him if that history changes anything."", ""Turning down a bigger footballing nation to represent your own, then facing them in the quarters. He'll love this story.""]"
c1eddcec-b626-47d6-8482-9dd393e4d356,norway,country,news,routine,,t,2026-07-09 00:48:20.914709,2026-07-09 00:48:22.959,0.03407151666666666667,,,f,Norway face England in the World Cup quarter-final on Saturday in Miami. BBC have dug out the famous 1981 commentary: 'your boys took a hell of a beating.',Stories incoming,Norway play England in the quarter-final on Saturday. He knows the famous commentary line.,"It's like two friends who have one legendary argument story from years ago, and now they're about to have their actual reckoning.","[""Tell [his name] Norway vs England is Saturday in Miami. See if he mentions the 1981 commentary."", ""He'll probably say 'your boys took a hell of a beating' at some point during the week. Just let it happen."", ""Ask him: does he think England can stop Haaland?""]"
ad19e7af-fc6d-4078-b937-a597d4519f0a,portugal,country,news,routine,,f,2026-07-09 00:48:36.245942,,,,,f,"Reports say veteran manager Jorge Jesus is the leading candidate to become Portugal's new national team coach, with an announcement expected this week.",He might have opinions,Reports say Jorge Jesus could be Portugal's new manager. Announcement expected this week.,"It's like checking LinkedIn the day after your company lost a big pitch, and seeing who's already slid into the CEO's DMs about the open role.","[""Tell [his name] Portugal are reportedly looking at Jorge Jesus as their next manager."", ""Ask him: is Jesus the right call for Portugal after Ronaldo's final World Cup?"", ""He'll probably have a different name in mind entirely. Let him make the case.""]"
a29feea0-a393-4721-a05c-75d43c376da4,scotland,country,news,routine,,t,2026-07-09 00:49:58.901902,2026-07-09 00:50:01.57,0.04446830000000000000,,,f,Ryan Christie (Bournemouth midfielder) says he's 'gutted' about Scotland's World Cup exit and 'desperate' to help them reach more major finals.,He'll relate to this,Scotland's Ryan Christie says he's 'gutted' by the WC exit and desperate to go again.,It's like your friend saying 'I need to make it up to myself' after bombing an interview they'd prepped two years for.,"[""Tell [his name] Ryan Christie called the World Cup exit 'gutting' and said he's desperate to go again. He'll appreciate someone on the team saying it that directly."", ""Ask him: do you think Scotland have a realistic shot at reaching more major tournaments from here?"", ""Christie's 31. The window is getting smaller. He'll have thoughts on whether Scotland can build from this.""]"
0ed9fdbf-fe83-4ee6-9d33-41a968824252,scotland,country,news,routine,,f,2026-07-09 00:50:32.970323,,,,,f,Angus Gunn (Scotland goalkeeper) has signed for San Jose Earthquakes in the MLS after being released by Nottingham Forest.,He'll know the name,Scotland keeper Gunn has signed for San Jose in the MLS after leaving Nottingham Forest.,It's like the dependable flatmate who covered your rent one month quietly moving to New York once the lease runs out. 'Ready for the next chapter.',"[""Tell [his name] Scotland's goalkeeper Angus Gunn has signed for San Jose Earthquakes in the MLS. He'll know if that's a good move."", ""Ask him: is leaving Nottingham Forest for the US a step sideways, or just a different path at this point?"", ""He'll probably have a strong opinion on whether any Scotland player should be heading to America right now.""]"
80bdb1c9-408e-4271-bf3e-1673e4c255ac,usa,country,news,routine,,t,2026-07-09 00:50:51.888415,2026-07-09 00:50:54.629,0.04567641666666666667,,,f,It wasn't just Balogun: FIFA also suspended two US team staff members from the round-of-16 game against Belgium.,He'll have thoughts,FIFA suspended two US staff from the Belgium game too. The scandal had more layers.,It's like finding out there were more people copied into that email thread you thought was just between two people. It keeps getting messier.,"[""Tell [his name] there were also two US staff members suspended for the Belgium game, not just Balogun. He'll have a full timeline ready."", ""Ask him: at this point, does it even matter who was right in the Balogun situation?"", ""The US had their biggest ever World Cup shot at home and it ended in scandal and a 4-1 loss. He'll have opinions.""]"
6a163432-8169-42e2-9cf2-5df00361dda0,argentina,country,news,routine,,t,2026-07-09 08:41:24.504353,2026-07-09 08:41:27.511,0.05011078333333333333,,,t,"Argentina are in the World Cup quarter-finals. They face Switzerland on Saturday, who beat Colombia on penalties to get there.",He's already planning Saturday,Argentina face Switzerland in the World Cup quarter-final on Saturday. Big match incoming.,"It's like a Hinge date that nearly went wrong over mains, then pulled it back just before the bill. Now there's a second date and it's a harder read.","[""Drop 'Argentina vs Switzerland, Saturday' and watch him start planning his week around it."", ""Switzerland did not score or concede in over two hours against Colombia. Tell him it could be a very different kind of match than the Egypt one."", ""Ask him: does Switzerland worry him more than Egypt did?""]"
a8a2d87e-0c64-41e0-97c3-3d6715a9986b,england,country,news,routine,,t,2026-07-09 08:46:47.259096,2026-07-09 08:46:51.177,0.06529840000000000000,,,t,Starmer (the Prime Minister) says he will announce a bank holiday if England win the World Cup. He did not want to jinx it. England have not won since 1966.,He'll screenshot this,The PM hinted at a bank holiday if England win the World Cup. Check back after Saturday.,"It's like your boss saying 'I'm not confirming anything, but ask me again on Monday' the day before the work team wins the quiz.","[""Tell [his name] the PM is planning a bank holiday if England win. Watch him immediately start planning."", ""He'll probably say Starmer is managing expectations. Ask him if he believes England can do it."", ""Ask him: does he think this England squad can go all the way?""]"
06395a00-5616-4a3f-b4c4-426df903c975,england,country,news,routine,,t,2026-07-09 08:47:27.952085,2026-07-09 08:47:29.94,0.03313191666666666667,,,f,Reece James (England right-back) is still a doubt for Saturday's quarter-final. He could not train with the squad on Wednesday. It looks like a close call.,Still a doubt,England right-back James is still a doubt for Saturday. He did not train on Wednesday.,It's like the group chat asking 'are you coming Saturday?' and getting 'I'll try' for the third day running.,"[""Tell [his name] Reece James still has not trained. He will probably already know, but it opens the conversation."", ""Watch how he reacts to the team news Saturday morning. The right-back spot is the one thing making him nervous."", ""Ask him: who plays if James is out?""]"
80a96ced-a2b5-4e88-9e33-4e878620e0bf,norway,country,news,routine,,t,2026-07-09 08:50:40.843999,2026-07-09 08:50:43.403,0.04265001666666666667,,,t,"Norway are in their first ever World Cup quarter-final, back at the tournament after 28 years away. The story behind Haaland and this team is brilliant.",He'll want to read this,Norway in a World Cup quarter-final for the first time ever. 28 years since their last WC.,It's like finding out the friend who never competed at anything and just did it for fun is now somehow the most successful person in the room.,"[""Tell [his name] Norway have never been in a World Cup quarter-final before. It opens the conversation."", ""The Guardian wrote about how Norway let kids play football without rankings. Ask him if he thinks that's how you build a Haaland."", ""Ask him: are Norway the team everyone secretly wants to win this tournament?""]"
3eb0fda4-616d-4374-aa19-4aab0caa90fb,france,country,news,routine,,f,2026-07-10 00:46:53.882884,,,,,t,Mbappé (France striker) scored a stunner to beat Morocco 2-0. France are in the World Cup semi-finals.,He'll go full commentary mode,Mbappé scored a stunner. France beat Morocco 2-0. They're in the World Cup semi-finals.,The Hinge match your friends say is out of your league. France just proved them right.,"[""Tell him France are in the semi-finals. He'll have a strong take on whether anyone can stop them now."", ""He's probably been debating France vs the rest all week. Let him tell you his theory."", ""Ask him: does France winning feel inevitable right now, or can someone derail them?""]"
9e5bc6a1-cb9e-451b-bf1d-35aa9cfc4591,morocco,country,news,routine,,f,2026-07-10 00:47:10.411409,,,,,t,Morocco are out. France beat them 2-0 in the World Cup quarter-final tonight. Mbappé scored the decisive goal.,He'll be gutted,Morocco lost 2-0 to France in the quarter-final. Mbappé settled it. They're out.,Having your speech ready for the Hinge date who talks the whole time. Morocco. France. Same.,"[""Tell him Morocco are out, they lost 2-0 to France tonight. He'll need a moment."", ""He's been backing Morocco all tournament. Tell him they ran into France's press and couldn't find a way through."", ""Ask him: does France look unstoppable to him right now?""]"
d0796856-440f-49ce-9c9a-ab0c6509f720,norway,country,news,routine,,t,2026-07-10 00:47:36.092962,2026-07-10 00:47:38.481,0.03980063333333333333,,,t,Erling Haaland (Norway striker) says the pressure is 'all on England' before Saturday's quarter-final. He called them 'clear favourites.',He'll love this one,Haaland says pressure's all on England. Norway play them in the quarter-final on Saturday.,Haaland using his own 'stay humble' against England is your ex weaponising a phrase he invented.,"[""Tell him Haaland called England clear favourites and said all the pressure is on them. He'll agree - then explain why it doesn't matter."", ""He's definitely been watching Haaland's press conference clips already. Tell him you've seen it too."", ""Ask him: is this mind games, or does Haaland genuinely think Norway can upset England?""]"
229e9689-022d-4c68-afe2-eadaca6928e0,spain,country,news,routine,,t,2026-07-10 00:48:03.31033,2026-07-10 00:48:05.789,0.04131116666666666667,,,t,Spain's goalkeeper Unai Simón hasn't conceded a single goal at this World Cup. He faces Belgium in the quarter-final tomorrow.,He'll have numbers ready,Spain's keeper hasn't conceded once all tournament. Belgium must end that tomorrow.,"The Hinge profile with no photos that somehow gets all the matches. Spain's keeper, same energy.","[""Tell him Spain's keeper hasn't let in a goal all tournament. See if he thinks Belgium can end that tomorrow."", ""He'll have a verdict on whether Spain are the most complete team left. Let him talk."", ""Ask him: is Spain's keeper the best in the tournament right now?""]"
a5c34d8f-668b-483f-8df7-594b7aa2584c,england,country,news,routine,,t,2026-07-10 00:49:57.151162,2026-07-10 00:50:01.067,0.06526396666666666667,,,f,Jarell Quansah (England defender) was handed a two-match ban by FIFA for the red card vs Mexico. He misses the quarter-final and any potential semi-final.,He'll be doing the maths,Quansah's two-match ban is confirmed. He misses the quarter-final and any semi-final too.,The intern who caused the scene at the work event and gets the formal email two days later.,"[""Tell him Quansah's two-match ban is confirmed by FIFA. He'll immediately start shuffling the defensive lineup in his head."", ""He's probably already worked out who should play instead. Let him walk you through his squad."", ""Ask him: does losing Quansah for two games actually change England's chances?""]"
241b29c7-f60d-4a2c-8629-ce9bfb199f1e,argentina,country,news,routine,,t,2026-07-10 08:41:17.220785,2026-07-10 08:41:20.118,0.04828691666666666667,,,t,Argentina were 2-0 down to Egypt. Messi and Fernandez brought them back. Switzerland are next.,Stories incoming,"Argentina were 2-0 down, then Messi happened. Quarter-final vs Switzerland is Sunday.",It's like a group project where two people ghosted and one person did everything. Argentina basically handed Messi the laptop and said fix it.,"[""Tell him Argentina were 2-0 down to Egypt, then Messi equalised and Fernandez won it late. He'll have a lot to say."", ""Ask him: does he think Switzerland can actually stop Messi on Sunday?"", ""Drop 'Argentina are in the quarter-finals' and let him take it from there.""]"
bafc72f9-7272-47ac-8555-8add336aab6c,belgium,country,news,routine,,t,2026-07-10 08:43:36.429319,2026-07-10 08:43:41.331,0.08169468333333333333,,,t,Belgium face Spain tonight in the World Cup quarter-final. Manager Rudi Garcia says Lukaku makes opponents quake in their boots.,Tense one tonight,Belgium face Spain tonight. Garcia says opponents quake when Lukaku comes on.,It's like your quiet friend pulling out a surprise talent at karaoke when everyone had written off the night. Belgium are the underdog. Lukaku's their mic drop.,"[""Tell him Belgium play Spain in the World Cup quarter-final tonight. He'll have thoughts on whether Lukaku can change it."", ""Ask him: does he think Lukaku coming off the bench changes the game against Spain?"", ""Drop 'Belgium's manager says nobody's given them a chance' and let him pick it up.""]"
4d90d71b-45d4-4719-9068-c4dc55391251,england,country,news,routine,,t,2026-07-10 08:48:19.976109,2026-07-10 08:48:23.307,0.05551485000000000000,,,f,Two more fitness worries for England the day before the Norway quarter-final. Marc Guehi is a doubt and Declan Rice is ill with a bug.,He'll be refreshing Sky Sports,Guehi is a doubt and Rice has a bug before Saturday's Norway quarter-final.,"It's like everyone in the group chat going quiet the night before the big trip, then one by one texting their excuses. England's list just keeps growing.","[""Tell him Marc Guehi is a doubt and Rice has picked up a bug before Saturday. He'll have thoughts."", ""Ask him: if Rice can't play, who steps up in midfield against Norway?"", ""Watch how he reacts to the injury news. He'll have an opinion on every name on the list.""]"
935ef165-7156-4959-83d7-99cd70d39ffd,france,country,news,routine,,t,2026-07-10 08:49:38.003508,2026-07-10 08:49:40.896,0.04820820000000000000,,,t,Mbappe picked up a knock to his ankle against Morocco. He says he's 'all good' before the semi-final.,He'll be keeping an eye,Mbappe got a knock vs Morocco but says 'I'm all good.' France are in the semi-finals.,It's like showing up to your best friend's hen do with a rolled ankle and still doing the whole thing in heels. Mbappe is not sitting this one out.,"[""Tell him Mbappe got a knock on his ankle but says he's fine. He'll have strong feelings about whether to believe it."", ""Ask him: does Mbappe play through injury, or should France rest him for the semi?"", ""He'll be watching Mbappe's every move. Drop 'he says he's all good' and see how he reacts.""]"
5367bd3a-5066-4879-a0da-d99631801150,norway,country,news,routine,,t,2026-07-10 08:51:32.032384,2026-07-10 08:51:34.862,0.04716026666666666667,,,t,Erling Haaland was born in Leeds. He's scored seven times at this World Cup and faces England in the quarter-final on Saturday.,He's going to have opinions,"Haaland was born in Leeds, now faces England in the World Cup quarter-final on Saturday.",It's like finding out your work rival grew up on the same street as you. Haaland was born in Leeds. Now he's the one trying to knock England out.,"[""Tell him Haaland was born in Leeds and is scoring against England on Saturday. He'll have a lot to say about the story."", ""Ask him: does the Leeds connection make Haaland want it even more against England?"", ""Drop 'born in Leeds, playing against England in the World Cup quarter-final' and see how fast he pulls up the stats.""]"
975cedbb-47c7-4bbc-89b6-d045388bfdf5,portugal,country,news,routine,,t,2026-07-10 08:52:51.22864,2026-07-10 08:52:54.019,0.04650600000000000000,,,t,Cristiano Ronaldo said this was going to be his last World Cup. Portugal lost to Spain on Monday. His chapter is now closed.,He'll go quiet for a minute,Ronaldo said this was his last World Cup. Portugal lost to Spain. His chapter is closed.,"It's like the final season of Succession, except no one got the ending they deserved. Ronaldo's chapter closed in the most Spain way possible.","[""Tell him Ronaldo said this was his last World Cup and it's over after the Spain defeat. He'll want to talk about the legacy."", ""Ask him: where does Ronaldo rank among the all-time World Cup players?"", ""He might go quiet for a minute. Let him. Then ask if Portugal can rebuild without him.""]"
0efaf3ac-ab38-42c3-97b5-52cf888072f2,switzerland,country,news,routine,,t,2026-07-10 08:56:52.882544,2026-07-10 08:56:56.438,0.05925760000000000000,,,f,Switzerland midfielder Johan Manzambi has a knee injury and is a doubt for Sunday's World Cup quarter-final against Argentina.,He'll be checking team news,Manzambi has a knee injury and may miss Switzerland's QF vs Argentina Sunday.,It's like your lead singer getting a throat infection the morning of Glastonbury. Switzerland are hoping Manzambi can shake it off before Sunday.,"[""Manzambi's knee injury has Switzerland sweating before the Argentina quarter-final, does he think they can still go through without him?"", ""Switzerland have made the World Cup quarter-finals, what does he make of their chances against Argentina on Sunday?""]"
38d81f90-cd1e-46b3-9e8d-3a8206783f20,usa,country,news,routine,,t,2026-07-10 08:59:13.917106,2026-07-10 08:59:16.722,0.04674823333333333333,,,f,"USA confirm Christian Pulisic fractured his leg in the 4-1 Round of 16 defeat to Belgium, he is out for several weeks.",He'll be gutted about this,Pulisic broke his leg in the 4-1 Belgium loss. USA's star man is out for several weeks.,"It's like limping off stage at Glastonbury, you came to perform, and the show is over, but the injury is the thing that follows you home. Pulisic fractured his leg against Belgium and won't be back on a pitch for weeks.","[""Pulisic fractured his leg in the Belgium loss and faces weeks out, does he think the USA's World Cup campaign was still a success overall?"", ""With Pulisic injured for weeks, AC Milan will be without him for the start of the season, does he follow Italian football at all?""]"
7df5c8a7-fdc2-4f43-af42-6f51eff3b476,world_championship,tournament,news,routine,,t,2026-07-10 13:25:06.104142,2026-07-10 13:25:17.531,0.19044763333333333333,world_championship:2026-07-10:spain-vs-belgium,preview:1581821,t,Spain face Belgium in the World Championship quarter-final tonight. Lose and the tournament is over.,Order in tonight,"Spain vs Belgium, World Championship quarter-final tonight. Kicks off at 9pm his time.",Spain haven't conceded a single goal in five games. It's like being on a 30-day spend-nothing streak and your best mate just texted asking if you're coming to the Sabrina Carpenter presale.,"[""Tell him Spain haven't let in a single goal in their last five games. Watch him work out whether Belgium can change that tonight."", ""Ask him: does he think Lukaku can be the difference-maker for Belgium in a game like this?"", ""Drop that Spain boss Luis de la Fuente has been talking about his team's 'identity' in the build-up. Watch him take a side.""]"
1597985a-c357-4138-8b19-8c5fa5328e83,spain,country,matchday,edge_function,,f,2026-07-10 23:00:05.167103,,,,1581821,t,Spain beat Belgium 2-1,,,,"[""Ask him how far he thinks they can go now.""]"
925560c6-3203-4902-b479-f2585590b9c8,belgium,country,matchday,edge_function,,f,2026-07-10 23:00:05.26679,,,,1581821,f,Belgium lost 1-2 to Spain,,,,"[""Their run is over. He might need a minute.""]"
e33c3ca8-dec5-4ad0-bf0e-63df2b9fc8a2,world_championship,tournament,matchday,edge_function,,f,2026-07-10 23:00:06.17753,,,,1581821,f,Spain beat Belgium 2-1,,,,[]
3bfb5358-f006-45de-94bf-02dadede5a78,argentina,country,news,routine,,t,2026-07-11 00:49:20.971607,2026-07-11 00:49:24.164,0.05320655000000000000,,,t,Argentina's football association says it may have been hacked. Emails from its accounts apparently criticised the refereeing of the Egypt win.,Getting interesting,Argentina's FA may have been hacked. Their accounts sent emails criticising the Egypt ref.,Someone sent a sharply-worded email about the referee from the FA's own account. They're calling it a hack. Very 'sent from my iPhone I swear' energy.,"[""He's been following the Argentina and Egypt referee row. Tell him Argentina's own FA emails are now involved. He'll want to weigh in."", ""Ask him: does this look more like an internal leak or a genuine hack?"", ""Tell him the emails apparently came from Argentina's official football accounts. The FA is calling it a cyber attack.""]"
d17a6493-c3ad-4569-aa23-45561343342b,belgium,country,news,routine,,f,2026-07-11 00:49:38.105342,,,,,f,"Belgium are out. Spain beat them 2-1 in the World Championship quarter-final, with Mikel Merino (Spain midfielder) scoring the winner in the 88th minute.",He'll be gutted,"Belgium are out. Spain beat them 2-1, Merino scored in the 88th.","A substitute came on and decided the match. It's like spending all night getting ready, then your mate snatches the last taxi.","[""He'll be gutted if he's following Belgium. Tell him Merino came on as a sub and scored in the 88th. That one really stings."", ""Ask him if he thinks Spain or France will win the semi-final."", ""Belgium put in the work for 87 minutes. Tell him that's World Championship football for you.""]"
b2a9ae54-6c20-411d-b6bc-c49db3c0e5c4,cape_verde,country,news,routine,,f,2026-07-11 00:49:57.313035,,,,,f,A new species of sea slug has been named after Cape Verde goalkeeper Vozinha to celebrate his World Championship performance against Spain.,Cape Verde keeper immortalised,A new sea slug species was named after Cape Verde keeper Vozinha.,Forget Man of the Match. Scientists named a new species of sea slug after Cape Verde's keeper Vozinha. That's a different level of recognition.,"[""Tell him Cape Verde's keeper Vozinha now has a sea slug named after him for his World Championship performance against Spain. He'll love this."", ""He'll probably say it's the best story of this tournament. Hard to disagree."", ""Vozinha faced Spain at the World Championship and impressed enough for scientists to name a new species after him.""]"
75c1295d-1689-46d8-bfd2-9f9d01440672,england,country,news,routine,,t,2026-07-11 00:50:50.31732,2026-07-11 00:50:54.054,0.06227800000000000000,,,f,"Rice, Guehi, and James all trained with England today. All three were fitness doubts heading into tomorrow's quarter-final against Norway.",Crisis averted,"All three England injury doubts trained today. Rice, Guehi, and James cleared for Norway.",Three players who were doubts all turned up to train the day before the biggest game of the tournament. It's like the friend who was 'probably not coming' texting 'on my way' at 9pm.,"[""Tell him all three England fitness doubts trained today. Rice, Guehi, and James all cleared for Norway tomorrow."", ""Ask him: does he think England can stop Haaland with a full squad?"", ""All three had different issues this week. Seeing them all train together today is a big deal for England going into this quarter-final.""]"
5fdb6b68-e019-49c0-a747-0fcd80ea4ecf,france,country,news,routine,,t,2026-07-11 00:51:12.32391,2026-07-11 00:51:15.483,0.05265150000000000000,,,t,"Spain beat Belgium 2-1 in the quarter-final today. France now know their semi-final opponents: it is Spain, after Merino's late winner in the 88th minute.",Semi-final sorted,Spain beat Belgium 2-1 today. France face Spain in the World Championship semi-final.,Finding out your next big work presentation is being judged by someone you respect but who genuinely intimidates you. France have their Spain problem confirmed.,"[""He's been waiting to see who France would face. Tell him it's Spain, after Merino scored in the 88th to knock out Belgium."", ""Ask him if he thinks France can handle Spain in the semi-final."", ""Spain's Merino has now scored late winners against both Portugal and Belgium. He'll have strong feelings about whether France can stop that.""]"
14f8b56e-9801-48e5-a1fe-ca0054118ce7,mexico,country,news,routine,,t,2026-07-11 00:51:34.652351,2026-07-11 00:51:37.294,0.04402748333333333333,,,f,Mexico boss Javier Aguirre swore at England's Anthony Gordon during their World Championship match. The clip went viral. Gordon says it was just good fun.,He'll appreciate this one,Mexico boss Aguirre swore at England's Gordon. Gordon says it was just fun.,Your manager cursing at the opposition mid-game and making it to Twitter. It's giving very 'muted on the Zoom call but the whole room can hear you.',"[""Tell him Mexico's manager got caught swearing at England's Gordon in a moment that went viral. Gordon's reaction: just a bit of fun."", ""Ask him if he thinks managers should be able to trash-talk during games."", ""Mexico's boss Javier Aguirre became one of the viral moments of this World Championship. He wouldn't mind that.""]"
02794a5a-bbf5-460d-9b8e-35530dfad41f,norway,country,news,routine,,t,2026-07-11 00:51:50.885709,2026-07-11 00:51:53.825,0.04898818333333333333,,,f,"Norway boss Stale Solbakken says England are the favourites to reach the World Championship semi-finals, ahead of Saturday's quarter-final.",Underdog energy,Norway boss says England are the favourites to reach the semi-finals.,Your manager telling the whole company that a rival's product is better before the big client call. Solbakken just pulled that move.,"[""Tell him Norway's manager publicly said England are favourites to reach the semi-finals. The day before the quarter-final."", ""Ask him: is this mind games or genuine honesty from Norway's manager?"", ""Norway's manager said England are favourites. Haaland earlier said the pressure is all on England. That's an interesting approach from Norway.""]"
f7efc67b-9b2c-4377-b696-6469157ec92a,portugal,country,news,routine,,t,2026-07-11 00:52:15.526124,2026-07-11 00:52:18.302,0.04626460000000000000,,,f,Jorge Jesus named Portugal's new head coach on a four-year deal. First thing he said: there is still room in the side for Cristiano Ronaldo.,Ronaldo's not done yet,Portugal named Jorge Jesus as new coach. He says Ronaldo is still in his plans.,"The new boss walks in, looks at the squad list, and refuses to cross off the name everyone expected to be gone. That's Jesus's first move.","[""Tell him Portugal have confirmed Jorge Jesus as new manager on a four-year deal. He says Ronaldo is still in his plans."", ""Ask him: does Ronaldo deserve another chance under the new coach?"", ""Portugal lost to Spain, Ronaldo said it was his last World Championship. Now the new coach says he's still in the plans. That's a twist.""]"
cc41c204-e99b-43d3-aede-cab7d3234999,qatar,country,news,routine,,f,2026-07-11 00:52:37.434594,,,,,f,Qatar's Madibo has received a five-match ban for his challenge on Kone at the World Championship. BBC Sport is asking if the punishment fits the crime.,Five games for Madibo,Qatar's Madibo got a five-match ban for his challenge on Kone.,The person who got a formal written warning for something everyone else gets a chat about. Now it's a whole debate.,"[""Tell him Qatar's Madibo got a five-match ban for a challenge. BBC Sport are questioning if it was too harsh."", ""Ask him: what's the right punishment for a bad tackle at a World Championship?"", ""Madibo challenged someone called Kone and walked away with five games. He'll have a view on whether that's proportionate.""]"
df2c9506-5c3d-4987-ad43-d0be4d6fed83,spain,country,news,routine,,f,2026-07-11 00:52:56.489905,,,,,t,Mikel Merino has done it again. He scored in the 88th minute to beat Belgium 2-1 and send Spain into the World Championship semi-finals against France.,Merino again,Spain beat Belgium 2-1. Merino scored in the 88th minute. Spain vs France in the semis.,The substitute who keeps coming on and deciding everything. It's like the colleague who works part-time and somehow ends up in every highlight reel.,"[""He's been watching Merino's tournament. Tell him he came on again and scored again in the 88th minute. Belgium out, France up next."", ""Ask him if he thinks Spain or France will win the semi-final."", ""Merino has now scored late winners against both Portugal and Belgium. He'll want to know if he can do it against France too.""]"
2e9dfba7-87ff-4a21-bd03-40423da503d2,world_championship,tournament,news,routine,,t,2026-07-11 07:40:04.544553,2026-07-11 07:40:11.453,0.11514078333333333333,world_championship:2026-07-12:argentina-vs-switzerland,preview:1582681,t,"Messi has 8 goals in this World Championship, and now Argentina face Switzerland in the quarter-final.",He'll be up late for this,Messi's Argentina vs Switzerland in the World Championship quarter-final. 03:00 his time.,Messi's side keep dragging wins from the edge of disaster. Like buying a Zara dress two hours before the wedding and it being perfect. Infuriating and brilliant at the same time.,"[""Tell him Messi's scored 8 goals in this tournament. He'll either list them all or run you through the best one."", ""Argentina's own defender Romero admitted this week their defense 'bothers us.' Mention it and he'll have thoughts."", ""Ask him if Switzerland can really pull off an upset, or if Messi just has too much for them.""]"
97be52e2-0651-452a-af28-c5954f43f632,world_championship,tournament,news,routine,,t,2026-07-11 07:45:37.845539,2026-07-11 07:45:42.147,0.07169101666666666667,world_championship:2026-07-11:norway-vs-england,preview:1581037,t,"Norway knocked out Brazil to get here. Now they face England in the World Championship quarter-final, with Haaland on 7 goals.",11pm and Haaland's in town,"Norway vs England, World Championship quarter-final. 23:00 his time. Haaland has 7 goals.",Norway knocked out Brazil. Your wallflower friend just became the hen do's main character.,"[""Tell him Norway knocked out Brazil to get to this quarter-final. He'll have strong feelings about that."", ""Norway's own manager told BBC Sport he thinks England will make the semis. Watch him debate whether it's a mind game."", ""Ask him if Haaland gets one early, what does England do then?""]"
4b15397f-75e2-4ff3-86e2-57427f892e84,argentina,country,news,routine,,t,2026-07-11 08:49:28.485056,2026-07-11 08:49:31.048,0.04271573333333333333,,,f,Romero (Argentina defender) said the defence leaking goals 'bothers' him ahead of tonight's World Championship quarter-final against Switzerland.,He'll be stressing about this,Romero says Argentina's defence worries him before tonight's quarter-final vs Switzerland.,"Like someone sliding into your DMs to say 'just so you know, I've been struggling lately' before your first date. Noted, but maybe dial it back?","[""Tell him Argentina's own defender admitted the defence has been a problem going into tonight. Romero said it publicly."", ""Ask him: is that honesty or panic from Romero before such a huge game?"", ""He'll either say 'Messi will sort it' or go quiet about the defence. Either reaction is very telling.""]"
f59ea1e2-84f2-4ab2-8de4-732a89fb6cb1,belgium,country,news,routine,,t,2026-07-11 08:50:10.858298,2026-07-11 08:50:13.534,0.04459503333333333333,,,t,Keeper Senne Lammens made a costly error that helped end Belgium's run. Now some are asking if this is the end of their golden generation.,One mistake. An era over.,Lammens' error helped end Belgium's run. Is their golden generation done?,Like the Bake Off final where the most technically gifted baker drops their showstopper right at the last minute. Belgium's generation deserved better.,"[""Tell him Belgium's goalkeeper made a costly error that helped Spain through. Not the way anyone wanted it to end."", ""Ask him: does he think this is the end of Belgium's golden generation?"", ""He'll have strong feelings about the goalkeeper's error. If he's not already talking about it, ask what he thinks happened.""]"
163af8fa-0dc6-454f-ab7e-8b251b52a503,england,country,news,routine,,t,2026-07-11 08:50:31.537735,2026-07-11 08:50:34.985,0.05745441666666666667,,,f,Jordan Pickford (England goalkeeper) has entered the World Championship history books. Some think it's finally time he got his flowers.,He'll frame this one,Pickford is in the World Championship record books. He'll want to read every word.,"Like finally tagging the friend who drove everyone home on the group holiday, years after. Pickford's been doing the work, they're finally saying it.","[""Tell him Pickford is officially in the World Championship record books. Let him take it from there."", ""Ask him: does he think Pickford gets enough credit for what he does for England?"", ""He'll have a lot to say about Pickford one way or another. Strong opinions across England fans on this one.""]"
d533bddf-b39c-4d9e-9650-97e3e6806466,england,country,news,routine,,t,2026-07-11 08:51:27.312658,2026-07-11 08:51:29.685,0.03953903333333333333,,,t,Bellingham (England midfielder) and Haaland (Norway striker) are football's best mates. Tonight they're opponents in the World Championship quarter-final.,Best mates. Opponents tonight.,"Bellingham and Haaland are best friends. Tonight, opponents. He'll feel this one.","Like two friends who ended up at rival companies after the same internship and have been cheering each other on ever since. Tonight, only one of them wins.","[""Tell him Bellingham and Haaland are proper best mates off the pitch. They're on opposite sides tonight."", ""Ask him: who wins the battle tonight, Bellingham or Haaland?"", ""Watch how he reacts when they're both on the pitch. He'll pick a side but feel weird about it.""]"
c4fe41e3-6bd3-4814-98ed-31db415ef023,england,country,news,routine,,t,2026-07-11 08:51:46.019875,2026-07-11 08:51:48.021,0.03335208333333333333,,,f,Harry Kane (England striker) has vowed England are ready to peak right now in this World Championship. He also played down comparisons with Norway's Haaland.,He'll want to quote Kane,Kane says England are ready to peak at the World Championship. Perfect timing.,Like a Hinge match who spent three years self-improving and is now back saying 'I'm ready' on the app again. Kane's claiming this is peak England.,"[""Tell him Kane says England are ready to peak right now. That's the captain-energy he'll want to hear."", ""Did you know Kane played down the Haaland comparisons? He said they're completely different players."", ""He's been holding his breath about England's form. Drop 'Kane said they're ready to peak' and see if he relaxes.""]"
e3425870-871c-444e-a1d8-f38dbcd3912b,france,country,news,routine,,t,2026-07-11 08:52:27.230028,2026-07-11 08:52:29.804,0.04289953333333333333,,,t,Mbappe (France captain) isn't just scoring goals. He's urging the team to stay humble ahead of the World Championship semi-final against Spain.,He's running this tournament,"Mbappe isn't just scoring. He's captain, keeping France grounded. Spain on Tuesday.",Like the quiet one in the group chat who suddenly becomes the person everyone DMs when the drama starts. Mbappe's been leading all along.,"[""Tell him Mbappe is captaining France and actively asking them to stay humble. That's unexpected from him."", ""Did you know Deschamps gave Mbappe the captain's armband? Ask him if that's made France more dangerous."", ""He'll probably say France are the favourites. See if he's worried about it.""]"
d405a2eb-6cb2-457d-93aa-e41105b3ab4a,norway,country,news,routine,,t,2026-07-11 08:52:59.018301,2026-07-11 08:53:02.207,0.05314498333333333333,,,f,"Norway's run to the quarter-finals wasn't luck. Artificial turf, gambling investment, and a no-ego coaching revolution built this generation.",It wasn't luck,Norway rebuilt their football system from scratch to get here. He'll want all the details.,Like finding out the girl who seems to have it all effortlessly actually had a ridiculously detailed five-year plan and just never told you.,"[""Tell him Norway's quarter-final run wasn't luck. They rebuilt their entire football system to get here."", ""Ask him: did he know Norway's coaching system is built on collaboration and no individual egos?"", ""He'll love this. Small country, huge quarter-final, and a master plan behind all of it.""]"
08c960f7-0196-458f-8238-ad0e9834c58e,norway,country,news,routine,,t,2026-07-11 08:53:28.476982,2026-07-11 08:53:32.019,0.05903363333333333333,,,f,Haaland (Norway striker) plays with some of England's squad at Man City every day. Pundits say that gives him a real edge tonight.,Inside information,Haaland knows England's City players inside out. Pundits say that's a real edge tonight.,Like finding out your ex's new partner used to be your colleague who's seen your entire 9am presentation style. He's got the notes.,"[""Tell him Haaland has an advantage. He plays with some of England's squad at Man City every single day."", ""Ask him: which England players does Haaland know best from club football?"", ""He'll argue this either proves Norway can win or that England can counter it. Either way, he'll have a take.""]"
32f38014-fc3d-4c42-be3a-dac02b42b4d0,spain,country,news,routine,,t,2026-07-11 08:54:11.793343,2026-07-11 08:54:15.113,0.05532761666666666667,,,t,Spain are in the World Championship semis. The subplot: Lamine Yamal (Spain forward) has been brilliant but is still waiting for his truly defining moment.,Still waiting for Yamal,Spain through. But Yamal's big moment is still ahead. France on Tuesday.,"Like the person at work everyone's been hyping for months, solid but not quite show-stopping yet. Everyone's still waiting.","[""Tell him Spain keep winning without Yamal having his best match yet. They might be saving something for France."", ""Ask him: is Yamal Spain's biggest weapon or is Merino proving he's just as important?"", ""He'll have strong feelings about who Spain's real match-winner is. You don't even need to ask.""]"
d8abb867-3151-4eb8-9382-fbca5e911b9f,spain,country,news,routine,,t,2026-07-11 08:54:31.657632,2026-07-11 08:54:33.898,0.03733946666666666667,,,t,Lamine Yamal (Spain forward) has a message for France ahead of Tuesday's World Championship semi-final: 'France should fear us.',He said it out loud,Yamal told France they should be scared of Spain. He's not backing down.,Posting your 'I've got this' affirmation story the morning before the interview. Yamal's manifesting out loud.,"[""Drop 'Yamal says France should fear Spain' and see if [his name] laughs or nods."", ""Ask him: is that confidence or arrogance from Yamal?"", ""He'll either love the audacity or think Yamal jinxed it. Let him decide.""]"
91e8652b-d529-499f-8d9f-9b299dd5ad42,argentina,country,news,routine,,t,2026-07-12 00:39:41.365408,2026-07-12 00:39:44.725,0.05599320000000000000,,,t,Messi missed a penalty at this World Championship. BBC Sport is asking if Argentina should give the spot kicks to someone else tonight against Switzerland.,He'll have thoughts,BBC: should Messi take penalties? He missed one in this tournament.,"It's like the mate who always books the birthday restaurant, then picked one that was awful last time. Now the group chat has opinions.","[""Ask him: if Messi misses a penalty against Switzerland, does he think they should change who takes them?"", ""Tell him BBC Sport ran the debate today. He'll have already worked it out."", ""Watch how he reacts if penalties come up tonight. He'll either back Messi completely or have his own shortlist ready.""]"
30548f2f-8308-4f03-b377-5ea2eabb4b81,belgium,country,news,routine,,t,2026-07-12 00:41:48.911336,2026-07-12 00:41:51.945,0.05056106666666666667,,,f,Belgium manager Garcia benched Courtois against Spain. Replacement Lammens made the error. Now Garcia faces backlash and says: 'Only 100% fit players can play.',He'll side with Courtois,Belgium's manager benched Courtois. Lammens made the error. Garcia's defending the call.,"It's like the friend who switched restaurants at the last minute for the birthday dinner, it went wrong, and is now texting the group chat: 'I stand by the choice.'","[""Tell him Garcia said 'only 100% fit players can play' and then Courtois' replacement made the error. He'll have a verdict immediately."", ""Ask him: was Garcia right to bench Courtois, or was it the wrong call?"", ""Watch how quickly the conversation moves from 'Belgium are out' to 'Garcia should never have done that.'""]"
7d3c94e3-d274-4caf-bc24-cc6d05d0bab0,germany,country,news,routine,,t,2026-07-12 00:46:11.087057,2026-07-12 00:46:14.553,0.05776571666666666667,,,t,Klopp (former Liverpool manager) has agreed in principle to become Germany's new head coach. Nagelsmann resigned after Germany's early World Championship exit.,He's going to have opinions,Klopp agreed in principle to manage Germany. Nagelsmann resigned after their early exit.,"It's like the friend who quit her corporate job, spent a year in Bali, and then got a WhatsApp from Chanel asking if she was ready to run the whole thing.","[""Tell him Klopp just agreed to manage Germany. It's been confirmed by the German federation today."", ""Ask him: can Klopp work his magic with a national team the way he did at Liverpool?"", ""Watch how quickly he starts working out who Germany could line up for the 2030 World Championship.""]"
f4c78b57-779d-4a26-801c-32aa2eb3269c,south_africa,country,news,routine,,t,2026-07-12 00:50:19.338449,2026-07-12 00:50:25.561,0.10370918333333333333,,,t,"South Africa midfielder Jayden Adams has died at 25, just weeks after playing at the World Championship. He also played for Mamelodi Sundowns.",Sad news today,"South Africa's Jayden Adams, who played at this World Championship, has died aged 25.",,"[""Tell him South Africa's World Championship player Jayden Adams has died aged 25. He played in the group stage."", ""Ask him if he caught any of South Africa's group games."", ""Adams played for Mamelodi Sundowns and was only 25. The South African Football Players Union confirmed it.""]"
cf229bb1-df95-4812-ae8e-4e05fb1f2ff8,switzerland,country,news,routine,,t,2026-07-12 00:50:55.004466,2026-07-12 00:50:57.351,0.03910890000000000000,,,f,"Xhaka was booed off by his own fans at Arsenal. He's battled back to become Switzerland's most influential player, ahead of the Argentina quarter-final.",Underdog story incoming,Xhaka was booed at Arsenal. Now he's Switzerland's key man. Argentina tomorrow.,"It's like the girl who got publicly roasted in a work meeting, went quiet for six months, then came back and ran the best quarter the company had ever seen.","[""Tell him BBC Sport has a full piece today on how Xhaka went from being booed at Arsenal to being Switzerland's main man."", ""Ask him: can Xhaka's redemption story continue against Argentina tomorrow?"", ""Watch how quickly he tells you everything he remembers about the Arsenal booing. He'll have the full context.""]"
1be46a0a-7140-4e8c-b8e5-5f7042168057,norway,country,matchday,edge_function,,f,2026-07-12 01:47:03.081603,,,,1581037,t,Norway lost 1-2 to England after extra time,,,,"[""Their run is over. He might need a minute.""]"
aa15da92-9c2b-4124-9355-982ef7d88aa0,england,country,matchday,edge_function,,f,2026-07-12 01:47:03.225066,,,,1581037,f,England beat Norway 2-1 after extra time,,,,"[""Ask him how far he thinks they can go now.""]"
cbb3bbad-c7b8-4d2b-bfef-12ce0f055495,world_championship,tournament,matchday,edge_function,,f,2026-07-12 01:47:04.064968,,,,1581037,f,England beat Norway 2-1 after extra time,,,,[]
7acda19b-e38f-4139-a529-afdd637674d6,argentina,country,matchday,edge_function,,f,2026-07-12 05:45:04.864694,,,,1582681,t,Argentina beat Switzerland 3-1 after extra time,,,,"[""Ask him how far he thinks they can go now.""]"
f3b2f579-a765-4543-a07f-68a8ac5c9b28,switzerland,country,matchday,edge_function,,f,2026-07-12 05:45:05.091796,,,,1582681,f,Switzerland lost 1-3 to Argentina after extra time,,,,"[""Their run is over. He might need a minute.""]"
787b9f5d-0529-4cad-b927-3bb872089083,world_championship,tournament,matchday,edge_function,,f,2026-07-12 05:45:05.908149,,,,1582681,f,Argentina beat Switzerland 3-1 after extra time,,,,[]
db84bfe8-a526-4d01-8f8b-e34d93af9ee5,argentina,country,news,routine,,t,2026-07-12 13:12:40.611729,2026-07-12 13:12:43.809,0.05328785000000000000,,,t,"Lionel Messi (Argentina captain) has never played England in his career. On Wednesday, that finally changes in the World Championship semi-final.",Whiteboard material,Messi's never played England. That changes Wednesday in the World Championship semi.,It's like two Love Is Blind cast members who somehow never got put in the same pod finally being matched in the finale.,"[""Tell [his name] Messi has never played England before in his career. Watch him either fact-check you immediately or launch a full monologue."", ""Ask him which Messi shows up on Wednesday, the tournament Messi or the one who fades on the very biggest nights."", ""He's been following this tournament for weeks. The England-Argentina semi is exactly what he's been waiting for.""]"
9cb779ea-b4e0-414e-ab7c-2a1eb7932702,england,country,news,routine,,f,2026-07-12 13:13:38.220948,,,,,f,"Tuchel (England manager) called his players 'sloppy' after the 2-1 Norway win. Bellingham, who scored both goals, responded: 'Yeah, well, whatever.'",He'll have opinions,"Tuchel called England 'sloppy' after Norway. Bellingham: 'Yeah, well, whatever.'",It's like your mum texting 'fine but you should have cleaned before guests arrived' after you threw a successful party. Bellingham's basically the kid who stopped explaining himself.,"[""Drop 'Tuchel called them lucky' and watch [his name] pick a side. He'll definitely have a take on his own manager saying that."", ""Ask him if a manager criticising his own winning team is honest or just bad timing."", ""Bellingham's response was three words: 'Yeah, well, whatever.' That's the energy right there.""]"
72248eb1-e4a0-483a-afd2-ebb667fb2428,norway,country,news,routine,,f,2026-07-12 13:14:08.537216,,,,,f,Norway lost 1-2 to England and are out. Manager Solbakken says it was 'pretty clear' Bellingham's equaliser hit an overhead cable and shouldn't have stood.,He'll be a bit gutted,Norway lost 1-2 to England. They say Bellingham's goal hit a cable. FIFA say it was clean.,It's like screenshotting the 'read' receipt and he still says he didn't see your message. Norway have the receipts.,"[""Tell [his name] Norway's manager says the ball definitely hit the overhead cable. He'll either defend England or demand a full review."", ""Ask him if he thinks the goal should have stood. Solbakken says 'pretty clearly' not."", ""He's been talking about how England got through. Even England's own manager admitted they 'got lucky.'""]"
87133ed5-54fa-4138-8f20-c9fdb9ca00b4,senegal,country,news,routine,,t,2026-07-12 13:14:32.779523,2026-07-12 13:14:35.538,0.04597461666666666667,,,f,Senegal sacked manager Pape Thiaw after the national team's last-32 exit from the World Championship. They went out 3-2 to Belgium after extra time.,He'll have opinions,Senegal sacked manager Pape Thiaw. Their last-32 World Championship exit cost him the job.,"It's like getting feedback on the group project three days after a C grade: the result was bad enough, the email didn't help.","[""Tell [his name] Senegal already sacked their manager. The tournament barely ended and the clear-out has started."", ""Ask him if losing at the last-32 is enough reason to sack a manager straight away."", ""This is the post-tournament manager clear-out beginning. Thiaw's the first out.""]"
5dfe63dc-acb2-4873-9c65-e116e70ad24e,switzerland,country,news,routine,,t,2026-07-12 13:15:05.000304,2026-07-12 13:15:08.502,0.05836160000000000000,,,t,"Breel Embolo (Switzerland forward) made history for the wrong reasons, becoming the first player ever sent off under football's new mistaken identity rule.",That's a first,Switzerland lost 3-1 to Argentina. Embolo first red under mistaken identity rule.,"It's like the wrong person getting blamed in the group chat, then someone finds the original post. Embolo was outed by the receipts.","[""Tell [his name] Switzerland had a player sent off for a rule nobody's seen used before. He'll explain it better than anyone."", ""Ask him if the red card changed the game. Switzerland were 1-1 at 90 minutes before Argentina scored twice in extra time."", ""Embolo's the first player in history to get this kind of red card. It's a new rule nobody expected to see applied this quickly.""]"
c4a77f98-6fdb-4ff0-8926-92474eea0101,england,country,news,routine,,t,2026-07-13 00:45:38.979817,2026-07-13 00:45:42.71,0.06216971666666666667,,,t,"England's Declan Rice (midfielder) was sick in bed for nearly three days before the Norway quarter-final, Tuchel revealed. He played anyway. They won.",Three days in bed.,Tuchel: Rice was in bed sick three days before Norway. He still played.,"Like your mate who swore she was too ill to make the group dinner, then sent a photo from the restaurant table at 9pm.","[""Tell him Rice was in bed ill for three days before that Norway win. He'll probably be checking every fitness update between now and Wednesday."", ""Ask him: does knowing Rice was sick make the win more impressive, or does it make him nervous about the Argentina semi-final?"", ""He'll want to see how Rice looks in training this week. Worth asking if he's been following the updates.""]"
b34b17f4-6857-4a9a-8882-2882fdb9d8ef,norway,country,news,routine,,t,2026-07-13 00:46:03.407521,2026-07-13 00:46:05.754,0.03910798333333333333,,,f,"Alf-Inge Haaland (Erling's dad, former Norway international) says Norway were 'robbed' against England. He still hopes England win the tournament.",Haaland's dad weighs in.,Haaland's dad: Norway were 'robbed' against England. He hopes England win it anyway.,It's like when someone's mum slides into the group chat after her daughter gets voted off Love Island to say the producers rigged it.,"[""Tell him Erling Haaland's dad came out saying Norway were robbed. He'll have a whole opinion on the TV wire controversy."", ""Ask him: was England lucky, or does it not matter how you get through?"", ""Watch what he says when you mention Haaland's dad still wants England to win. Classy or very Scandinavian, depending on his mood.""]"
2cae94a6-810f-4b75-a33c-62de8933f059,england,country,news,routine,,t,2026-07-13 08:45:56.207754,2026-07-13 08:45:59.984,0.06293743333333333333,,,t,England's fourth World Championship semi-final in five major tournaments. Captain Harry Kane: 'we have another level to reach.' Argentina on Wednesday.,He'll have a whiteboard out,England face Argentina Wednesday. Kane says they've got 'another level' to reach.,Like making it to the Bake Off tent final four out of five years. At some point it stops being a lucky run and starts being just who they are.,"[""Tell him England have been in four of the last five major tournament semi-finals. He'll start listing them."", ""Kane says England haven't peaked yet. He'll either believe it or tell you exactly why they have."", ""Ask him: is this England's best shot at winning the World Championship since 1966?""]"
1449f48e-0707-4cb9-8a90-a9c65a813a5b,argentina,country,news,routine,,t,2026-07-14 00:47:00.248062,2026-07-14 00:47:03.764,0.05859896666666666667,,,f,Argentina will wear their navy blue away kit for Wednesday's World Championship semi-final against England. They're calling it the 'lucky' strip.,Lucky kit incoming,Argentina are wearing blue on Wednesday. The lucky strip. England in white.,Like keeping the exact playlist from your first date on rotation before every big night out. Fully irrational. Completely worth it.,"[""Tell him Argentina are going blue on Wednesday. He'll have something to say about the history of that shirt."", ""Ask him: does the kit choice actually change anything, or is it all in their heads?"", ""He probably knows every England-Argentina game by heart. Ask him which one still stings the most.""]"
3803ee46-6349-4ed1-9ee1-8fd959fbde49,croatia,country,news,routine,,t,2026-07-14 00:47:25.601617,2026-07-14 00:47:27.631,0.03382305000000000000,,,f,Croatia have reappointed Slaven Bilic (former Croatia defender) as the manager of their men's national team.,Familiar face,"Croatia brought back Slaven Bilic as national team manager. Former player, returning boss.",Like your mate's ex sliding back into the group chat after going quiet for a year. Nobody's shocked. Nobody's upset. Just... there they are again.,"[""Tell him Croatia brought Bilic back as manager. He'll have a whole take on whether it's the right call."", ""Ask him: is reappointing a manager ever really a bold move, or just the safe option?"", ""He probably knew Bilic was coming back before it was even announced. See if he's surprised.""]"
f9745fa1-28c4-4971-817d-1dbfaafbcb3f,england,country,news,routine,,t,2026-07-14 00:47:43.785654,2026-07-14 00:47:46.601,0.04692243333333333333,,,f,Declan Rice (England midfielder) is set to overcome illness and retain his place for Wednesday's World Championship semi-final against Argentina.,He's smiling again,Rice expected to start England's semi-final on Wednesday despite illness. He's back in.,Like calling in sick Monday and showing up for the conference in a blazer on Thursday. Rice says he's fine.,"[""Tell him Rice is expected to start on Wednesday. He's been anxious about this one."", ""Ask him: does England's whole midfield revolve around Rice, or can they manage without him if needed?"", ""Pickford said 'we can't focus solely on Messi' today. Drop that into conversation and watch him think it through.""]"
5ae1d976-c51d-4525-9c0c-7d7684aaa282,france,country,news,routine,,t,2026-07-14 00:48:15.401254,2026-07-14 00:48:18.24,0.04731243333333333333,,,t,Deschamps (France manager) has found a way to get the best out of his attack and has a second World Championship in his sights. France face Spain on Tuesday.,Whiteboard material,France boss Deschamps has a second World Championship in his sights. Spain on Tuesday.,"Like the friend who already had her moment, stepped back, got quietly booed, and is now the one everyone's watching again. Deschamps has done it twice.","[""Tell him France have quietly become the team everyone's afraid of at this tournament. Spain tomorrow is the real test."", ""Ask him: is Deschamps actually a football genius, or did he just luck into brilliant players?"", ""Mbappe has scored eight goals at this World Championship. Eight. Tell him that if he hasn't brought it up already.""]"
579bb495-defe-4758-8ff7-aa1c8b9edee6,morocco,country,news,routine,,f,2026-07-14 00:48:44.323783,,,,,f,"Morocco are out. France beat them 2-0 in the quarter-finals. Mbappe scored, then Dembele added the second.",Quarter-final exit,Morocco lost 2-0 to France in the quarter-final. Mbappe and Dembele got the goals.,It's like showing up to a group project fully prepared and the other team has Sabrina Carpenter doing the presentation. You did your bit. They had the moment.,"[""Tell him Morocco gave it everything but France's attack was just too much. He'll have thoughts on whether they could have played it differently."", ""Ask him: did Morocco go further than he expected at this tournament?"", ""Mbappe missed a penalty, then scored anyway. If he hasn't told you about that moment yet, ask him.""]"
5316e5ee-e5a5-4e16-823d-dec18fa2b57e,norway,country,news,routine,,t,2026-07-14 00:49:35.376455,2026-07-14 00:49:38.871,0.05824241666666666667,,,t,Erling Haaland (Norway striker) and his teammates came home to a crowd of thousands after their historic World Championship run in North America.,T-shirt material,"Haaland and Norway came home to thousands of fans. Historic run, heroes' welcome.","It's like the group chat when someone in a long relationship finally proposes and everyone loses it. Thousands of people, one bloke, that much fuss. Norway loves Haaland.","[""Tell him Haaland came home to thousands of fans in the streets. He might not have seen the footage yet."", ""Ask him: was Norway's run at this World Championship what he expected, or did they surprise everyone?"", ""He's probably already watching the homecoming videos. Tell him you've seen them too. He'll love that.""]"
d863475c-8f68-4716-be62-1744bd9f44e7,spain,country,news,routine,,t,2026-07-14 00:49:57.805683,2026-07-14 00:50:00.348,0.04237195000000000000,,,f,"Spain captain Rodri (midfielder) says ahead of Tuesday's semi-final: 'France are one of the best teams here, in great form, but so are Spain. We can beat them.'",He's been saying this,Spain captain Rodri says 'we can beat' France. Tuesday's semi-final is on.,Like the friend who stays completely calm before the big interview while everyone else spirals. Rodri's that friend. Spain are that team.,"[""Tell him Rodri's exact words today: 'We can beat them.' If he's a Spain fan, he'll do a little fist pump."", ""Ask him: is Spain actually the favourite here, or is France?"", ""Spain's camp is apparently full of 'all for one' vibes right now. Tell him that. He'll relate.""]"
d8c02c70-dabf-4101-997c-4e5216a5daad,uruguay,country,news,routine,,t,2026-07-14 00:50:30.167156,2026-07-14 00:50:32.741,0.04289740000000000000,,,f,Diego Forlán (former Manchester United striker) takes over as Uruguay manager on a temporary basis. Bielsa left after an acrimonious World Championship exit.,"Old face, new role",Uruguay named ex-Man United striker Forlán as national team manager until March 2027.,It's like calling your most dependable friend when the plan collapses. Forlán answered.,"[""Tell him Uruguay brought Forlán in as manager. See if he knew who Forlán was before you said it."", ""Ask him: is a temporary appointment ever really temporary in football, or do they always end up staying?"", ""Bielsa left after what the Guardian called an 'acrimonious' exit. Forlán walked in. Tell him that, and let him explain the whole drama.""]"
669bb810-bb5d-478e-9032-3a5ba0d82f60,world_championship,tournament,news,routine,,t,2026-07-14 07:43:01.226843,2026-07-14 07:43:06.835,0.09346928333333333333,world_championship:2026-07-14:france-vs-spain,preview:1585131,t,"France want revenge for Euro 2024. Spain's Lamine Yamal turns 19 today. World Championship semi-final, tonight.",Revenge game tonight,France face Spain in the World Championship semi-final. 9pm his time. France want payback.,"It's like the Hinge date who turned you down re-matching two years later, but you've had the glow-up since.","[""Tell him France want revenge for Euro 2024 tonight. He'll know exactly what that means."", ""Lamine Yamal turns 19 today. He told journalists his only birthday present is a win tonight."", ""Ask him: France or Spain tonight? He'll have a take, even if the whole world's on the fence.""]"
86cc2d8c-a6f5-43c4-a3a0-16075f740937,england,country,news,routine,,t,2026-07-14 08:45:51.371929,2026-07-14 08:45:54.863,0.05818451666666666667,,,f,Harry Kane (England captain) says the squad is 'completely together' ahead of Wednesday's World Championship semi-final against Argentina.,Kane closed it down,Kane: 'completely together'. He's squashing any talk of divisions before Argentina.,"Like your mate who texted the group chat 'we're fine' when you all know they're not. Except here, the evidence says they actually might be.","[""Tell him Kane directly addressed the squad-tension chat. He'll either trust it completely or be very suspicious."", ""Ask him: does he think England actually are united, or is Kane just saying what he has to?"", ""He's probably been reading the stories all week. Drop 'Kane said completely together' and watch him react.""]"
bed37586-4c34-4486-8047-2560b6d371bf,france,country,matchday,edge_function,,f,2026-07-14 23:00:04.708473,,,,1585131,t,France lost 0-2 to Spain,,,,"[""The final slipped away, but there is still a medal match. Ask him if he can face it.""]"
53c6f993-fb0e-4ebb-a24e-481404d97161,spain,country,matchday,edge_function,,f,2026-07-14 23:00:04.848672,,,,1585131,f,Spain beat France 2-0,,,,"[""Ask him how far he thinks they can go now.""]"
65c4700d-1f18-43c1-991e-f7172f5816d6,world_championship,tournament,matchday,edge_function,,f,2026-07-14 23:00:05.564967,,,,1585131,f,Spain beat France 2-0,,,,[]
2f968b2b-973a-479d-ae08-a180e6ffd23d,argentina,country,news,routine,,t,2026-07-15 00:47:11.911608,2026-07-15 00:47:14.96,0.05080653333333333333,,,t,Argentina head into Wednesday's World Championship semi-final with England carrying Maradona's memory. It's been everywhere in their campaign.,He knows this one,Argentina are invoking Maradona ahead of the England semi. He'll know exactly why.,Like when your mate dedicates her marathon to someone she's lost. Argentina are running this one for Diego.,"[""Tell him Argentina are playing this one 'for Diego'. He'll give you the full 1986 story."", ""Ask him: if Messi wins tomorrow, does that top what Maradona did against England in '86?"", ""He's probably already rehearsing the whole rivalry history. Just nod and let him.""]"
bde35b21-2f88-4d06-a4b9-15d75072884d,england,country,news,routine,,t,2026-07-15 00:47:44.268164,2026-07-15 00:47:47.491,0.05371393333333333333,,,f,Henderson (England midfielder) and Quansah (England defender) are the only two players missing for tomorrow's World Championship semi-final against Argentina.,He's been checking,England are near full strength for the Argentina semi. Henderson and Quansah are out.,Like checking the group chat the morning of the big night out and seeing almost everyone's confirmed. England are about to go big.,"[""Tell him England are almost at full strength. Just Henderson and Quansah missing. He'll know exactly who that changes in the lineup."", ""Ask him: does the missing pair change how England set up against Argentina?"", ""He'll run through the whole lineup anyway. Let him. Just be ready for a long one.""]"
4fda66cc-7bf7-4788-bca5-8c1776a1fa06,france,country,news,routine,,f,2026-07-15 00:48:08.898281,,,,,t,France are out of the World Championship. Spain beat them 2-0 in tonight's semi-final in Dallas. Mbappé (France's star forward) heads home without the trophy.,He'll need a minute,France lost 2-0 to Spain in the semi. Mbappé's World Championship is over.,Like the Love Island finalist who's been building to the final for weeks. Then Spain walked in. Mbappé's spent.,"[""Tell him France lost 2-0 tonight. Spain were in control the whole time. He'll want to pick apart where it went wrong."", ""Ask him: did Deschamps (France's manager) get the tactics wrong, or was Spain just better?"", ""He'll probably say he saw this coming. Let him have that.""]"
7da7a8e9-20d9-415c-a547-8746d1da3657,morocco,country,news,routine,,f,2026-07-15 00:48:38.052889,,,,,f,Manchester City reportedly want Morocco's Ayyoub Bouaddi (18-year-old Lille midfielder) for £85m after his World Championship showing.,He might be tracking this,Man City are reportedly after Morocco's Bouaddi for £85m. Nothing confirmed yet.,Like when your mate goes on Love Island and suddenly gets three DMs from people who'd never noticed her before. Bouaddi had that World Championship.,"[""Tell him Man City reportedly want Morocco's Bouaddi, the teenager who stood out at the tournament. He'll have a take."", ""Ask him: is £85m reasonable for an 18-year-old, even after a good World Championship?"", ""He's probably been tracking which World Championship players move this summer. Drop 'Bouaddi' and see if he already knew.""]"
aeb79630-e2c5-4c7b-a2ee-95fb9adc073f,spain,country,news,routine,,f,2026-07-15 00:49:08.238785,,,,,t,Spain are into the World Championship final after beating France 2-0. Their first final since 2010. Oyarzabal (Spain forward) and Porro (Spain defender) scored.,Phone-his-dad moment,Spain beat France 2-0 in the semi tonight. Into the final. First time since 2010.,Like when Bake Off's quiet one wins after everyone wrote them off as the sidekick. Spain just took the final.,"[""Tell him Spain are in the final. Oyarzabal and Porro scored. He'll want to run through exactly how it happened."", ""Ask him: who does he want Spain to face in the final, England or Argentina?"", ""Spain's last World Championship final was in 2010 when they beat the Netherlands. He'll have the full history ready.""]"
2f917546-2ea9-45e1-a865-5ddd1be5c652,world_championship,tournament,news,routine,,t,2026-07-15 07:41:14.9776,2026-07-15 07:41:19.768,0.07984000000000000000,world_championship:2026-07-15:england-vs-argentina,preview:1586077,t,"England face Argentina in the World Championship semi-final tonight, and this one genuinely could go either way.",He's barely slept.,"England vs Argentina. World Championship semi-final, 9pm. A genuine coin flip.","Like two people matched on Hinge, both convinced the other should text first. Tonight, someone blinks.","[""Tell him Messi has 8 goals in this tournament. He'll spend the next hour explaining why Bellingham's better."", ""Ask him: does he think England have a real plan to stop Messi, or are they hoping Bellingham does something?"", ""He'll probably say this is England's biggest match in years. He's not wrong.""]"
2303c9f8-8730-44c9-8cec-6831bb50089a,argentina,country,news,routine,,t,2026-07-15 08:41:15.752639,2026-07-15 08:41:18.912,0.05265601666666666667,,,f,"Alexis Mac Allister (Argentina midfielder) had a poor season at Liverpool, but he's been Argentina's proven winner at the World Championship.",Glowing,Mac Allister struggled at Liverpool. He's been Argentina's proven winner this tournament.,It's like the Hinge match who was dead on the app but completely took over the room in person. Mac Allister found his room.,"[""Tell him Mac Allister's had a rough year at Liverpool but he's been one of Argentina's best players at the World Championship. See if he agrees."", ""Ask him: is this Argentina form enough to change how Liverpool see Mac Allister next season?"", ""He plays differently for Argentina than he has for Liverpool this year. Same person, completely different player.""]"
e58ec765-44cf-40ad-b519-2983bbd452e4,england,country,news,routine,,t,2026-07-15 08:48:05.083844,2026-07-15 08:48:07.957,0.04788593333333333333,,,t,Wayne Rooney (former England striker) called Jude Bellingham the best player at the World Championship ahead of tonight's semi-final against Argentina.,T-shirt material,Rooney just called Bellingham the best player at the World Championship. He'll agree.,It's like your mum's most critical friend saying your partner is actually the best she's ever seen. Rooney doesn't give these out freely.,"[""Tell him Rooney just called Bellingham the best player at this World Championship. He'll either agree immediately or have a much better answer ready."", ""Ask him: does he think Bellingham is genuinely the best player at this World Championship, or is that the English media doing what English media does?"", ""He's probably already got a mental ranking of the best players at this tournament. Mention Rooney's verdict and watch him update the list live.""]"
a7305437-1d33-45e3-814f-5e3fe0c65455,france,country,news,routine,,f,2026-07-15 08:48:22.973904,,,,,t,Kylian Mbappé (France forward) appeared to question manager Deschamps' tactics after France's 2-0 World Championship semi-final loss to Spain.,Mbappé vs the manager,Mbappé seemed to question Deschamps' tactics after France's 2-0 semi-final loss to Spain.,Mbappé did the sub-tweeting without the tweet. Everyone clocked it.,"[""Tell him Mbappé seemed to question his manager's tactics after France lost. He'll have thoughts on whether Mbappé had a point."", ""Ask him: does a star player ever have the right to publicly question his manager like this, or does it make things worse?"", ""Deschamps has managed France for 14 years. This is how it ends. A third-place play-off. That's the real story no-one wanted.""]"
a42b2f1b-9d91-4cc4-a526-25eadd928bcc,scotland,country,news,routine,,t,2026-07-15 08:52:54.193589,2026-07-15 08:52:57.056,0.04770685000000000000,,,f,Scotland fans flew their famous orange traffic cone to the World Championship in Boston. It flew first class from Glasgow.,He'll love this one,Scotland fans flew the famous orange traffic cone to Boston in first class. He'll love it.,It's like booking the lucky charm from the hen its own first-class seat on the Mykonos trip. Some rituals don't get left behind.,"[""Tell him Scotland fans flew the traffic cone to the World Championship in first class from Glasgow. He'll need a minute to explain the whole tradition to you."", ""Ask him: has he heard of the orange traffic cone tradition and why Scotland fans love it so much?"", ""They flew it first class from Glasgow with plans to tour and raise money for mental health. That's the Scotland fan experience in one story.""]"
151e3fb5-b976-4fae-893b-95103ae1b936,spain,country,news,routine,,f,2026-07-15 08:57:29.421842,,,,,t,Spain manager Luis de la Fuente says his team are 'feeling unbeatable' heading into the World Championship final after beating France 2-0.,T-shirt material,Spain manager de la Fuente: 'We're feeling unbeatable.' They beat France 2-0 last night.,"It's like the friend who's already told everyone she's going to Glastonbury, booked the camping, and just knows she's going to have the best weekend of her life. De la Fuente has that same energy.","[""Tell him Spain manager de la Fuente said they're 'feeling unbeatable' heading into the World Championship final. Watch him form an immediate opinion."", ""Ask him: is Spain actually the most complete team at this World Championship, or are they getting ahead of themselves?"", ""Spain beat France in what was described as a masterclass. De la Fuente calling them unbeatable is bold, but hard to argue with.""]"
ca3c4e83-1537-4d87-b082-1256e2c92697,usa,country,news,routine,,t,2026-07-15 08:57:47.121313,2026-07-15 08:57:50.114,0.04987811666666666667,,,t,USA striker Folarin Balogun says he predicted President Trump's involvement in overturning his World Championship suspension would 'cause a lot of controversy.',He saw it coming,USA's Balogun predicted Trump's ban reversal would 'cause a lot of controversy.',It's like the friend who said 'this is going to be a whole thing' at the pre-drinks and watched it all unfold exactly as she called it. She clocked it before anyone else did.,"[""Tell him Balogun predicted that Trump's involvement in reversing his ban would 'cause a lot of controversy.' He was right about that."", ""Ask him: should a country's president ever get involved in overturning a player's ban at a World Championship?"", ""USA lost to Belgium and are heading home. Balogun called the controversy coming before it happened. He wasn't wrong.""]"
1a2cb5db-f47f-4bfd-8f76-c869edfae6f4,england,country,matchday,edge_function,,f,2026-07-15 23:04:03.712346,,,,1586077,t,England lost 1-2 to Argentina,,,,"[""The final slipped away, but there is still a medal match. Ask him if he can face it.""]"
5a5af080-3eab-4658-8bba-060a85302c0d,argentina,country,matchday,edge_function,,f,2026-07-15 23:04:03.849695,,,,1586077,f,Argentina beat England 2-1,,,,"[""Ask him how far he thinks they can go now.""]"
2943f685-1989-49ce-97b4-ca82a7c3423c,world_championship,tournament,matchday,edge_function,,f,2026-07-15 23:04:04.73195,,,,1586077,f,Argentina beat England 2-1,,,,[]
65827473-e39a-403c-a5c1-0936fea58de9,england,country,news,routine,,f,2026-07-16 00:48:22.990497,,,,,t,England lost 1-2 to Argentina in the World Championship semi-final. Manager Thomas Tuchel's side face France in Saturday's third-place play-off.,He might need a hug,England lost 1-2 to Argentina in the semi. They play France for third on Saturday.,"Like making the final round of Love Island, all the drama, nearly there, then getting voted off the night before the finale. You still got further than most.","[""Pre-pour his drink. England went out last night but there's one more game. Tell him Saturday's the farewell match against France."", ""Ask him: is a third-place finish worth celebrating, or is it hollow once you're out in the semis?"", ""Tell him it went to 1-1 in normal time. Argentina headed in the winner in the 92nd minute.""]"
40ffab0f-bc5e-4147-880f-7b702c7901ba,argentina,country,news,routine,,f,2026-07-16 00:48:41.379821,,,,,t,"Argentina beat England 2-1 in the World Championship semi-final, coming from behind with two late goals. They face Spain in the final on Sunday.",Stories incoming,Argentina beat England 2-1 in the semis. They are in the final. Spain await on Sunday.,"Like the friend who looked like they were heading home early from the party, then somehow gave the best speech of the night and ended up closing the venue.","[""He has been watching this all night. Argentina scored twice in the final minutes. Tell him they are in the final."", ""Ask him: can Argentina win back-to-back World Championships? Spain are standing in the way."", ""Tell him Messi set up the 92nd-minute winner with a cross. Martinez headed it in. He will have that on loop.""]"
0c1ed39a-02e0-4628-9c6e-d310b12904dc,france,country,news,routine,,t,2026-07-16 00:49:00.963744,2026-07-16 00:49:03.653,0.04482093333333333333,,,t,"Didier Deschamps (France manager) plays his last game on Saturday, a third-place play-off against England. France lost 0-2 to Spain in the semi-final.",End of an era,Deschamps' last game as France manager is Saturday's third-place play-off against England.,"Like the manager who did not get the exit strategy she deserved, but still shows up to the handover meeting the day before she clears her desk. Professional to the end.","[""Tell him France's manager Deschamps plays his last game on Saturday. See how he reacts when he finds out it is against England."", ""Ask him: does Deschamps deserve a better send-off than a third-place play-off against England?"", ""Did you know Saturday's France vs England is the last game Deschamps manages? He has had a long career with France.""]"
a29df7c1-67d8-4845-b7d2-ea9090710c27,argentina,country,news,routine,,t,2026-07-16 08:40:23.085849,2026-07-16 08:40:27.27,0.06973585000000000000,,,t,A photo of Messi (Argentina captain) holding baby Yamal (Spain winger) has resurfaced. They face each other in the World Championship final on Sunday.,He will love this one,Messi held Yamal as a baby. Now they are World Championship final opponents on Sunday.,It is like finding out the baby in your old holiday album grew up to headline Glastonbury. Messi has held that photo for twenty years.,"[""Tell him about the baby photo. He will either already know every detail, or you have just made his week."", ""Ask him: who does he think has the edge on Sunday, Messi or Yamal?"", ""Did you know this is Messi third World Championship final? He has been at this his whole career.""]"
081e4627-1a63-4c2a-a29f-b13a347794f1,england,country,news,routine,,t,2026-07-16 08:43:37.106958,2026-07-16 08:43:40.609,0.05836736666666666667,,,f,Thomas Tuchel (England manager) retains the FA backing despite the semi-final exit. His job is safe for now.,He will have a take,Tuchel is keeping the England job. The FA backed him despite the semi-final exit.,It is like your mate who dropped the ball spectacularly at the work event and somehow kept their job anyway. The boss decided to move on. Tuchel is that mate.,"[""Tell him the FA backed Tuchel. He will have a view on whether that is right or not."", ""Ask him: should Tuchel have made different substitutions against Argentina?"", ""Did you know England still play France on Saturday for third place? One more game.""]"
a99c63b5-ddec-4290-9d35-0c1df30c373f,england,country,news,routine,,t,2026-07-16 08:44:18.879441,2026-07-16 08:44:20.698,0.03030931666666666667,,,f,Harry Kane (England captain) says it is too early to know if he will be at the 2030 World Championship. He is not closing the door.,He will have thoughts,Kane left the 2030 question open. Too early to say if he carries on for England.,It is like an icon telling their team they are not ready to retire but definitely thinking about it. Ends the conversation and starts a longer one.,"[""Tell him Kane left the 2030 question open. He will either say Kane is done or argue he can go one more."", ""Ask him: would he want Kane to carry on for England until 2030?"", ""He probably has a strong view on whether England should build around Kane or move on. Good question for tonight.""]"
33185167-0b7f-45f2-94be-ef7d6787d032,argentina,country,news,routine,,t,2026-07-17 02:09:02.531906,2026-07-17 02:09:05.746,0.05356823333333333333,,,t,Argentina players could face FIFA punishment after holding a Falklands banner to celebrate their World Championship semi-final win over England.,He's going to have opinions,Argentina held a Falklands banner after the semi. FIFA is now investigating.,Getting a Hollywood Handshake on Bake Off and immediately filing a complaint about the judge who doubted you last week. Won the thing. Then chose chaos.,"[""Tell him Argentina might face punishment before the final, a Falklands banner after the semi-final. He'll have a strong take."", ""Ask him: does he think FIFA will actually do anything, or will it all blow over by Sunday?"", ""Starmer called for an investigation. The football and the politics are colliding all at once.""]"
f333dd02-7114-4eb8-8d02-b42730f2d143,argentina,country,news,routine,,t,2026-07-17 02:09:41.537508,2026-07-17 02:09:44.856,0.05530820000000000000,,,t,Romero (Argentina and Tottenham defender) called pundit Gary Neville 'stupid' for criticising him. Then Argentina beat England in the semi-final.,T-shirt material,Romero called Gary Neville 'stupid' for criticising him. He had an unreal semi-final.,Getting a Hollywood Handshake on Bake Off and immediately asking the judges if they owe you an apology for the technical round. Couldn't just take the win.,"[""Tell him Romero called Gary Neville 'stupid' live on camera. He'll have a verdict."", ""Ask him: was Neville wrong to criticise the Argentina defence going into the semi?"", ""Romero had one of his best performances of the whole tournament. Ask him if he's changed his mind about him.""]"
7cd6ecc6-2586-4e9f-8307-92b84c6eaba3,england,country,news,routine,,t,2026-07-17 02:13:22.262493,2026-07-17 02:13:25.943,0.06134178333333333333,,,t,Jude Bellingham (England midfielder) slapped Argentina substitute Valentin Barco on the back of the head after England's World Championship semi-final defeat.,He's going to have opinions,Bellingham slapped an Argentina sub after England's exit. He'll be watching his back.,"Sending a passive-aggressive Slack message in the wrong channel the day of your annual review. The feelings were valid. The execution, less so.","[""Tell him Bellingham slapped an Argentine player after the loss. He'll have a take."", ""Ask him: does he think Bellingham's frustration is understandable, or did he go too far?"", ""He's probably seen the clip already. Ask him what happened in the melee, let him take you through it.""]"
17240788-4d56-405f-8f74-c30c7846900a,england,country,news,routine,,t,2026-07-17 02:13:47.879041,2026-07-17 02:13:50.686,0.04678265000000000000,,,f,"Thomas Tuchel's defensive tactics in England's World Championship semi-final are being 'hotly debated' within the England squad, according to BBC Sport.",He'll have a whiteboard out,England players are debating Tuchel's tactics from the semi. He'll know this already.,"The debrief your team has after a big pitch meeting goes badly, and half the room thinks the deck was wrong and the other half thinks the delivery was wrong. Nobody's saying it to the boss's face yet.","[""Tell him there are rumblings inside the England camp about Tuchel's tactics from the semi-final. He'll have very firm views."", ""Ask him: should England have been more attacking against Argentina, or was caution the right call?"", ""He's been stewing on this. Drop 'squad divisions' and let him do the rest.""]"
8a624808-0e24-4a1f-9c03-9dfe069e4113,spain,country,news,routine,,t,2026-07-17 02:16:46.775698,2026-07-17 02:16:50.07,0.05490503333333333333,,,t,Yamal and Porro trained separately on Thursday but are expected to be fit for Sunday's World Championship final against Argentina.,Crisis averted,Yamal and Porro trained apart from Spain but should be fit for Sunday's final. Cue relief.,"The bridesmaid who had a wardrobe malfunction in the car on the way to the ceremony. Sorted, though. She'll make it to the aisle.","[""Tell him Yamal and Porro trained separately today, he'll have one eye on the team sheet already."", ""Ask him: if Yamal's not 100%, does that change how Spain approach the final?"", ""He's probably tracking every training update. Ask him what he's seen so far.""]"
c3fa8856-4399-43cc-8494-8f1f755e3cda,usa,country,news,routine,,t,2026-07-17 02:17:13.252303,2026-07-17 02:17:15.873,0.04367828333333333333,,,f,USA captain Tim Ream says the squad were in 'shock' after losing 1-4 to Belgium and being knocked out of the World Championship as hosts.,He might need a minute,USA captain Ream says the squad were in 'shock' after losing 1-4 to Belgium. Still stings.,"Organising the whole hen do, booking every activity, choosing the venue, and then leaving at 10pm. The hosting was flawless. The rest, less so.","[""Tell him the USA captain called the exit 'shocking', he'll have a take on whether they underachieved as hosts."", ""Ask him: was the USA ever really good enough to go deep in this tournament, or was it always optimism?"", ""He's probably seen the post-mortems. Drop 'Ream said they were in shock' and let him take it from there.""]"
3db15652-5e76-4da1-8f92-4cd435fe0501,argentina,country,news,routine,,t,2026-07-17 08:42:51.372844,2026-07-17 08:42:54.438,0.05108593333333333333,,,t,"This Sunday could be Messi's (Argentina captain) last ever World Championship game. Spain are the opponents in the final, a country that once tried to sign him.",Stories incoming,Sunday could be Messi's last World Championship game. Argentina vs Spain in the final.,Like Charli XCX's Brat tour final night. Sunday's final could be Messi's last ever.,"[""Tell [his name] Sunday's final could be Messi's last ever World Championship game. He'll want to watch every second."", ""Ask him: does he think Messi finally gets the back-to-back?"", ""Did you know Spain once tried to sign Messi? Now they have to stop him in the final.""]"
be056752-878d-46e3-97b5-95dd4fe20d94,argentina,country,news,routine,,t,2026-07-17 08:43:19.339931,2026-07-17 08:43:21.551,0.03685115000000000000,,,t,Jude Bellingham (England midfielder) slapped Argentina sub Valentin Barco after losing the World Championship semi-final. A melee broke out.,He'll have opinions,Bellingham slapped Argentina's Barco after losing 2-1. He'll have thoughts about this.,Like your work nemesis slamming doors when you get the promotion. Argentina won anyway.,"[""Tell [his name] Bellingham slapped an Argentina player after the 2-1 semi-final loss. He'll have a very specific take."", ""Ask him: does Bellingham deserve a ban for this?"", ""He'll probably say this is exactly what he expected from England after losing. He'll have enjoyed this.""]"
d441454e-0db8-48f1-98c1-cfbcfdc7e1d2,france,country,news,routine,,f,2026-07-17 08:49:12.068375,,,,,t,Didier Deschamps (France manager) plays his last game tomorrow against England. Reports are asking whether Zinedine Zidane could lead France next.,"France, next chapter",Deschamps' last France game is tomorrow. Zidane is being discussed as what comes next.,Like an office farewell organised before the person even left. Deschamps has one game.,"[""Tell [his name] Deschamps plays his last France game tomorrow. He'll have feelings about the whole era."", ""Ask him: is Zidane the right person to take France forward?"", ""He'll probably already have strong opinions on who France should bring in next.""]"
1b6069c3-42b4-4de7-8732-d1a2b857d995,scotland,country,news,routine,,t,2026-07-17 08:49:25.716209,2026-07-17 08:49:28.075,0.03931318333333333333,,,f,"Craig Gordon (Scotland goalkeeper) has retired from football, bringing an end to a 25-year playing career.",He'll be a bit gutted,Scotland keeper Craig Gordon retired after 25 years. He'll take a moment with this.,Like the work friend who's been there longer than anyone handing in their notice. Gordon: 25 years.,"[""Tell [his name] Craig Gordon has retired. He's been Scotland's keeper for years. He'll have thoughts."", ""Ask him: who does he think should be Scotland's number one going forward?"", ""He'll probably say Gordon deserved a better send-off from the tournament. Ask him if he agrees.""]"
2b432a89-d8bc-42d0-a08c-c357a8eefb35,world_championship,tournament,news,routine,,t,2026-07-18 07:41:43.253219,2026-07-18 07:41:48.195,0.08236301666666666667,world_championship:2026-07-18:france-vs-england,preview:1591865,t,France vs England in the World Championship bronze final tonight. Kick off at 11pm his time.,One last big night.,France vs England in the bronze final tonight. Kicks off at 11pm. He's not done watching.,It's like when you and someone from your group chat both got rejected from Glastonbury tickets and ended up at Latitude instead. Still a festival. Just not the one either of you wanted.,"[""Tell [his name] Bellingham and Kane have both scored 6 goals in this World Championship. He'll want to see if they can add to that tonight."", ""Mbappé's scored 8 goals in this World Championship but walks away with nothing if France lose tonight. Tell [his name] it's a proper match."", ""Ask [his name]: do England go out swinging tonight, or is the Argentina hangover still too real?""]"
6f7be6e1-efe6-4acd-af30-0c2339a4e65d,argentina,country,news,routine,,t,2026-07-18 08:39:06.222658,2026-07-18 08:39:08.146,0.03205570000000000000,,,t,"Spain defender Aymeric Laporte says Argentina ""like to leave a mark on their opponents"" ahead of Sunday's World Championship final.",Already in their heads,Spain defender Laporte says Argentina 'like to leave a mark.' Already in Spain's head.,Your ex texting your best mate warning her you're 'a lot' before they even meet. She'd send you the screenshot immediately.,"[""Tell [his name] Spain's defender is already talking about Argentina's physicality before the final has even started. He'll love it."", ""Ask him: does a more physical Argentina worry Spain more than Argentina being technically brilliant?"", ""He'll probably say Argentina always get in opponents' heads. Now there's a quote to prove it.""]"
abfba58d-b0d7-4a8e-a2e8-ffd6961f5a22,egypt,country,news,routine,,t,2026-07-18 08:41:43.477289,2026-07-18 08:41:47.128,0.06084518333333333333,,,t,"Egypt have officially alleged referee bias in favour of Argentina at the World Championship, claiming favouritism towards Messi.",Not taking that,Egypt alleged referee bias favouring Argentina and Messi. BBC asked if it's fair.,"Leaving a reality show and claiming the producers set you up to lose. Egypt's gone, but they're not going quietly.","[""Tell him Egypt have made it official. They've alleged the referees favoured Argentina. He'll have a side."", ""Ask him: does Argentina genuinely get special treatment at big tournaments, or do they just win?"", ""He'll probably say teams always blame the ref when they lose. Ask him if this one's different.""]"
85ac2f3e-cf39-465a-8225-a81e58807340,england,country,news,routine,,t,2026-07-18 08:43:23.26628,2026-07-18 08:43:26.45,0.05306200000000000000,,,f,England vs France tonight for the World Championship bronze. Tuchel gave an emotional address asking the squad to end the tournament strongly.,Tonight still matters,England vs France tonight for third place. Tuchel asked them to end this strongly.,"That speech your friend gives before the girls' trip she planned, but everyone was still sad about missing the main event. They still went. They still danced.","[""Tell him Tuchel gave an emotional pre-match speech asking England to finish the tournament strongly. He'll either think it's inspiring or think the boss is papering over cracks."", ""Ask him: does tonight's bronze final actually matter to England fans, or is it just going through the motions?"", ""Watch what happens if England score tonight. He might remember why he cared about this tournament.""]"
0a75239d-de20-4350-adf6-ebd017ee2417,scotland,country,news,routine,,f,2026-07-18 08:45:55.011912,,,,,f,"With Craig Gordon (Scotland goalkeeper) retired, BBC Sport is asking who can be Scotland's next number one.",Scotland's next keeper,Craig Gordon retired. BBC Sport asks who takes the Scotland number-one gloves next.,Your team's best player retires and someone in the group chat immediately asks 'so who's replacing them?' Scotland fans are in that chat.,"[""Tell him BBC Sport is already asking who Scotland's next goalkeeper is after Gordon's retirement. He'll have a name ready."", ""Ask him: who does he think should be Scotland's first-choice in goal after Gordon?"", ""He'll probably say there's nobody as good. Ask him to prove you wrong.""]"
5244d3e9-4053-4925-9c65-503a8cc1aa7b,spain,country,news,routine,,t,2026-07-18 08:47:17.904886,2026-07-18 08:47:20.221,0.03860190000000000000,,,t,Rodri (Spain midfielder) says he is confident a 'complete' Spain can beat Argentina in Sunday's World Championship final.,Glowing,Rodri says Spain are 'complete' ahead of Sunday's final. Cue the analysis.,Posting your revision notes on Instagram at midnight before an exam because you've done everything you can. Rodri's got that energy.,"[""Tell him Rodri said Spain are 'complete' before the final. He'll either fully agree or immediately find the flaw."", ""Ask him: does Spain's confidence worry him, or does Argentina always find a way?"", ""He'll probably want to talk tactics. Ask him what Spain need to do to stop Argentina on Sunday.""]"
17e8e50d-962a-43d7-988a-bb98e87bcc0d,scotland,country,news,routine,,t,2026-07-19 00:44:48.393723,2026-07-19 00:44:51.796,0.05670461666666666667,,,f,"Scot Gemmill (Scotland Under-21 head coach) is leaving after 13 years in the role, the Scottish FA has confirmed.",He'll have feelings about this,Scot Gemmill is leaving Scotland's U21 role after 13 years. A long run comes to an end.,"The colleague who ran the graduate scheme for 13 years, quietly handing in their notice. Half the office grew up through their program.","[""Tell him Scotland just lost the coach who ran their development setup for 13 years. He'll know what that means for the pipeline."", ""Ask him: who should take over the Scotland U21 role?"", ""Thirteen years is long enough to develop two full squads of players. That is a proper era ending.""]"
75cb1102-b7cd-469d-8998-976c541aec44,spain,country,news,routine,,t,2026-07-19 00:45:50.184081,2026-07-19 00:45:53.336,0.05253198333333333333,,,t,Spain manager Luis de la Fuente will not man-mark Messi (Argentina captain) in the World Championship final. He tried it as a youth coach. Messi scored four.,He'll quote this all week,De la Fuente once tried man-marking Messi. Messi scored four. He won't try again tomorrow.,Finding out the hard way that your ex moves better when you play it cool. You haven't chased since.,"[""Tell him Spain's manager once tried man-marking Messi as a youth coach. Messi scored four anyway. De la Fuente has not forgotten."", ""Ask him: if you can't man-mark the best player in the tournament, what do you actually do?"", ""Messi has scored eight goals in this tournament. Even Spain's manager is treating him like a force of nature, not a problem to solve.""]"
fe32dea9-5978-473b-9116-445b709486e3,france,country,matchday,edge_function,,f,2026-07-19 01:02:03.637546,,,,1591865,t,France lost 4-6 to England,,,,"[""Fourth in the world stings. He might need a minute.""]"
e6842af7-fc40-4750-9459-9030180a2c8c,england,country,matchday,edge_function,,f,2026-07-19 01:02:03.862146,,,,1591865,f,England beat France 6-4,,,,"[""Third place at a World Championship. Ask him if that softens it.""]"
f4bc63ed-ac3f-43a0-a8ae-80fcb15819c3,world_championship,tournament,matchday,edge_function,,f,2026-07-19 01:02:04.594,,,,1591865,f,England beat France 6-4,,,,[]
f7269779-23ca-4d2f-ad9f-edf968391523,world_championship,tournament,news,routine,,t,2026-07-19 07:43:40.154346,2026-07-19 07:43:43.991,0.06394423333333333333,world_championship:2026-07-19:spain-vs-argentina,preview:1591866,t,Spain vs Argentina. The World Championship Final kicks off at 9pm his time tonight.,He’s been waiting all year,Spain vs Argentina in the World Championship Final tonight. He’ll barely leave the sofa.,Like watching the mate who’s had her wedding spreadsheet since 2023 go up against the one who planned it all in a WhatsApp group last week. Both could absolutely do this.,"[""Drop ‘Messi’s on 8 goals at this tournament’ and watch him go. He’ll barely pause."", ""Ask him: if Spain were any other team, would this still be Messi’s night?"", ""Tell him Spain scored 9 goals and conceded just 1 in their last five games. See how long he stays impressed.""]"
09f786ba-6404-4458-a505-934419505505,argentina,country,news,routine,,t,2026-07-19 08:40:44.639398,2026-07-19 08:40:48.05,0.05684336666666666667,,,t,"Argentina goalkeeper 'Dibu' Martínez has been playing through a hand injury all tournament, delaying surgery to play in the World Championship.",He delayed surgery for this,Dibu skipped a hand op to be here. He's in goal for Argentina in tonight's final.,"Like going to A&E, being told you need surgery, and saying 'can it wait till August.' The World Championship final is tonight.","[""Tell him Dibu has been playing through a hand injury the entire tournament, having skipped surgery. See if he knew."", ""Ask him: does knowing Dibu is carrying an injury change how he feels going into tonight's final?"", ""He skipped the op to be here. That's the whole story about him in a sentence.""]"
3c5a1982-da18-418d-b70d-35dd75d7c587,england,country,news,routine,,f,2026-07-19 08:44:00.395828,,,,,t,Saka (England winger) scored a hat-trick as England beat France 6-4 in the World Championship third-place play-off. England's best men's finish since 1966.,He's phoning everyone,England beat France 6-4 in the World Championship third-place play-off. Saka hat-trick.,"When you go to the wedding expecting to cry your eyes out, but end up dancing last and having the best night. England had nothing left to lose in the third-place final.","[""Tell him Saka got a hat-trick last night. Three goals. He'll want to relive the whole match."", ""Ask him: is third place a proper success, or does it still sting missing the final?"", ""Did you know Bellingham is now the first Englishman to score seven goals at a single World Championship? Rice said it was the best England squad 'for a very long time.'""]"
71b045dc-2490-40b4-ba4a-a78eb80e0858,spain,country,news,routine,,t,2026-07-19 08:47:00.106028,2026-07-19 08:47:02.659,0.04254953333333333333,,,t,Spain's final training session before tonight's World Championship final was cancelled after thunderstorms hit New Jersey.,Even the weather showed up,Spain's training was cancelled by thunderstorms. The World Championship final is tonight.,Like your spray tan appointment getting rained off the day before the biggest interview of your career. Spain skipped their last session. The final's tonight.,"[""Tell him Spain couldn't train yesterday because of thunderstorms in New Jersey. He'll have an opinion on whether that matters."", ""Ask him: does missing the final training session actually affect a top team, or is it just a headline?"", ""Spain are in the World Championship final tonight and their last session got rained off. That's a lot of mental energy going into a hotel room.""]"
296798ff-d490-40fb-8ff6-9c63e4f23f4d,spain,country,matchday,edge_function,,f,2026-07-20 00:04:03.868535,,,,1591866,t,Spain beat Argentina 1-0 after extra time,,,,"[""His team are world champions. This is as big as it gets.""]"
eba7f0fc-9820-493b-8a3a-c25b96b3614a,argentina,country,matchday,edge_function,,f,2026-07-20 00:04:04.067481,,,,1591866,f,Argentina lost 0-1 to Spain after extra time,,,,"[""So close. He will not forget this one for a while.""]"
dca0efc8-11fe-47da-b360-3462ad0f2777,world_championship,tournament,matchday,edge_function,,f,2026-07-20 00:04:05.170119,,,,1591866,f,Spain beat Argentina 1-0 after extra time,,,,[]
497ebcaa-61c2-40cb-8613-ecc5d174aeb6,spain,country,news,routine,,f,2026-07-20 00:45:39.54935,,,,,t,Spain are World Champions. They beat Argentina 1-0 in extra time in Sunday's World Championship final.,Phone-his-dad moment,Spain won the World Championship final 1-0 AET against Argentina. He'll ring everyone.,It's like the Hinge match who takes forever to reply but then says exactly the right thing. Spain went quiet for 90 minutes and then won it in extra time.,"[""Pour his drink before he even asks. Spain won the World Championship."", ""Ask him: was it nerve-wracking when it went to extra time, or was he always confident Spain would find a way?"", ""This is the kind of night he'll be talking about for years. Just let him have it.""]"
0df873f4-f0e0-4cad-b1df-8ec068fc5b26,argentina,country,news,routine,,f,2026-07-20 00:46:14.614731,,,,,t,Argentina lost the World Championship final 1-0 to Spain in extra time on Sunday. They came so close.,Give him a minute,Argentina lost the World Championship final 1-0 to Spain in AET. He'll need a moment.,"It's like getting to the last round of Love is Blind and saying yes, and then they pull back at the altar. You got all the way there. It still counts.","[""He'll need a moment. Then a hug. Then he'll want to go through every minute of it with you."", ""Ask him: does he think Argentina's run to the final was still something to be proud of?"", ""Tell him they beat England to get there. That was their final to him anyway.""]"
4c369b3f-d07e-46ff-9eba-e43b2f2ab53c,france,country,news,routine,,t,2026-07-20 00:46:30.862291,2026-07-20 00:46:33.461,0.04331181666666666667,,,f,"France lost the World Championship third-place match 6-4 to England on Saturday. Four goals scored, still not enough.",Brutal one,France lost the World Championship bronze match 6-4 to England. He'll have ten thoughts.,"It's like being voted off Love Island but leaving to a standing ovation from the whole villa. France lost 6-4, scored four, and went out fourth.","[""Tell him France went out 6-4 to England. He'll have eight minutes of analysis ready."", ""Ask him: does a 6-4 loss feel worse than a 1-0, or is there something almost respectable about scoring four goals in a bronze match?"", ""He might be philosophical about it, or he might not. Either way, let him talk.""]"
