jobname,day_sthlm,status,runs,first_sthlm,last_sthlm,sample_failure
,2026-04-21,succeeded,1,2026-04-21 09:00:00.124338,2026-04-21 09:00:00.124338,
goaldigger-archive-old-content,2026-04-22,succeeded,1,2026-04-22 08:00:00.120044,2026-04-22 08:00:00.120044,
,2026-04-22,succeeded,1,2026-04-22 09:00:00.113022,2026-04-22 09:00:00.113022,
goaldigger-archive-old-content,2026-04-23,succeeded,1,2026-04-23 08:00:00.120048,2026-04-23 08:00:00.120048,
,2026-04-23,succeeded,1,2026-04-23 09:00:00.139002,2026-04-23 09:00:00.139002,
goaldigger-archive-old-content,2026-04-24,succeeded,1,2026-04-24 08:00:00.132366,2026-04-24 08:00:00.132366,
,2026-04-24,succeeded,1,2026-04-24 09:00:00.128019,2026-04-24 09:00:00.128019,
goaldigger-archive-old-content,2026-04-25,succeeded,1,2026-04-25 08:00:00.108855,2026-04-25 08:00:00.108855,
,2026-04-25,succeeded,1,2026-04-25 09:00:00.135081,2026-04-25 09:00:00.135081,
goaldigger-archive-old-content,2026-04-26,succeeded,1,2026-04-26 08:00:00.121995,2026-04-26 08:00:00.121995,
,2026-04-26,succeeded,1,2026-04-26 09:00:00.137179,2026-04-26 09:00:00.137179,
goaldigger-archive-old-content,2026-04-27,succeeded,1,2026-04-27 08:00:00.153421,2026-04-27 08:00:00.153421,
,2026-04-27,succeeded,1,2026-04-27 09:00:00.13138,2026-04-27 09:00:00.13138,
goaldigger-archive-old-content,2026-04-28,succeeded,1,2026-04-28 08:00:00.116711,2026-04-28 08:00:00.116711,
,2026-04-28,succeeded,1,2026-04-28 09:00:00.126263,2026-04-28 09:00:00.126263,
goaldigger-archive-old-content,2026-04-29,succeeded,1,2026-04-29 08:00:00.139901,2026-04-29 08:00:00.139901,
,2026-04-29,failed,179,2026-04-29 09:05:00.222747,2026-04-29 23:55:00.153986,"ERROR:  unrecognized configuration parameter ""app.settings.supabase_url""
"
,2026-04-29,succeeded,1,2026-04-29 09:00:00.149287,2026-04-29 09:00:00.149287,
goaldigger-archive-old-content,2026-04-30,succeeded,1,2026-04-30 08:00:00.103325,2026-04-30 08:00:00.103325,
,2026-04-30,failed,288,2026-04-30 00:00:00.01846,2026-04-30 23:55:00.138973,"ERROR:  unrecognized configuration parameter ""app.settings.supabase_url""
"
,2026-04-30,succeeded,1,2026-04-30 09:00:00.048846,2026-04-30 09:00:00.048846,
goaldigger-archive-old-content,2026-05-01,succeeded,1,2026-05-01 08:00:00.031349,2026-05-01 08:00:00.031349,
,2026-05-01,failed,288,2026-05-01 00:00:00.149844,2026-05-01 23:55:00.119646,"ERROR:  unrecognized configuration parameter ""app.settings.supabase_url""
"
,2026-05-01,succeeded,1,2026-05-01 09:00:00.143532,2026-05-01 09:00:00.143532,
goaldigger-archive-old-content,2026-05-02,succeeded,1,2026-05-02 08:00:00.0889,2026-05-02 08:00:00.0889,
,2026-05-02,failed,288,2026-05-02 00:00:00.03855,2026-05-02 23:55:00.179751,"ERROR:  unrecognized configuration parameter ""app.settings.supabase_url""
"
,2026-05-02,succeeded,1,2026-05-02 09:00:00.159258,2026-05-02 09:00:00.159258,
goaldigger-archive-old-content,2026-05-03,succeeded,1,2026-05-03 08:00:00.142834,2026-05-03 08:00:00.142834,
,2026-05-03,failed,288,2026-05-03 00:00:00.134402,2026-05-03 23:55:00.142731,"ERROR:  unrecognized configuration parameter ""app.settings.supabase_url""
"
,2026-05-03,succeeded,1,2026-05-03 09:00:00.169331,2026-05-03 09:00:00.169331,
goaldigger-archive-old-content,2026-05-04,succeeded,1,2026-05-04 08:00:00.17824,2026-05-04 08:00:00.17824,
,2026-05-04,failed,288,2026-05-04 00:00:00.129706,2026-05-04 23:55:00.137243,"ERROR:  unrecognized configuration parameter ""app.settings.supabase_url""
"
,2026-05-04,succeeded,1,2026-05-04 09:00:00.151322,2026-05-04 09:00:00.151322,
goaldigger-archive-old-content,2026-05-05,succeeded,1,2026-05-05 08:00:00.037049,2026-05-05 08:00:00.037049,
,2026-05-05,failed,288,2026-05-05 00:00:00.130154,2026-05-05 23:55:00.160179,"ERROR:  unrecognized configuration parameter ""app.settings.supabase_url""
"
,2026-05-05,succeeded,1,2026-05-05 09:00:00.15354,2026-05-05 09:00:00.15354,
goaldigger-archive-old-content,2026-05-06,succeeded,1,2026-05-06 08:00:00.111946,2026-05-06 08:00:00.111946,
,2026-05-06,failed,288,2026-05-06 00:00:00.027521,2026-05-06 23:55:00.426889,"ERROR:  unrecognized configuration parameter ""app.settings.supabase_url""
"
,2026-05-06,succeeded,17,2026-05-06 09:00:00.151078,2026-05-06 23:30:00.194156,
goaldigger-archive-old-content,2026-05-07,succeeded,1,2026-05-07 08:00:00.169037,2026-05-07 08:00:00.169037,
,2026-05-07,failed,250,2026-05-07 00:00:00.148219,2026-05-07 20:45:00.202075,"ERROR:  unrecognized configuration parameter ""app.settings.supabase_url""
"
,2026-05-07,succeeded,159,2026-05-07 00:00:00.145211,2026-05-07 23:59:00.118884,
goaldigger-archive-old-content,2026-05-08,succeeded,1,2026-05-08 08:00:00.070252,2026-05-08 08:00:00.070252,
,2026-05-08,succeeded,1513,2026-05-08 00:00:00.025103,2026-05-08 23:59:00.117401,
goaldigger-archive-old-content,2026-05-09,succeeded,1,2026-05-09 08:00:00.060888,2026-05-09 08:00:00.060888,
,2026-05-09,succeeded,1513,2026-05-09 00:00:00.039267,2026-05-09 23:59:00.190625,
goaldigger-archive-old-content,2026-05-10,succeeded,1,2026-05-10 08:00:00.148319,2026-05-10 08:00:00.148319,
,2026-05-10,succeeded,1513,2026-05-10 00:00:00.122915,2026-05-10 23:59:00.117435,
goaldigger-archive-old-content,2026-05-11,succeeded,1,2026-05-11 08:00:00.285072,2026-05-11 08:00:00.285072,
goaldigger-cron-heartbeat-check,2026-05-11,succeeded,3,2026-05-11 22:30:00.082977,2026-05-11 23:30:00.119651,
match-watcher-1min,2026-05-11,succeeded,101,2026-05-11 22:19:01.015197,2026-05-11 23:59:00.193236,
notification-sweep,2026-05-11,succeeded,1,2026-05-11 23:15:00.301877,2026-05-11 23:15:00.301877,
,2026-05-11,succeeded,1408,2026-05-11 00:00:00.205101,2026-05-11 22:18:00.039933,
goaldigger-archive-old-content,2026-05-12,succeeded,1,2026-05-12 08:00:00.110452,2026-05-12 08:00:00.110452,
goaldigger-cron-heartbeat-check,2026-05-12,succeeded,48,2026-05-12 00:00:00.238292,2026-05-12 23:30:00.169664,
match-watcher-1min,2026-05-12,succeeded,1440,2026-05-12 00:00:00.237384,2026-05-12 23:59:00.216701,
notification-sweep,2026-05-12,succeeded,24,2026-05-12 00:15:00.287307,2026-05-12 23:15:01.056933,
,2026-05-12,succeeded,1,2026-05-12 09:00:00.092215,2026-05-12 09:00:00.092215,
goaldigger-archive-old-content,2026-05-13,succeeded,1,2026-05-13 08:00:00.16716,2026-05-13 08:00:00.16716,
goaldigger-cron-heartbeat-check,2026-05-13,succeeded,48,2026-05-13 00:00:00.160428,2026-05-13 23:30:00.053344,
match-watcher-1min,2026-05-13,succeeded,1440,2026-05-13 00:00:00.159803,2026-05-13 23:59:00.083523,
notification-sweep,2026-05-13,succeeded,24,2026-05-13 00:15:00.157344,2026-05-13 23:15:00.24473,
,2026-05-13,succeeded,1,2026-05-13 09:00:00.089584,2026-05-13 09:00:00.089584,
goaldigger-archive-old-content,2026-05-14,succeeded,1,2026-05-14 08:00:00.032583,2026-05-14 08:00:00.032583,
goaldigger-cron-heartbeat-check,2026-05-14,succeeded,48,2026-05-14 00:00:00.019179,2026-05-14 23:30:00.035534,
match-watcher-1min,2026-05-14,succeeded,1440,2026-05-14 00:00:00.020625,2026-05-14 23:59:00.044389,
notification-sweep,2026-05-14,succeeded,24,2026-05-14 00:15:00.054886,2026-05-14 23:15:00.100065,
,2026-05-14,succeeded,1,2026-05-14 09:00:00.05191,2026-05-14 09:00:00.05191,
goaldigger-archive-old-content,2026-05-15,succeeded,1,2026-05-15 08:00:00.204077,2026-05-15 08:00:00.204077,
goaldigger-cron-heartbeat-check,2026-05-15,succeeded,48,2026-05-15 00:00:00.042849,2026-05-15 23:30:00.115771,
match-watcher-1min,2026-05-15,succeeded,1440,2026-05-15 00:00:00.042136,2026-05-15 23:59:00.243711,
notification-sweep,2026-05-15,succeeded,24,2026-05-15 00:15:00.139456,2026-05-15 23:15:00.143577,
,2026-05-15,succeeded,1,2026-05-15 09:00:00.057937,2026-05-15 09:00:00.057937,
goaldigger-archive-old-content,2026-05-16,succeeded,1,2026-05-16 08:00:00.204444,2026-05-16 08:00:00.204444,
goaldigger-cron-heartbeat-check,2026-05-16,succeeded,48,2026-05-16 00:00:00.172112,2026-05-16 23:30:00.045195,
match-watcher-1min,2026-05-16,succeeded,1440,2026-05-16 00:00:00.170425,2026-05-16 23:59:00.099436,
notification-sweep,2026-05-16,succeeded,24,2026-05-16 00:15:00.429903,2026-05-16 23:15:00.243085,
,2026-05-16,succeeded,1,2026-05-16 09:00:00.151954,2026-05-16 09:00:00.151954,
goaldigger-archive-old-content,2026-05-17,succeeded,1,2026-05-17 08:00:00.163585,2026-05-17 08:00:00.163585,
goaldigger-cron-heartbeat-check,2026-05-17,succeeded,48,2026-05-17 00:00:00.11437,2026-05-17 23:30:00.128868,
match-watcher-1min,2026-05-17,succeeded,1440,2026-05-17 00:00:00.115032,2026-05-17 23:59:00.130191,
notification-sweep,2026-05-17,succeeded,24,2026-05-17 00:15:00.16377,2026-05-17 23:15:00.145112,
,2026-05-17,succeeded,3,2026-05-17 09:00:00.147897,2026-05-17 23:00:00.135831,
goaldigger-archive-old-content,2026-05-18,succeeded,1,2026-05-18 08:00:00.171343,2026-05-18 08:00:00.171343,
goaldigger-cron-heartbeat-check,2026-05-18,succeeded,48,2026-05-18 00:00:00.146095,2026-05-18 23:30:00.143531,
match-watcher-1min,2026-05-18,succeeded,1440,2026-05-18 00:00:00.149956,2026-05-18 23:59:00.184502,
notification-sweep,2026-05-18,succeeded,24,2026-05-18 00:15:00.172527,2026-05-18 23:15:00.118923,
pipeline_health_retention_sweep,2026-05-18,succeeded,1,2026-05-18 05:00:00.140271,2026-05-18 05:00:00.140271,
,2026-05-18,succeeded,24,2026-05-18 00:00:00.14817,2026-05-18 23:00:00.188817,
gd-morning-push,2026-05-19,succeeded,1,2026-05-19 10:00:00.227436,2026-05-19 10:00:00.227436,
goaldigger-archive-old-content,2026-05-19,succeeded,1,2026-05-19 08:00:00.21538,2026-05-19 08:00:00.21538,
goaldigger-cron-heartbeat-check,2026-05-19,succeeded,48,2026-05-19 00:00:00.15819,2026-05-19 23:30:00.173665,
goaldigger-daily-pipeline,2026-05-19,succeeded,9,2026-05-19 00:00:00.156766,2026-05-19 22:00:00.170012,
match-watcher-1min,2026-05-19,succeeded,1440,2026-05-19 00:00:00.157374,2026-05-19 23:59:00.113315,
notification-sweep,2026-05-19,succeeded,24,2026-05-19 00:15:00.152333,2026-05-19 23:15:00.202718,
pipeline_health_retention_sweep,2026-05-19,succeeded,1,2026-05-19 05:00:00.203114,2026-05-19 05:00:00.203114,
gd-morning-push,2026-05-20,succeeded,1,2026-05-20 10:00:00.110734,2026-05-20 10:00:00.110734,
goaldigger-archive-old-content,2026-05-20,succeeded,1,2026-05-20 08:00:00.189729,2026-05-20 08:00:00.189729,
goaldigger-cron-heartbeat-check,2026-05-20,succeeded,48,2026-05-20 00:00:00.108334,2026-05-20 23:30:00.171017,
goaldigger-daily-pipeline,2026-05-20,succeeded,9,2026-05-20 00:00:00.110551,2026-05-20 22:00:00.227871,
match-watcher-1min,2026-05-20,succeeded,1440,2026-05-20 00:00:00.105239,2026-05-20 23:59:00.02528,
notification-sweep,2026-05-20,succeeded,24,2026-05-20 00:15:00.216349,2026-05-20 23:15:00.218289,
pipeline_health_retention_sweep,2026-05-20,succeeded,1,2026-05-20 05:00:00.195769,2026-05-20 05:00:00.195769,
gd-morning-push,2026-05-21,succeeded,1,2026-05-21 10:00:00.244027,2026-05-21 10:00:00.244027,
goaldigger-archive-old-content,2026-05-21,succeeded,1,2026-05-21 08:00:00.144483,2026-05-21 08:00:00.144483,
goaldigger-cron-heartbeat-check,2026-05-21,succeeded,48,2026-05-21 00:00:00.15504,2026-05-21 23:30:00.157199,
goaldigger-daily-pipeline,2026-05-21,succeeded,9,2026-05-21 00:00:00.151823,2026-05-21 22:00:00.144966,
match-watcher-1min,2026-05-21,succeeded,1440,2026-05-21 00:00:00.153303,2026-05-21 23:59:00.256247,
notification-sweep,2026-05-21,succeeded,24,2026-05-21 00:15:00.207215,2026-05-21 23:15:00.142901,
pipeline_health_retention_sweep,2026-05-21,succeeded,1,2026-05-21 05:00:00.166215,2026-05-21 05:00:00.166215,
gd-morning-push,2026-05-22,succeeded,1,2026-05-22 10:00:00.196233,2026-05-22 10:00:00.196233,
goaldigger-archive-old-content,2026-05-22,succeeded,1,2026-05-22 08:00:00.201503,2026-05-22 08:00:00.201503,
goaldigger-cron-heartbeat-check,2026-05-22,failed,6,2026-05-22 21:00:14.627635,2026-05-22 23:30:52.855997,job startup timeout
goaldigger-cron-heartbeat-check,2026-05-22,succeeded,42,2026-05-22 00:00:00.171054,2026-05-22 20:30:00.184489,
goaldigger-daily-pipeline,2026-05-22,failed,1,2026-05-22 22:00:00.000836,2026-05-22 22:00:00.000836,job startup timeout
goaldigger-daily-pipeline,2026-05-22,succeeded,8,2026-05-22 00:00:00.171715,2026-05-22 20:00:00.187164,
match-watcher-1min,2026-05-22,failed,187,2026-05-22 20:47:00.000378,2026-05-22 23:59:00.38677,job startup timeout
match-watcher-1min,2026-05-22,succeeded,1252,2026-05-22 00:00:00.168931,2026-05-22 23:50:07.401329,
notification-sweep,2026-05-22,failed,3,2026-05-22 21:15:00.000337,2026-05-22 23:15:00.000005,job startup timeout
notification-sweep,2026-05-22,succeeded,21,2026-05-22 00:15:00.191203,2026-05-22 20:15:00.279919,
pipeline_health_retention_sweep,2026-05-22,succeeded,1,2026-05-22 05:00:00.160315,2026-05-22 05:00:00.160315,
gd-morning-push,2026-05-23,succeeded,1,2026-05-23 10:00:00.190635,2026-05-23 10:00:00.190635,
goaldigger-archive-old-content,2026-05-23,succeeded,1,2026-05-23 08:00:00.055269,2026-05-23 08:00:00.055269,
goaldigger-cron-heartbeat-check,2026-05-23,failed,2,2026-05-23 00:00:27.531503,2026-05-23 00:30:00.000183,job startup timeout
goaldigger-cron-heartbeat-check,2026-05-23,succeeded,46,2026-05-23 01:00:00.328006,2026-05-23 23:30:00.183089,
goaldigger-daily-pipeline,2026-05-23,failed,1,2026-05-23 00:00:27.531503,2026-05-23 00:00:27.531503,job startup timeout
goaldigger-daily-pipeline,2026-05-23,succeeded,8,2026-05-23 08:00:00.052631,2026-05-23 22:00:00.253772,
match-watcher-1min,2026-05-23,failed,36,2026-05-23 00:00:27.531503,2026-05-23 00:34:00.000473,job startup timeout
match-watcher-1min,2026-05-23,succeeded,1405,2026-05-23 00:35:06.805505,2026-05-23 23:59:00.220529,
notification-sweep,2026-05-23,failed,1,2026-05-23 00:15:00.000459,2026-05-23 00:15:00.000459,job startup timeout
notification-sweep,2026-05-23,succeeded,23,2026-05-23 01:15:00.230173,2026-05-23 23:15:00.169491,
pipeline_health_retention_sweep,2026-05-23,succeeded,1,2026-05-23 05:00:00.219655,2026-05-23 05:00:00.219655,
gd-morning-push,2026-05-24,succeeded,1,2026-05-24 10:00:00.188747,2026-05-24 10:00:00.188747,
goaldigger-archive-old-content,2026-05-24,succeeded,1,2026-05-24 08:00:00.099337,2026-05-24 08:00:00.099337,
goaldigger-cron-heartbeat-check,2026-05-24,succeeded,48,2026-05-24 00:00:00.045743,2026-05-24 23:30:00.223874,
goaldigger-daily-pipeline,2026-05-24,succeeded,9,2026-05-24 00:00:00.047607,2026-05-24 22:00:00.223743,
match-watcher-1min,2026-05-24,succeeded,1440,2026-05-24 00:00:00.046355,2026-05-24 23:59:00.145527,
notification-sweep,2026-05-24,succeeded,24,2026-05-24 00:15:00.378547,2026-05-24 23:15:00.207745,
pipeline_health_retention_sweep,2026-05-24,succeeded,1,2026-05-24 05:00:00.187246,2026-05-24 05:00:00.187246,
gd-morning-push,2026-05-25,succeeded,1,2026-05-25 10:00:00.096679,2026-05-25 10:00:00.096679,
goaldigger-archive-old-content,2026-05-25,succeeded,1,2026-05-25 08:00:00.119638,2026-05-25 08:00:00.119638,
goaldigger-cron-heartbeat-check,2026-05-25,succeeded,48,2026-05-25 00:00:00.185402,2026-05-25 23:30:00.193205,
goaldigger-daily-pipeline,2026-05-25,succeeded,9,2026-05-25 00:00:00.186593,2026-05-25 22:00:00.198999,
match-watcher-1min,2026-05-25,succeeded,1440,2026-05-25 00:00:00.184018,2026-05-25 23:59:00.120194,
notification-sweep,2026-05-25,succeeded,24,2026-05-25 00:15:00.194157,2026-05-25 23:15:00.304901,
pipeline_health_retention_sweep,2026-05-25,succeeded,1,2026-05-25 05:00:00.194296,2026-05-25 05:00:00.194296,
gd-morning-push,2026-05-26,succeeded,1,2026-05-26 10:00:00.178796,2026-05-26 10:00:00.178796,
goaldigger-archive-old-content,2026-05-26,succeeded,1,2026-05-26 08:00:00.096464,2026-05-26 08:00:00.096464,
goaldigger-cron-heartbeat-check,2026-05-26,succeeded,48,2026-05-26 00:00:00.127352,2026-05-26 23:30:00.152619,
goaldigger-daily-pipeline,2026-05-26,succeeded,9,2026-05-26 00:00:00.128007,2026-05-26 22:00:00.21018,
match-watcher-1min,2026-05-26,succeeded,1440,2026-05-26 00:00:00.125233,2026-05-26 23:59:00.162129,
notification-sweep,2026-05-26,succeeded,24,2026-05-26 00:15:00.225156,2026-05-26 23:15:00.192412,
pipeline_health_retention_sweep,2026-05-26,succeeded,1,2026-05-26 05:00:00.181331,2026-05-26 05:00:00.181331,
gd-morning-push,2026-05-27,succeeded,1,2026-05-27 10:00:00.065618,2026-05-27 10:00:00.065618,
goaldigger-archive-old-content,2026-05-27,succeeded,1,2026-05-27 08:00:00.20572,2026-05-27 08:00:00.20572,
goaldigger-cron-heartbeat-check,2026-05-27,succeeded,48,2026-05-27 00:00:00.168822,2026-05-27 23:30:00.162419,
goaldigger-daily-pipeline,2026-05-27,succeeded,9,2026-05-27 00:00:00.173409,2026-05-27 22:00:00.126177,
match-watcher-1min,2026-05-27,succeeded,1440,2026-05-27 00:00:00.171073,2026-05-27 23:59:00.196351,
notification-sweep,2026-05-27,succeeded,24,2026-05-27 00:15:00.223917,2026-05-27 23:15:01.585472,
pipeline_health_retention_sweep,2026-05-27,succeeded,1,2026-05-27 05:00:00.112181,2026-05-27 05:00:00.112181,
gd-morning-push,2026-05-28,succeeded,1,2026-05-28 10:00:00.227557,2026-05-28 10:00:00.227557,
goaldigger-archive-old-content,2026-05-28,succeeded,1,2026-05-28 08:00:00.316444,2026-05-28 08:00:00.316444,
goaldigger-cron-heartbeat-check,2026-05-28,succeeded,48,2026-05-28 00:00:00.155006,2026-05-28 23:30:00.187161,
goaldigger-daily-pipeline,2026-05-28,succeeded,9,2026-05-28 00:00:00.156949,2026-05-28 22:00:00.085758,
match-watcher-1min,2026-05-28,succeeded,1440,2026-05-28 00:00:00.153506,2026-05-28 23:59:00.149567,
notification-sweep,2026-05-28,succeeded,24,2026-05-28 00:15:00.179693,2026-05-28 23:15:00.211067,
pipeline_health_retention_sweep,2026-05-28,succeeded,1,2026-05-28 05:00:00.128204,2026-05-28 05:00:00.128204,
gd-morning-push,2026-05-29,succeeded,1,2026-05-29 10:00:00.186201,2026-05-29 10:00:00.186201,
goaldigger-archive-old-content,2026-05-29,succeeded,1,2026-05-29 08:00:00.197295,2026-05-29 08:00:00.197295,
goaldigger-cron-heartbeat-check,2026-05-29,succeeded,48,2026-05-29 00:00:00.166794,2026-05-29 23:30:00.02953,
goaldigger-daily-pipeline,2026-05-29,succeeded,9,2026-05-29 00:00:00.170756,2026-05-29 22:00:00.159384,
match-watcher-1min,2026-05-29,succeeded,1440,2026-05-29 00:00:00.168268,2026-05-29 23:59:00.140581,
notification-sweep,2026-05-29,succeeded,24,2026-05-29 00:15:00.174357,2026-05-29 23:15:00.283874,
pipeline_health_retention_sweep,2026-05-29,succeeded,1,2026-05-29 05:00:00.068969,2026-05-29 05:00:00.068969,
gd-morning-push,2026-05-30,succeeded,1,2026-05-30 10:00:00.126648,2026-05-30 10:00:00.126648,
goaldigger-archive-old-content,2026-05-30,succeeded,1,2026-05-30 08:00:00.088771,2026-05-30 08:00:00.088771,
goaldigger-cron-heartbeat-check,2026-05-30,succeeded,48,2026-05-30 00:00:00.13416,2026-05-30 23:30:00.165344,
goaldigger-daily-pipeline,2026-05-30,succeeded,9,2026-05-30 00:00:00.130976,2026-05-30 22:00:00.191064,
match-watcher-1min,2026-05-30,succeeded,1440,2026-05-30 00:00:00.132674,2026-05-30 23:59:00.068579,
notification-sweep,2026-05-30,succeeded,24,2026-05-30 00:15:00.250348,2026-05-30 23:15:00.339647,
pipeline_health_retention_sweep,2026-05-30,succeeded,1,2026-05-30 05:00:00.22609,2026-05-30 05:00:00.22609,
gd-morning-push,2026-05-31,succeeded,1,2026-05-31 10:00:00.081533,2026-05-31 10:00:00.081533,
goaldigger-archive-old-content,2026-05-31,succeeded,1,2026-05-31 08:00:00.192041,2026-05-31 08:00:00.192041,
goaldigger-cron-heartbeat-check,2026-05-31,succeeded,48,2026-05-31 00:00:00.049556,2026-05-31 23:30:00.1742,
goaldigger-daily-pipeline,2026-05-31,succeeded,9,2026-05-31 00:00:00.054865,2026-05-31 22:00:00.055376,
match-watcher-1min,2026-05-31,succeeded,1440,2026-05-31 00:00:00.053884,2026-05-31 23:59:00.144,
notification-sweep,2026-05-31,succeeded,24,2026-05-31 00:15:00.155336,2026-05-31 23:15:00.186447,
pipeline_health_retention_sweep,2026-05-31,succeeded,1,2026-05-31 05:00:00.198987,2026-05-31 05:00:00.198987,
gd-morning-push,2026-06-01,succeeded,1,2026-06-01 10:00:00.201532,2026-06-01 10:00:00.201532,
goaldigger-archive-old-content,2026-06-01,succeeded,1,2026-06-01 08:00:00.212039,2026-06-01 08:00:00.212039,
goaldigger-cron-heartbeat-check,2026-06-01,succeeded,48,2026-06-01 00:00:00.223037,2026-06-01 23:30:00.027876,
goaldigger-daily-pipeline,2026-06-01,succeeded,9,2026-06-01 00:00:00.226503,2026-06-01 22:00:00.10891,
match-watcher-1min,2026-06-01,succeeded,1440,2026-06-01 00:00:00.225816,2026-06-01 23:59:00.11959,
notification-sweep,2026-06-01,succeeded,24,2026-06-01 00:15:00.247044,2026-06-01 23:15:00.375669,
pipeline_health_retention_sweep,2026-06-01,succeeded,1,2026-06-01 05:00:00.374584,2026-06-01 05:00:00.374584,
gd-morning-push,2026-06-02,succeeded,1,2026-06-02 10:00:00.113063,2026-06-02 10:00:00.113063,
goaldigger-archive-old-content,2026-06-02,succeeded,1,2026-06-02 08:00:00.12727,2026-06-02 08:00:00.12727,
goaldigger-cron-heartbeat-check,2026-06-02,succeeded,48,2026-06-02 00:00:00.092489,2026-06-02 23:30:00.199422,
goaldigger-daily-pipeline,2026-06-02,succeeded,9,2026-06-02 00:00:00.093618,2026-06-02 22:00:00.086963,
match-watcher-1min,2026-06-02,succeeded,1440,2026-06-02 00:00:00.088589,2026-06-02 23:59:00.070675,
notification-sweep,2026-06-02,succeeded,24,2026-06-02 00:15:00.216206,2026-06-02 23:15:00.1972,
pipeline_health_retention_sweep,2026-06-02,succeeded,1,2026-06-02 05:00:00.141781,2026-06-02 05:00:00.141781,
raw_fetch_logs_retention_sweep,2026-06-02,succeeded,1,2026-06-02 05:15:00.09621,2026-06-02 05:15:00.09621,
gd-morning-push,2026-06-03,succeeded,1,2026-06-03 10:00:00.12029,2026-06-03 10:00:00.12029,
goaldigger-archive-old-content,2026-06-03,succeeded,1,2026-06-03 08:00:00.121277,2026-06-03 08:00:00.121277,
goaldigger-cron-heartbeat-check,2026-06-03,succeeded,48,2026-06-03 00:00:00.047179,2026-06-03 23:30:00.160265,
goaldigger-daily-pipeline,2026-06-03,succeeded,9,2026-06-03 00:00:00.047867,2026-06-03 22:00:00.198134,
match-watcher-1min,2026-06-03,succeeded,1440,2026-06-03 00:00:00.050336,2026-06-03 23:59:00.144342,
notification-sweep,2026-06-03,succeeded,24,2026-06-03 00:15:00.291651,2026-06-03 23:15:00.264711,
pipeline_health_retention_sweep,2026-06-03,succeeded,1,2026-06-03 05:00:00.091273,2026-06-03 05:00:00.091273,
raw_fetch_logs_retention_sweep,2026-06-03,succeeded,1,2026-06-03 05:15:00.234361,2026-06-03 05:15:00.234361,
gd-morning-push,2026-06-04,succeeded,1,2026-06-04 10:00:00.266894,2026-06-04 10:00:00.266894,
goaldigger-archive-old-content,2026-06-04,succeeded,1,2026-06-04 08:00:00.254551,2026-06-04 08:00:00.254551,
goaldigger-cron-heartbeat-check,2026-06-04,succeeded,48,2026-06-04 00:00:00.307593,2026-06-04 23:30:00.049504,
goaldigger-daily-pipeline,2026-06-04,succeeded,9,2026-06-04 00:00:00.308957,2026-06-04 22:00:00.069353,
match-watcher-1min,2026-06-04,succeeded,1440,2026-06-04 00:00:00.306049,2026-06-04 23:59:00.175267,
notification-sweep,2026-06-04,succeeded,24,2026-06-04 00:15:00.190316,2026-06-04 23:15:00.189772,
pipeline_health_retention_sweep,2026-06-04,succeeded,1,2026-06-04 05:00:00.132922,2026-06-04 05:00:00.132922,
raw_fetch_logs_retention_sweep,2026-06-04,succeeded,1,2026-06-04 05:15:00.088879,2026-06-04 05:15:00.088879,
gd-morning-push,2026-06-05,succeeded,1,2026-06-05 10:00:00.071765,2026-06-05 10:00:00.071765,
goaldigger-archive-old-content,2026-06-05,succeeded,1,2026-06-05 08:00:00.128202,2026-06-05 08:00:00.128202,
goaldigger-cron-heartbeat-check,2026-06-05,succeeded,48,2026-06-05 00:00:00.191808,2026-06-05 23:30:00.044843,
goaldigger-daily-pipeline,2026-06-05,succeeded,9,2026-06-05 00:00:00.194892,2026-06-05 22:00:00.222241,
match-watcher-1min,2026-06-05,succeeded,1440,2026-06-05 00:00:00.194325,2026-06-05 23:59:00.038313,
notification-sweep,2026-06-05,succeeded,24,2026-06-05 00:15:00.189296,2026-06-05 23:15:00.239978,
pipeline_health_retention_sweep,2026-06-05,succeeded,1,2026-06-05 05:00:00.062093,2026-06-05 05:00:00.062093,
raw_fetch_logs_retention_sweep,2026-06-05,succeeded,1,2026-06-05 05:15:00.291247,2026-06-05 05:15:00.291247,
content-audit-nightly,2026-06-06,succeeded,1,2026-06-06 05:30:00.306646,2026-06-06 05:30:00.306646,
gd-morning-push,2026-06-06,succeeded,1,2026-06-06 10:00:00.174616,2026-06-06 10:00:00.174616,
goaldigger-archive-old-content,2026-06-06,succeeded,1,2026-06-06 08:00:00.195771,2026-06-06 08:00:00.195771,
goaldigger-cron-heartbeat-check,2026-06-06,succeeded,48,2026-06-06 00:00:00.192868,2026-06-06 23:30:00.263634,
goaldigger-daily-pipeline,2026-06-06,succeeded,9,2026-06-06 00:00:00.191248,2026-06-06 22:00:00.110232,
match-watcher-1min,2026-06-06,succeeded,1440,2026-06-06 00:00:00.192036,2026-06-06 23:59:00.240421,
notification-sweep,2026-06-06,succeeded,24,2026-06-06 00:15:00.170856,2026-06-06 23:15:00.217664,
pipeline_health_retention_sweep,2026-06-06,succeeded,1,2026-06-06 05:00:00.206527,2026-06-06 05:00:00.206527,
raw_fetch_logs_retention_sweep,2026-06-06,succeeded,1,2026-06-06 05:15:00.420685,2026-06-06 05:15:00.420685,
content-audit-nightly,2026-06-07,succeeded,1,2026-06-07 05:30:00.324608,2026-06-07 05:30:00.324608,
gd-morning-push,2026-06-07,succeeded,1,2026-06-07 10:00:00.106096,2026-06-07 10:00:00.106096,
goaldigger-archive-old-content,2026-06-07,succeeded,1,2026-06-07 08:00:00.098164,2026-06-07 08:00:00.098164,
goaldigger-cron-heartbeat-check,2026-06-07,succeeded,48,2026-06-07 00:00:00.253872,2026-06-07 23:30:00.195849,
goaldigger-daily-pipeline,2026-06-07,succeeded,9,2026-06-07 00:00:00.253282,2026-06-07 22:00:00.205882,
match-watcher-1min,2026-06-07,succeeded,1440,2026-06-07 00:00:00.250907,2026-06-07 23:59:00.033031,
notification-sweep,2026-06-07,succeeded,24,2026-06-07 00:15:00.298253,2026-06-07 23:15:00.057465,
pipeline_health_retention_sweep,2026-06-07,succeeded,1,2026-06-07 05:00:00.158836,2026-06-07 05:00:00.158836,
raw_fetch_logs_retention_sweep,2026-06-07,succeeded,1,2026-06-07 05:15:00.23071,2026-06-07 05:15:00.23071,
content-audit-nightly,2026-06-08,succeeded,1,2026-06-08 05:30:00.222331,2026-06-08 05:30:00.222331,
gd-morning-push,2026-06-08,succeeded,1,2026-06-08 10:00:00.073425,2026-06-08 10:00:00.073425,
goaldigger-archive-old-content,2026-06-08,succeeded,1,2026-06-08 08:00:00.090911,2026-06-08 08:00:00.090911,
goaldigger-cron-heartbeat-check,2026-06-08,succeeded,48,2026-06-08 00:00:00.084821,2026-06-08 23:30:00.190814,
goaldigger-daily-pipeline,2026-06-08,succeeded,9,2026-06-08 00:00:00.082742,2026-06-08 22:00:00.164139,
match-watcher-1min,2026-06-08,succeeded,1440,2026-06-08 00:00:00.084138,2026-06-08 23:59:00.106859,
notification-sweep,2026-06-08,succeeded,24,2026-06-08 00:15:00.171392,2026-06-08 23:15:00.258662,
pipeline_health_retention_sweep,2026-06-08,succeeded,1,2026-06-08 05:00:00.086653,2026-06-08 05:00:00.086653,
raw_fetch_logs_retention_sweep,2026-06-08,succeeded,1,2026-06-08 05:15:00.342091,2026-06-08 05:15:00.342091,
content-audit-nightly,2026-06-09,succeeded,1,2026-06-09 05:30:00.185586,2026-06-09 05:30:00.185586,
gd-morning-push,2026-06-09,succeeded,1,2026-06-09 10:00:00.165329,2026-06-09 10:00:00.165329,
goaldigger-archive-old-content,2026-06-09,succeeded,1,2026-06-09 08:00:00.227534,2026-06-09 08:00:00.227534,
goaldigger-cron-heartbeat-check,2026-06-09,succeeded,48,2026-06-09 00:00:00.18177,2026-06-09 23:30:00.177452,
goaldigger-daily-pipeline,2026-06-09,succeeded,9,2026-06-09 00:00:00.18273,2026-06-09 22:00:00.183791,
match-watcher-1min,2026-06-09,succeeded,1440,2026-06-09 00:00:00.183823,2026-06-09 23:59:00.193998,
notification-sweep,2026-06-09,succeeded,24,2026-06-09 00:15:00.173432,2026-06-09 23:15:00.110875,
pipeline_health_retention_sweep,2026-06-09,succeeded,1,2026-06-09 05:00:00.040695,2026-06-09 05:00:00.040695,
raw_fetch_logs_retention_sweep,2026-06-09,succeeded,1,2026-06-09 05:15:00.196261,2026-06-09 05:15:00.196261,
content-audit-nightly,2026-06-10,succeeded,1,2026-06-10 05:30:00.087213,2026-06-10 05:30:00.087213,
gd-morning-push,2026-06-10,succeeded,1,2026-06-10 10:00:00.303389,2026-06-10 10:00:00.303389,
goaldigger-archive-old-content,2026-06-10,succeeded,1,2026-06-10 08:00:00.212334,2026-06-10 08:00:00.212334,
goaldigger-cron-heartbeat-check,2026-06-10,succeeded,48,2026-06-10 00:00:00.145085,2026-06-10 23:30:00.145996,
goaldigger-daily-pipeline,2026-06-10,succeeded,9,2026-06-10 00:00:00.142373,2026-06-10 22:00:00.177565,
match-watcher-1min,2026-06-10,succeeded,1440,2026-06-10 00:00:00.143014,2026-06-10 23:59:00.144793,
notification-sweep,2026-06-10,succeeded,24,2026-06-10 00:15:00.257423,2026-06-10 23:15:00.355014,
pipeline_health_retention_sweep,2026-06-10,succeeded,1,2026-06-10 05:00:00.354516,2026-06-10 05:00:00.354516,
raw_fetch_logs_retention_sweep,2026-06-10,succeeded,1,2026-06-10 05:15:00.250312,2026-06-10 05:15:00.250312,
content-audit-nightly,2026-06-11,succeeded,1,2026-06-11 05:30:00.183505,2026-06-11 05:30:00.183505,
gd-morning-push,2026-06-11,succeeded,1,2026-06-11 10:00:00.237039,2026-06-11 10:00:00.237039,
goaldigger-archive-old-content,2026-06-11,succeeded,1,2026-06-11 08:00:00.219268,2026-06-11 08:00:00.219268,
goaldigger-cron-heartbeat-check,2026-06-11,succeeded,48,2026-06-11 00:00:00.214439,2026-06-11 23:30:00.139151,
goaldigger-daily-pipeline,2026-06-11,succeeded,9,2026-06-11 00:00:00.216805,2026-06-11 22:00:00.276294,
match-watcher-1min,2026-06-11,succeeded,1440,2026-06-11 00:00:00.212937,2026-06-11 23:59:00.141779,
notification-sweep,2026-06-11,succeeded,24,2026-06-11 00:15:00.095093,2026-06-11 23:15:00.285611,
pipeline_health_retention_sweep,2026-06-11,succeeded,1,2026-06-11 05:00:00.263424,2026-06-11 05:00:00.263424,
raw_fetch_logs_retention_sweep,2026-06-11,succeeded,1,2026-06-11 05:15:00.381006,2026-06-11 05:15:00.381006,
content-audit-nightly,2026-06-12,succeeded,1,2026-06-12 05:30:00.267063,2026-06-12 05:30:00.267063,
gd-morning-push,2026-06-12,succeeded,1,2026-06-12 10:00:00.348896,2026-06-12 10:00:00.348896,
goaldigger-archive-old-content,2026-06-12,succeeded,1,2026-06-12 08:00:00.339302,2026-06-12 08:00:00.339302,
goaldigger-cron-heartbeat-check,2026-06-12,succeeded,48,2026-06-12 00:00:00.238211,2026-06-12 23:30:00.339633,
goaldigger-daily-pipeline,2026-06-12,succeeded,9,2026-06-12 00:00:00.234734,2026-06-12 22:00:00.202448,
match-watcher-1min,2026-06-12,succeeded,1440,2026-06-12 00:00:00.237015,2026-06-12 23:59:00.18961,
notification-sweep,2026-06-12,succeeded,24,2026-06-12 00:15:00.24769,2026-06-12 23:15:00.184063,
pipeline_health_retention_sweep,2026-06-12,succeeded,1,2026-06-12 05:00:00.124105,2026-06-12 05:00:00.124105,
raw_fetch_logs_retention_sweep,2026-06-12,succeeded,1,2026-06-12 05:15:00.339376,2026-06-12 05:15:00.339376,
content-audit-nightly,2026-06-13,succeeded,1,2026-06-13 05:30:00.143448,2026-06-13 05:30:00.143448,
gd-morning-push,2026-06-13,succeeded,1,2026-06-13 10:00:00.197845,2026-06-13 10:00:00.197845,
goaldigger-archive-old-content,2026-06-13,succeeded,1,2026-06-13 08:00:00.17792,2026-06-13 08:00:00.17792,
goaldigger-cron-heartbeat-check,2026-06-13,succeeded,48,2026-06-13 00:00:00.30014,2026-06-13 23:30:00.179362,
goaldigger-daily-pipeline,2026-06-13,succeeded,9,2026-06-13 00:00:00.298689,2026-06-13 22:00:00.244799,
match-watcher-1min,2026-06-13,succeeded,1440,2026-06-13 00:00:00.295748,2026-06-13 23:59:00.18815,
notification-sweep,2026-06-13,succeeded,24,2026-06-13 00:15:00.173133,2026-06-13 23:15:00.368858,
pipeline_health_retention_sweep,2026-06-13,succeeded,1,2026-06-13 05:00:00.125021,2026-06-13 05:00:00.125021,
raw_fetch_logs_retention_sweep,2026-06-13,succeeded,1,2026-06-13 05:15:00.331855,2026-06-13 05:15:00.331855,
content-audit-nightly,2026-06-14,succeeded,1,2026-06-14 05:30:00.32509,2026-06-14 05:30:00.32509,
gd-morning-push,2026-06-14,succeeded,1,2026-06-14 10:00:00.196331,2026-06-14 10:00:00.196331,
goaldigger-archive-old-content,2026-06-14,succeeded,1,2026-06-14 08:00:00.222722,2026-06-14 08:00:00.222722,
goaldigger-cron-heartbeat-check,2026-06-14,succeeded,48,2026-06-14 00:00:00.352637,2026-06-14 23:30:00.18081,
goaldigger-daily-pipeline,2026-06-14,succeeded,9,2026-06-14 00:00:00.352015,2026-06-14 22:00:00.074719,
match-watcher-1min,2026-06-14,succeeded,1440,2026-06-14 00:00:00.350047,2026-06-14 23:59:00.162924,
notification-sweep,2026-06-14,succeeded,24,2026-06-14 00:15:00.212999,2026-06-14 23:15:00.304629,
pipeline_health_retention_sweep,2026-06-14,succeeded,1,2026-06-14 05:00:00.245051,2026-06-14 05:00:00.245051,
raw_fetch_logs_retention_sweep,2026-06-14,succeeded,1,2026-06-14 05:15:00.15145,2026-06-14 05:15:00.15145,
content-audit-nightly,2026-06-15,succeeded,1,2026-06-15 05:30:00.18017,2026-06-15 05:30:00.18017,
gd-morning-push,2026-06-15,succeeded,1,2026-06-15 10:00:00.162824,2026-06-15 10:00:00.162824,
goaldigger-archive-old-content,2026-06-15,succeeded,1,2026-06-15 08:00:00.13177,2026-06-15 08:00:00.13177,
goaldigger-cron-heartbeat-check,2026-06-15,succeeded,48,2026-06-15 00:00:00.405609,2026-06-15 23:30:00.090935,
goaldigger-daily-pipeline,2026-06-15,succeeded,9,2026-06-15 00:00:00.409249,2026-06-15 22:00:00.252384,
goaldigger-matchday-reminder,2026-06-15,succeeded,1,2026-06-15 09:00:00.212115,2026-06-15 09:00:00.212115,
match-watcher-1min,2026-06-15,succeeded,1440,2026-06-15 00:00:00.403515,2026-06-15 23:59:00.127515,
notification-sweep,2026-06-15,succeeded,24,2026-06-15 00:15:00.267449,2026-06-15 23:15:00.436906,
pipeline_health_retention_sweep,2026-06-15,succeeded,1,2026-06-15 05:00:00.151328,2026-06-15 05:00:00.151328,
raw_fetch_logs_retention_sweep,2026-06-15,succeeded,1,2026-06-15 05:15:00.174139,2026-06-15 05:15:00.174139,
content-audit-nightly,2026-06-16,succeeded,1,2026-06-16 05:30:00.367002,2026-06-16 05:30:00.367002,
gd-morning-push,2026-06-16,succeeded,1,2026-06-16 10:00:00.246152,2026-06-16 10:00:00.246152,
goaldigger-archive-old-content,2026-06-16,succeeded,1,2026-06-16 08:00:00.206309,2026-06-16 08:00:00.206309,
goaldigger-cron-heartbeat-check,2026-06-16,succeeded,48,2026-06-16 00:00:00.181832,2026-06-16 23:30:00.194084,
goaldigger-daily-pipeline,2026-06-16,succeeded,9,2026-06-16 00:00:00.18047,2026-06-16 22:00:00.127594,
goaldigger-matchday-reminder,2026-06-16,succeeded,1,2026-06-16 09:00:00.214649,2026-06-16 09:00:00.214649,
match-watcher-1min,2026-06-16,succeeded,1440,2026-06-16 00:00:00.177342,2026-06-16 23:59:00.150192,
notification-sweep,2026-06-16,succeeded,24,2026-06-16 00:15:00.24848,2026-06-16 23:15:00.17268,
pipeline_health_retention_sweep,2026-06-16,succeeded,1,2026-06-16 05:00:00.209845,2026-06-16 05:00:00.209845,
raw_fetch_logs_retention_sweep,2026-06-16,succeeded,1,2026-06-16 05:15:00.21794,2026-06-16 05:15:00.21794,
content-audit-nightly,2026-06-17,succeeded,1,2026-06-17 05:30:00.164072,2026-06-17 05:30:00.164072,
gd-morning-push,2026-06-17,succeeded,1,2026-06-17 10:00:00.230937,2026-06-17 10:00:00.230937,
goaldigger-archive-old-content,2026-06-17,succeeded,1,2026-06-17 08:00:00.225062,2026-06-17 08:00:00.225062,
goaldigger-cron-heartbeat-check,2026-06-17,succeeded,48,2026-06-17 00:00:00.188355,2026-06-17 23:30:00.165109,
goaldigger-daily-pipeline,2026-06-17,succeeded,9,2026-06-17 00:00:00.190178,2026-06-17 22:00:00.166043,
goaldigger-matchday-reminder,2026-06-17,succeeded,1,2026-06-17 09:00:00.187868,2026-06-17 09:00:00.187868,
match-watcher-1min,2026-06-17,succeeded,1440,2026-06-17 00:00:00.187344,2026-06-17 23:59:00.253899,
notification-sweep,2026-06-17,succeeded,24,2026-06-17 00:15:00.226217,2026-06-17 23:15:00.235995,
pipeline_health_retention_sweep,2026-06-17,succeeded,1,2026-06-17 05:00:00.190334,2026-06-17 05:00:00.190334,
raw_fetch_logs_retention_sweep,2026-06-17,succeeded,1,2026-06-17 05:15:00.305878,2026-06-17 05:15:00.305878,
content-audit-nightly,2026-06-18,succeeded,1,2026-06-18 05:30:00.21284,2026-06-18 05:30:00.21284,
gd-morning-push,2026-06-18,succeeded,1,2026-06-18 10:00:00.237842,2026-06-18 10:00:00.237842,
goaldigger-archive-old-content,2026-06-18,succeeded,1,2026-06-18 08:00:00.101991,2026-06-18 08:00:00.101991,
goaldigger-cron-heartbeat-check,2026-06-18,succeeded,48,2026-06-18 00:00:00.223419,2026-06-18 23:30:00.212211,
goaldigger-daily-pipeline,2026-06-18,succeeded,9,2026-06-18 00:00:00.220669,2026-06-18 22:00:00.225554,
goaldigger-matchday-reminder,2026-06-18,succeeded,1,2026-06-18 09:00:00.182963,2026-06-18 09:00:00.182963,
match-status-reaper,2026-06-18,succeeded,1,2026-06-18 07:00:00.300131,2026-06-18 07:00:00.300131,
match-watcher-1min,2026-06-18,succeeded,1440,2026-06-18 00:00:00.222288,2026-06-18 23:59:00.198439,
notification-sweep,2026-06-18,succeeded,24,2026-06-18 00:15:00.379104,2026-06-18 23:15:00.34001,
pipeline_health_retention_sweep,2026-06-18,succeeded,1,2026-06-18 05:00:00.238304,2026-06-18 05:00:00.238304,
raw_fetch_logs_retention_sweep,2026-06-18,succeeded,1,2026-06-18 05:15:00.226973,2026-06-18 05:15:00.226973,
content-audit-nightly,2026-06-19,succeeded,1,2026-06-19 05:30:00.398849,2026-06-19 05:30:00.398849,
gd-morning-push,2026-06-19,succeeded,1,2026-06-19 10:00:00.115595,2026-06-19 10:00:00.115595,
goaldigger-archive-old-content,2026-06-19,succeeded,1,2026-06-19 08:00:00.208441,2026-06-19 08:00:00.208441,
goaldigger-cron-heartbeat-check,2026-06-19,succeeded,48,2026-06-19 00:00:00.224845,2026-06-19 23:30:00.218308,
goaldigger-daily-pipeline,2026-06-19,succeeded,9,2026-06-19 00:00:00.226133,2026-06-19 22:00:00.126769,
goaldigger-matchday-reminder,2026-06-19,succeeded,1,2026-06-19 09:00:00.183595,2026-06-19 09:00:00.183595,
match-status-reaper,2026-06-19,succeeded,1,2026-06-19 07:00:00.242744,2026-06-19 07:00:00.242744,
match-watcher-1min,2026-06-19,succeeded,1440,2026-06-19 00:00:00.223318,2026-06-19 23:59:00.156525,
notification-sweep,2026-06-19,succeeded,24,2026-06-19 00:15:00.29061,2026-06-19 23:15:00.23919,
pipeline_health_retention_sweep,2026-06-19,succeeded,1,2026-06-19 05:00:00.187863,2026-06-19 05:00:00.187863,
raw_fetch_logs_retention_sweep,2026-06-19,succeeded,1,2026-06-19 05:15:00.378553,2026-06-19 05:15:00.378553,
content-audit-nightly,2026-06-20,succeeded,1,2026-06-20 05:30:00.128214,2026-06-20 05:30:00.128214,
gd-morning-push,2026-06-20,succeeded,1,2026-06-20 10:00:00.127585,2026-06-20 10:00:00.127585,
goaldigger-archive-old-content,2026-06-20,succeeded,1,2026-06-20 08:00:00.234543,2026-06-20 08:00:00.234543,
goaldigger-cron-heartbeat-check,2026-06-20,succeeded,48,2026-06-20 00:00:00.103776,2026-06-20 23:30:00.151823,
goaldigger-daily-pipeline,2026-06-20,succeeded,9,2026-06-20 00:00:00.113046,2026-06-20 22:00:00.205491,
goaldigger-matchday-reminder,2026-06-20,succeeded,1,2026-06-20 09:00:00.186396,2026-06-20 09:00:00.186396,
match-status-reaper,2026-06-20,succeeded,1,2026-06-20 07:00:00.174287,2026-06-20 07:00:00.174287,
match-watcher-1min,2026-06-20,succeeded,1440,2026-06-20 00:00:00.102965,2026-06-20 23:59:00.24962,
notification-sweep,2026-06-20,succeeded,24,2026-06-20 00:15:00.287611,2026-06-20 23:15:00.265918,
pipeline_health_retention_sweep,2026-06-20,succeeded,1,2026-06-20 05:00:00.174419,2026-06-20 05:00:00.174419,
raw_fetch_logs_retention_sweep,2026-06-20,succeeded,1,2026-06-20 05:15:00.177469,2026-06-20 05:15:00.177469,
content-audit-nightly,2026-06-21,succeeded,1,2026-06-21 05:30:00.233827,2026-06-21 05:30:00.233827,
gd-morning-push,2026-06-21,succeeded,1,2026-06-21 10:00:00.252352,2026-06-21 10:00:00.252352,
goaldigger-archive-old-content,2026-06-21,succeeded,1,2026-06-21 08:00:00.182132,2026-06-21 08:00:00.182132,
goaldigger-cron-heartbeat-check,2026-06-21,succeeded,48,2026-06-21 00:00:00.19389,2026-06-21 23:30:00.179138,
goaldigger-daily-pipeline,2026-06-21,succeeded,9,2026-06-21 00:00:00.205646,2026-06-21 22:00:00.246516,
goaldigger-matchday-reminder,2026-06-21,succeeded,1,2026-06-21 09:00:00.212504,2026-06-21 09:00:00.212504,
match-status-reaper,2026-06-21,succeeded,1,2026-06-21 07:00:00.179959,2026-06-21 07:00:00.179959,
match-watcher-1min,2026-06-21,succeeded,1440,2026-06-21 00:00:00.196546,2026-06-21 23:59:00.217802,
notification-sweep,2026-06-21,succeeded,24,2026-06-21 00:15:00.259124,2026-06-21 23:15:00.252856,
pipeline_health_retention_sweep,2026-06-21,succeeded,1,2026-06-21 05:00:00.205774,2026-06-21 05:00:00.205774,
raw_fetch_logs_retention_sweep,2026-06-21,succeeded,1,2026-06-21 05:15:00.16287,2026-06-21 05:15:00.16287,
content-audit-nightly,2026-06-22,succeeded,1,2026-06-22 05:30:00.06338,2026-06-22 05:30:00.06338,
gd-morning-push,2026-06-22,succeeded,1,2026-06-22 10:00:00.243195,2026-06-22 10:00:00.243195,
goaldigger-archive-old-content,2026-06-22,succeeded,1,2026-06-22 08:00:00.428717,2026-06-22 08:00:00.428717,
goaldigger-cron-heartbeat-check,2026-06-22,succeeded,48,2026-06-22 00:00:00.198949,2026-06-22 23:30:00.161677,
goaldigger-daily-pipeline,2026-06-22,succeeded,9,2026-06-22 00:00:00.203518,2026-06-22 22:00:00.101129,
goaldigger-matchday-reminder,2026-06-22,succeeded,1,2026-06-22 09:00:00.191973,2026-06-22 09:00:00.191973,
match-status-reaper,2026-06-22,succeeded,1,2026-06-22 07:00:00.220703,2026-06-22 07:00:00.220703,
match-watcher-1min,2026-06-22,succeeded,1440,2026-06-22 00:00:00.202468,2026-06-22 23:59:00.162469,
notification-sweep,2026-06-22,succeeded,24,2026-06-22 00:15:00.190401,2026-06-22 23:15:00.197927,
pipeline_health_retention_sweep,2026-06-22,succeeded,1,2026-06-22 05:00:00.191946,2026-06-22 05:00:00.191946,
raw_fetch_logs_retention_sweep,2026-06-22,succeeded,1,2026-06-22 05:15:00.151357,2026-06-22 05:15:00.151357,
content-audit-nightly,2026-06-23,succeeded,1,2026-06-23 05:30:00.305869,2026-06-23 05:30:00.305869,
gd-morning-push,2026-06-23,succeeded,1,2026-06-23 10:00:00.179196,2026-06-23 10:00:00.179196,
goaldigger-archive-old-content,2026-06-23,succeeded,1,2026-06-23 08:00:00.296993,2026-06-23 08:00:00.296993,
goaldigger-cron-heartbeat-check,2026-06-23,succeeded,48,2026-06-23 00:00:00.197728,2026-06-23 23:30:00.28753,
goaldigger-daily-pipeline,2026-06-23,succeeded,9,2026-06-23 00:00:00.201672,2026-06-23 22:00:00.207872,
goaldigger-matchday-reminder,2026-06-23,succeeded,1,2026-06-23 09:00:00.312926,2026-06-23 09:00:00.312926,
match-status-reaper,2026-06-23,succeeded,1,2026-06-23 07:00:00.201092,2026-06-23 07:00:00.201092,
match-watcher-1min,2026-06-23,succeeded,1440,2026-06-23 00:00:00.200991,2026-06-23 23:59:00.204313,
notification-sweep,2026-06-23,succeeded,24,2026-06-23 00:15:00.207312,2026-06-23 23:15:00.270423,
pipeline_health_retention_sweep,2026-06-23,succeeded,1,2026-06-23 05:00:00.222381,2026-06-23 05:00:00.222381,
raw_fetch_logs_retention_sweep,2026-06-23,succeeded,1,2026-06-23 05:15:00.347394,2026-06-23 05:15:00.347394,
content-audit-nightly,2026-06-24,succeeded,1,2026-06-24 05:30:00.207532,2026-06-24 05:30:00.207532,
gd-morning-push,2026-06-24,succeeded,1,2026-06-24 10:00:00.158181,2026-06-24 10:00:00.158181,
goaldigger-archive-old-content,2026-06-24,succeeded,1,2026-06-24 08:00:00.369155,2026-06-24 08:00:00.369155,
goaldigger-cron-heartbeat-check,2026-06-24,succeeded,48,2026-06-24 00:00:00.307621,2026-06-24 23:30:00.211318,
goaldigger-daily-pipeline,2026-06-24,succeeded,9,2026-06-24 00:00:00.306996,2026-06-24 22:00:00.240156,
goaldigger-matchday-reminder,2026-06-24,succeeded,1,2026-06-24 09:00:00.319526,2026-06-24 09:00:00.319526,
match-status-reaper,2026-06-24,succeeded,1,2026-06-24 07:00:00.310483,2026-06-24 07:00:00.310483,
match-watcher-1min,2026-06-24,succeeded,1440,2026-06-24 00:00:00.304308,2026-06-24 23:59:00.161705,
notification-sweep,2026-06-24,succeeded,24,2026-06-24 00:15:00.179573,2026-06-24 23:15:00.332333,
pipeline_health_retention_sweep,2026-06-24,succeeded,1,2026-06-24 05:00:00.234303,2026-06-24 05:00:00.234303,
raw_fetch_logs_retention_sweep,2026-06-24,succeeded,1,2026-06-24 05:15:00.257377,2026-06-24 05:15:00.257377,
content-audit-nightly,2026-06-25,succeeded,1,2026-06-25 05:30:00.365204,2026-06-25 05:30:00.365204,
gd-morning-push,2026-06-25,succeeded,1,2026-06-25 10:00:00.281885,2026-06-25 10:00:00.281885,
goaldigger-archive-old-content,2026-06-25,succeeded,1,2026-06-25 08:00:00.541322,2026-06-25 08:00:00.541322,
goaldigger-cron-heartbeat-check,2026-06-25,succeeded,48,2026-06-25 00:00:00.37797,2026-06-25 23:30:00.18932,
goaldigger-daily-pipeline,2026-06-25,succeeded,9,2026-06-25 00:00:00.375478,2026-06-25 22:00:00.229193,
goaldigger-matchday-reminder,2026-06-25,succeeded,1,2026-06-25 09:00:00.240969,2026-06-25 09:00:00.240969,
match-status-reaper,2026-06-25,succeeded,1,2026-06-25 07:00:00.316693,2026-06-25 07:00:00.316693,
match-watcher-1min,2026-06-25,succeeded,1440,2026-06-25 00:00:00.371983,2026-06-25 23:59:00.148259,
notification-sweep,2026-06-25,succeeded,24,2026-06-25 00:15:00.209865,2026-06-25 23:15:00.222017,
pipeline_health_retention_sweep,2026-06-25,succeeded,1,2026-06-25 05:00:00.205699,2026-06-25 05:00:00.205699,
raw_fetch_logs_retention_sweep,2026-06-25,succeeded,1,2026-06-25 05:15:00.19171,2026-06-25 05:15:00.19171,
content-audit-nightly,2026-06-26,succeeded,1,2026-06-26 05:30:00.372798,2026-06-26 05:30:00.372798,
gd-morning-push,2026-06-26,succeeded,1,2026-06-26 10:00:00.177521,2026-06-26 10:00:00.177521,
goaldigger-archive-old-content,2026-06-26,succeeded,1,2026-06-26 08:00:00.061284,2026-06-26 08:00:00.061284,
goaldigger-cron-heartbeat-check,2026-06-26,succeeded,48,2026-06-26 00:00:00.19837,2026-06-26 23:30:00.181472,
goaldigger-daily-pipeline,2026-06-26,succeeded,9,2026-06-26 00:00:00.198981,2026-06-26 22:00:00.195758,
goaldigger-matchday-reminder,2026-06-26,succeeded,1,2026-06-26 09:00:00.187036,2026-06-26 09:00:00.187036,
match-status-reaper,2026-06-26,succeeded,1,2026-06-26 07:00:00.328521,2026-06-26 07:00:00.328521,
match-watcher-1min,2026-06-26,succeeded,1440,2026-06-26 00:00:00.199591,2026-06-26 23:59:00.140748,
notification-sweep,2026-06-26,succeeded,24,2026-06-26 00:15:00.180289,2026-06-26 23:15:00.209747,
pipeline_health_retention_sweep,2026-06-26,succeeded,1,2026-06-26 05:00:00.233824,2026-06-26 05:00:00.233824,
raw_fetch_logs_retention_sweep,2026-06-26,succeeded,1,2026-06-26 05:15:00.21473,2026-06-26 05:15:00.21473,
content-audit-nightly,2026-06-27,succeeded,1,2026-06-27 05:30:00.478862,2026-06-27 05:30:00.478862,
gd-morning-push,2026-06-27,succeeded,1,2026-06-27 10:00:00.24258,2026-06-27 10:00:00.24258,
goaldigger-archive-old-content,2026-06-27,succeeded,1,2026-06-27 08:00:00.218083,2026-06-27 08:00:00.218083,
goaldigger-cron-heartbeat-check,2026-06-27,succeeded,48,2026-06-27 00:00:00.192669,2026-06-27 23:30:00.139077,
goaldigger-daily-pipeline,2026-06-27,succeeded,9,2026-06-27 00:00:00.192048,2026-06-27 22:00:00.301301,
goaldigger-matchday-reminder,2026-06-27,succeeded,1,2026-06-27 09:00:00.224921,2026-06-27 09:00:00.224921,
match-status-reaper,2026-06-27,succeeded,1,2026-06-27 07:00:00.155999,2026-06-27 07:00:00.155999,
match-watcher-1min,2026-06-27,succeeded,1440,2026-06-27 00:00:00.189512,2026-06-27 23:59:00.116722,
notification-sweep,2026-06-27,succeeded,24,2026-06-27 00:15:00.212371,2026-06-27 23:15:00.230995,
pipeline_health_retention_sweep,2026-06-27,succeeded,1,2026-06-27 05:00:00.092273,2026-06-27 05:00:00.092273,
raw_fetch_logs_retention_sweep,2026-06-27,succeeded,1,2026-06-27 05:15:00.246205,2026-06-27 05:15:00.246205,
content-audit-nightly,2026-06-28,succeeded,1,2026-06-28 05:30:00.178763,2026-06-28 05:30:00.178763,
gd-morning-push,2026-06-28,succeeded,1,2026-06-28 10:00:00.244186,2026-06-28 10:00:00.244186,
goaldigger-archive-old-content,2026-06-28,succeeded,1,2026-06-28 08:00:00.252612,2026-06-28 08:00:00.252612,
goaldigger-cron-heartbeat-check,2026-06-28,succeeded,48,2026-06-28 00:00:00.108006,2026-06-28 23:30:00.172075,
goaldigger-daily-pipeline,2026-06-28,succeeded,9,2026-06-28 00:00:00.109312,2026-06-28 22:00:00.133499,
goaldigger-matchday-reminder,2026-06-28,succeeded,1,2026-06-28 09:00:00.29368,2026-06-28 09:00:00.29368,
match-status-reaper,2026-06-28,succeeded,1,2026-06-28 07:00:00.22708,2026-06-28 07:00:00.22708,
match-watcher-1min,2026-06-28,succeeded,1440,2026-06-28 00:00:00.104498,2026-06-28 23:59:00.15713,
notification-sweep,2026-06-28,succeeded,24,2026-06-28 00:15:00.197945,2026-06-28 23:15:00.26029,
pipeline_health_retention_sweep,2026-06-28,succeeded,1,2026-06-28 05:00:00.128657,2026-06-28 05:00:00.128657,
raw_fetch_logs_retention_sweep,2026-06-28,succeeded,1,2026-06-28 05:15:00.293325,2026-06-28 05:15:00.293325,
content-audit-nightly,2026-06-29,succeeded,1,2026-06-29 05:30:00.166641,2026-06-29 05:30:00.166641,
gd-morning-push,2026-06-29,succeeded,1,2026-06-29 10:00:00.198808,2026-06-29 10:00:00.198808,
goaldigger-archive-old-content,2026-06-29,succeeded,1,2026-06-29 08:00:00.193621,2026-06-29 08:00:00.193621,
goaldigger-cron-heartbeat-check,2026-06-29,succeeded,48,2026-06-29 00:00:00.178956,2026-06-29 23:30:00.247315,
goaldigger-daily-pipeline,2026-06-29,succeeded,9,2026-06-29 00:00:00.177678,2026-06-29 22:00:00.257057,
goaldigger-matchday-reminder,2026-06-29,succeeded,1,2026-06-29 09:00:00.227854,2026-06-29 09:00:00.227854,
match-status-reaper,2026-06-29,succeeded,1,2026-06-29 07:00:00.21134,2026-06-29 07:00:00.21134,
match-watcher-1min,2026-06-29,succeeded,1440,2026-06-29 00:00:00.178301,2026-06-29 23:59:00.070107,
notification-sweep,2026-06-29,succeeded,24,2026-06-29 00:15:00.266245,2026-06-29 23:15:04.475769,
pipeline_health_retention_sweep,2026-06-29,succeeded,1,2026-06-29 05:00:00.128479,2026-06-29 05:00:00.128479,
raw_fetch_logs_retention_sweep,2026-06-29,succeeded,1,2026-06-29 05:15:00.18118,2026-06-29 05:15:00.18118,
content-audit-nightly,2026-06-30,succeeded,1,2026-06-30 05:30:00.282308,2026-06-30 05:30:00.282308,
gd-morning-push,2026-06-30,succeeded,1,2026-06-30 10:00:00.206637,2026-06-30 10:00:00.206637,
goaldigger-archive-old-content,2026-06-30,succeeded,1,2026-06-30 08:00:00.239476,2026-06-30 08:00:00.239476,
goaldigger-cron-heartbeat-check,2026-06-30,succeeded,48,2026-06-30 00:00:00.097467,2026-06-30 23:30:00.266803,
goaldigger-daily-pipeline,2026-06-30,succeeded,9,2026-06-30 00:00:00.0968,2026-06-30 22:00:00.095593,
goaldigger-matchday-reminder,2026-06-30,succeeded,1,2026-06-30 09:00:00.490038,2026-06-30 09:00:00.490038,
match-status-reaper,2026-06-30,succeeded,1,2026-06-30 07:00:00.179377,2026-06-30 07:00:00.179377,
match-watcher-1min,2026-06-30,failed,1,2026-06-30 12:01:00.000886,2026-06-30 12:01:00.000886,job startup timeout
match-watcher-1min,2026-06-30,succeeded,1439,2026-06-30 00:00:00.095497,2026-06-30 23:59:00.117898,
notification-sweep,2026-06-30,succeeded,24,2026-06-30 00:15:00.090443,2026-06-30 23:15:00.14769,
pipeline_health_retention_sweep,2026-06-30,succeeded,1,2026-06-30 05:00:00.330775,2026-06-30 05:00:00.330775,
raw_fetch_logs_retention_sweep,2026-06-30,succeeded,1,2026-06-30 05:15:00.184953,2026-06-30 05:15:00.184953,
content-audit-nightly,2026-07-01,succeeded,1,2026-07-01 05:30:00.121048,2026-07-01 05:30:00.121048,
gd-morning-push,2026-07-01,succeeded,1,2026-07-01 10:00:00.152626,2026-07-01 10:00:00.152626,
goaldigger-archive-old-content,2026-07-01,succeeded,1,2026-07-01 08:00:00.299014,2026-07-01 08:00:00.299014,
goaldigger-cron-heartbeat-check,2026-07-01,succeeded,48,2026-07-01 00:00:00.248413,2026-07-01 23:30:00.223322,
goaldigger-daily-pipeline,2026-07-01,succeeded,9,2026-07-01 00:00:00.247103,2026-07-01 22:00:00.23605,
goaldigger-matchday-reminder,2026-07-01,succeeded,1,2026-07-01 09:00:00.278484,2026-07-01 09:00:00.278484,
match-status-reaper,2026-07-01,succeeded,1,2026-07-01 07:00:00.335976,2026-07-01 07:00:00.335976,
match-watcher-1min,2026-07-01,succeeded,1440,2026-07-01 00:00:00.243464,2026-07-01 23:59:00.171961,
notification-sweep,2026-07-01,succeeded,24,2026-07-01 00:15:00.314807,2026-07-01 23:15:00.24229,
pipeline_health_retention_sweep,2026-07-01,succeeded,1,2026-07-01 05:00:00.117648,2026-07-01 05:00:00.117648,
raw_fetch_logs_retention_sweep,2026-07-01,succeeded,1,2026-07-01 05:15:00.282332,2026-07-01 05:15:00.282332,
content-audit-nightly,2026-07-02,succeeded,1,2026-07-02 05:30:00.181543,2026-07-02 05:30:00.181543,
gd-morning-push,2026-07-02,succeeded,1,2026-07-02 10:00:00.268495,2026-07-02 10:00:00.268495,
goaldigger-archive-old-content,2026-07-02,succeeded,1,2026-07-02 08:00:00.169972,2026-07-02 08:00:00.169972,
goaldigger-cron-heartbeat-check,2026-07-02,succeeded,48,2026-07-02 00:00:00.378558,2026-07-02 23:30:00.301375,
goaldigger-daily-pipeline,2026-07-02,succeeded,9,2026-07-02 00:00:00.377236,2026-07-02 22:00:00.152493,
goaldigger-matchday-reminder,2026-07-02,succeeded,1,2026-07-02 09:00:00.358796,2026-07-02 09:00:00.358796,
match-status-reaper,2026-07-02,succeeded,1,2026-07-02 07:00:00.41466,2026-07-02 07:00:00.41466,
match-watcher-1min,2026-07-02,succeeded,1440,2026-07-02 00:00:00.377861,2026-07-02 23:59:00.126624,
notification-sweep,2026-07-02,succeeded,24,2026-07-02 00:15:00.26508,2026-07-02 23:15:00.129784,
pipeline_health_retention_sweep,2026-07-02,succeeded,1,2026-07-02 05:00:00.188415,2026-07-02 05:00:00.188415,
raw_fetch_logs_retention_sweep,2026-07-02,succeeded,1,2026-07-02 05:15:00.163057,2026-07-02 05:15:00.163057,
content-audit-nightly,2026-07-03,succeeded,1,2026-07-03 05:30:00.190148,2026-07-03 05:30:00.190148,
gd-morning-push,2026-07-03,succeeded,1,2026-07-03 10:00:00.223529,2026-07-03 10:00:00.223529,
goaldigger-archive-old-content,2026-07-03,succeeded,1,2026-07-03 08:00:00.106588,2026-07-03 08:00:00.106588,
goaldigger-cron-heartbeat-check,2026-07-03,succeeded,48,2026-07-03 00:00:00.252988,2026-07-03 23:30:00.143762,
goaldigger-daily-pipeline,2026-07-03,succeeded,9,2026-07-03 00:00:00.254329,2026-07-03 22:00:00.187138,
goaldigger-matchday-reminder,2026-07-03,succeeded,1,2026-07-03 09:00:00.19997,2026-07-03 09:00:00.19997,
match-status-reaper,2026-07-03,succeeded,1,2026-07-03 07:00:00.185098,2026-07-03 07:00:00.185098,
match-watcher-1min,2026-07-03,succeeded,1440,2026-07-03 00:00:00.256035,2026-07-03 23:59:00.218427,
notification-sweep,2026-07-03,succeeded,24,2026-07-03 00:15:00.249418,2026-07-03 23:15:00.445278,
pipeline_health_retention_sweep,2026-07-03,succeeded,1,2026-07-03 05:00:00.189914,2026-07-03 05:00:00.189914,
raw_fetch_logs_retention_sweep,2026-07-03,succeeded,1,2026-07-03 05:15:00.139791,2026-07-03 05:15:00.139791,
content-audit-nightly,2026-07-04,succeeded,1,2026-07-04 05:30:00.179197,2026-07-04 05:30:00.179197,
gd-morning-push,2026-07-04,succeeded,1,2026-07-04 10:00:00.280451,2026-07-04 10:00:00.280451,
goaldigger-archive-old-content,2026-07-04,succeeded,1,2026-07-04 08:00:00.259106,2026-07-04 08:00:00.259106,
goaldigger-cron-heartbeat-check,2026-07-04,succeeded,48,2026-07-04 00:00:00.249335,2026-07-04 23:30:00.170872,
goaldigger-daily-pipeline,2026-07-04,succeeded,9,2026-07-04 00:00:00.25048,2026-07-04 22:00:00.190237,
goaldigger-matchday-reminder,2026-07-04,succeeded,1,2026-07-04 09:00:00.238889,2026-07-04 09:00:00.238889,
match-status-reaper,2026-07-04,succeeded,1,2026-07-04 07:00:00.153788,2026-07-04 07:00:00.153788,
match-watcher-1min,2026-07-04,failed,9,2026-07-04 13:45:00.000263,2026-07-04 13:55:00.00035,job startup timeout
match-watcher-1min,2026-07-04,succeeded,1431,2026-07-04 00:00:00.24361,2026-07-04 23:59:00.133796,
notification-sweep,2026-07-04,succeeded,24,2026-07-04 00:15:00.172823,2026-07-04 23:15:00.65268,
pipeline_health_retention_sweep,2026-07-04,succeeded,1,2026-07-04 05:00:00.180422,2026-07-04 05:00:00.180422,
raw_fetch_logs_retention_sweep,2026-07-04,succeeded,1,2026-07-04 05:15:00.222857,2026-07-04 05:15:00.222857,
content-audit-nightly,2026-07-05,succeeded,1,2026-07-05 05:30:00.185897,2026-07-05 05:30:00.185897,
gd-morning-push,2026-07-05,succeeded,1,2026-07-05 10:00:00.223539,2026-07-05 10:00:00.223539,
goaldigger-archive-old-content,2026-07-05,succeeded,1,2026-07-05 08:00:00.182191,2026-07-05 08:00:00.182191,
goaldigger-cron-heartbeat-check,2026-07-05,succeeded,48,2026-07-05 00:00:00.233308,2026-07-05 23:30:00.216219,
goaldigger-daily-pipeline,2026-07-05,succeeded,9,2026-07-05 00:00:00.23178,2026-07-05 22:00:00.17535,
goaldigger-matchday-reminder,2026-07-05,succeeded,1,2026-07-05 09:00:00.151091,2026-07-05 09:00:00.151091,
match-status-reaper,2026-07-05,succeeded,1,2026-07-05 07:00:00.153053,2026-07-05 07:00:00.153053,
match-watcher-1min,2026-07-05,succeeded,1440,2026-07-05 00:00:00.229424,2026-07-05 23:59:00.217449,
notification-sweep,2026-07-05,succeeded,24,2026-07-05 00:15:00.202668,2026-07-05 23:15:00.206817,
pipeline_health_retention_sweep,2026-07-05,succeeded,1,2026-07-05 05:00:00.147696,2026-07-05 05:00:00.147696,
raw_fetch_logs_retention_sweep,2026-07-05,succeeded,1,2026-07-05 05:15:00.249109,2026-07-05 05:15:00.249109,
content-audit-nightly,2026-07-06,succeeded,1,2026-07-06 05:30:00.202921,2026-07-06 05:30:00.202921,
gd-morning-push,2026-07-06,succeeded,1,2026-07-06 10:00:00.115937,2026-07-06 10:00:00.115937,
goaldigger-archive-old-content,2026-07-06,succeeded,1,2026-07-06 08:00:00.203686,2026-07-06 08:00:00.203686,
goaldigger-cron-heartbeat-check,2026-07-06,succeeded,48,2026-07-06 00:00:00.216523,2026-07-06 23:30:00.162637,
goaldigger-daily-pipeline,2026-07-06,succeeded,9,2026-07-06 00:00:00.212432,2026-07-06 22:00:00.243676,
goaldigger-matchday-reminder,2026-07-06,succeeded,1,2026-07-06 09:00:00.205292,2026-07-06 09:00:00.205292,
match-status-reaper,2026-07-06,succeeded,1,2026-07-06 07:00:00.197718,2026-07-06 07:00:00.197718,
match-watcher-1min,2026-07-06,succeeded,1440,2026-07-06 00:00:00.214603,2026-07-06 23:59:00.173511,
notification-sweep,2026-07-06,succeeded,24,2026-07-06 00:15:00.504528,2026-07-06 23:15:00.268851,
pipeline_health_retention_sweep,2026-07-06,succeeded,1,2026-07-06 05:00:00.25356,2026-07-06 05:00:00.25356,
raw_fetch_logs_retention_sweep,2026-07-06,succeeded,1,2026-07-06 05:15:00.325673,2026-07-06 05:15:00.325673,
content-audit-nightly,2026-07-07,succeeded,1,2026-07-07 05:30:00.20386,2026-07-07 05:30:00.20386,
gd-morning-push,2026-07-07,succeeded,1,2026-07-07 10:00:00.320201,2026-07-07 10:00:00.320201,
goaldigger-archive-old-content,2026-07-07,succeeded,1,2026-07-07 08:00:00.224118,2026-07-07 08:00:00.224118,
goaldigger-cron-heartbeat-check,2026-07-07,succeeded,48,2026-07-07 00:00:00.164241,2026-07-07 23:30:00.127101,
goaldigger-daily-pipeline,2026-07-07,succeeded,9,2026-07-07 00:00:00.161718,2026-07-07 22:00:00.06102,
goaldigger-matchday-reminder,2026-07-07,succeeded,1,2026-07-07 09:00:00.221158,2026-07-07 09:00:00.221158,
match-status-reaper,2026-07-07,succeeded,1,2026-07-07 07:00:00.192859,2026-07-07 07:00:00.192859,
match-watcher-1min,2026-07-07,failed,1,2026-07-07 16:15:00.000212,2026-07-07 16:15:00.000212,job startup timeout
match-watcher-1min,2026-07-07,succeeded,1439,2026-07-07 00:00:00.162901,2026-07-07 23:59:00.162894,
notification-sweep,2026-07-07,failed,1,2026-07-07 16:15:00.000212,2026-07-07 16:15:00.000212,job startup timeout
notification-sweep,2026-07-07,succeeded,23,2026-07-07 00:15:00.224244,2026-07-07 23:15:00.240479,
pipeline_health_retention_sweep,2026-07-07,succeeded,1,2026-07-07 05:00:00.171018,2026-07-07 05:00:00.171018,
raw_fetch_logs_retention_sweep,2026-07-07,succeeded,1,2026-07-07 05:15:00.402469,2026-07-07 05:15:00.402469,
content-audit-nightly,2026-07-08,succeeded,1,2026-07-08 05:30:00.059672,2026-07-08 05:30:00.059672,
gd-morning-push,2026-07-08,succeeded,1,2026-07-08 10:00:00.278683,2026-07-08 10:00:00.278683,
goaldigger-archive-old-content,2026-07-08,succeeded,1,2026-07-08 08:00:00.341621,2026-07-08 08:00:00.341621,
goaldigger-cron-heartbeat-check,2026-07-08,succeeded,48,2026-07-08 00:00:00.188792,2026-07-08 23:30:00.130586,
goaldigger-daily-pipeline,2026-07-08,succeeded,9,2026-07-08 00:00:00.188112,2026-07-08 22:00:00.094474,
goaldigger-matchday-reminder,2026-07-08,succeeded,1,2026-07-08 09:00:00.043652,2026-07-08 09:00:00.043652,
match-status-reaper,2026-07-08,succeeded,1,2026-07-08 07:00:00.187035,2026-07-08 07:00:00.187035,
match-watcher-1min,2026-07-08,succeeded,1440,2026-07-08 00:00:00.185967,2026-07-08 23:59:00.034888,
notification-sweep,2026-07-08,succeeded,24,2026-07-08 00:15:00.193672,2026-07-08 23:15:00.224439,
pipeline_health_retention_sweep,2026-07-08,succeeded,1,2026-07-08 05:00:00.165799,2026-07-08 05:00:00.165799,
raw_fetch_logs_retention_sweep,2026-07-08,succeeded,1,2026-07-08 05:15:00.064654,2026-07-08 05:15:00.064654,
content-audit-nightly,2026-07-09,succeeded,1,2026-07-09 05:30:00.305348,2026-07-09 05:30:00.305348,
gd-morning-push,2026-07-09,succeeded,1,2026-07-09 10:00:00.289325,2026-07-09 10:00:00.289325,
goaldigger-archive-old-content,2026-07-09,succeeded,1,2026-07-09 08:00:00.21837,2026-07-09 08:00:00.21837,
goaldigger-cron-heartbeat-check,2026-07-09,succeeded,48,2026-07-09 00:00:00.06152,2026-07-09 23:30:00.199906,
goaldigger-daily-pipeline,2026-07-09,succeeded,9,2026-07-09 00:00:00.079071,2026-07-09 22:00:00.286369,
goaldigger-matchday-reminder,2026-07-09,succeeded,1,2026-07-09 09:00:00.316841,2026-07-09 09:00:00.316841,
match-status-reaper,2026-07-09,succeeded,1,2026-07-09 07:00:00.239868,2026-07-09 07:00:00.239868,
match-watcher-1min,2026-07-09,succeeded,1440,2026-07-09 00:00:00.060785,2026-07-09 23:59:00.215408,
notification-sweep,2026-07-09,succeeded,24,2026-07-09 00:15:00.128024,2026-07-09 23:15:00.358329,
pipeline_health_retention_sweep,2026-07-09,succeeded,1,2026-07-09 05:00:00.164573,2026-07-09 05:00:00.164573,
raw_fetch_logs_retention_sweep,2026-07-09,succeeded,1,2026-07-09 05:15:00.361895,2026-07-09 05:15:00.361895,
content-audit-nightly,2026-07-10,succeeded,1,2026-07-10 05:30:00.243328,2026-07-10 05:30:00.243328,
gd-morning-push,2026-07-10,succeeded,1,2026-07-10 10:00:00.165967,2026-07-10 10:00:00.165967,
goaldigger-archive-old-content,2026-07-10,succeeded,1,2026-07-10 08:00:00.220701,2026-07-10 08:00:00.220701,
goaldigger-cron-heartbeat-check,2026-07-10,succeeded,48,2026-07-10 00:00:00.293214,2026-07-10 23:30:00.086412,
goaldigger-daily-pipeline,2026-07-10,succeeded,9,2026-07-10 00:00:00.295188,2026-07-10 22:00:00.158825,
goaldigger-matchday-reminder,2026-07-10,succeeded,1,2026-07-10 09:00:00.23812,2026-07-10 09:00:00.23812,
match-status-reaper,2026-07-10,succeeded,1,2026-07-10 07:00:00.238492,2026-07-10 07:00:00.238492,
match-watcher-1min,2026-07-10,succeeded,1440,2026-07-10 00:00:00.294501,2026-07-10 23:59:00.264057,
notification-sweep,2026-07-10,succeeded,24,2026-07-10 00:15:00.33994,2026-07-10 23:15:00.208865,
pipeline_health_retention_sweep,2026-07-10,succeeded,1,2026-07-10 05:00:00.308124,2026-07-10 05:00:00.308124,
raw_fetch_logs_retention_sweep,2026-07-10,succeeded,1,2026-07-10 05:15:00.182601,2026-07-10 05:15:00.182601,
content-audit-nightly,2026-07-11,succeeded,1,2026-07-11 05:30:00.238519,2026-07-11 05:30:00.238519,
gd-morning-push,2026-07-11,succeeded,1,2026-07-11 10:00:00.192148,2026-07-11 10:00:00.192148,
goaldigger-archive-old-content,2026-07-11,succeeded,1,2026-07-11 08:00:00.187776,2026-07-11 08:00:00.187776,
goaldigger-cron-heartbeat-check,2026-07-11,succeeded,48,2026-07-11 00:00:00.246839,2026-07-11 23:30:00.167301,
goaldigger-daily-pipeline,2026-07-11,succeeded,9,2026-07-11 00:00:00.246139,2026-07-11 22:00:00.094947,
goaldigger-matchday-reminder,2026-07-11,succeeded,1,2026-07-11 09:00:00.22967,2026-07-11 09:00:00.22967,
match-status-reaper,2026-07-11,succeeded,1,2026-07-11 07:00:00.20778,2026-07-11 07:00:00.20778,
match-watcher-1min,2026-07-11,succeeded,1440,2026-07-11 00:00:00.242345,2026-07-11 23:59:00.033215,
notification-sweep,2026-07-11,succeeded,24,2026-07-11 00:15:00.297811,2026-07-11 23:15:00.234899,
pipeline_health_retention_sweep,2026-07-11,succeeded,1,2026-07-11 05:00:00.178373,2026-07-11 05:00:00.178373,
raw_fetch_logs_retention_sweep,2026-07-11,succeeded,1,2026-07-11 05:15:00.299433,2026-07-11 05:15:00.299433,
content-audit-nightly,2026-07-12,succeeded,1,2026-07-12 05:30:00.194679,2026-07-12 05:30:00.194679,
gd-morning-push,2026-07-12,succeeded,1,2026-07-12 10:00:00.160659,2026-07-12 10:00:00.160659,
goaldigger-archive-old-content,2026-07-12,succeeded,1,2026-07-12 08:00:00.224452,2026-07-12 08:00:00.224452,
goaldigger-cron-heartbeat-check,2026-07-12,succeeded,48,2026-07-12 00:00:00.099523,2026-07-12 23:30:00.154113,
goaldigger-daily-pipeline,2026-07-12,succeeded,9,2026-07-12 00:00:00.101882,2026-07-12 22:00:00.112616,
goaldigger-matchday-reminder,2026-07-12,succeeded,1,2026-07-12 09:00:00.179472,2026-07-12 09:00:00.179472,
match-status-reaper,2026-07-12,succeeded,1,2026-07-12 07:00:00.069062,2026-07-12 07:00:00.069062,
match-watcher-1min,2026-07-12,succeeded,1440,2026-07-12 00:00:00.101287,2026-07-12 23:59:00.244333,
notification-sweep,2026-07-12,succeeded,24,2026-07-12 00:15:00.214505,2026-07-12 23:15:00.263739,
pipeline_health_retention_sweep,2026-07-12,succeeded,1,2026-07-12 05:00:00.193419,2026-07-12 05:00:00.193419,
raw_fetch_logs_retention_sweep,2026-07-12,succeeded,1,2026-07-12 05:15:00.170839,2026-07-12 05:15:00.170839,
content-audit-nightly,2026-07-13,succeeded,1,2026-07-13 05:30:00.093265,2026-07-13 05:30:00.093265,
gd-morning-push,2026-07-13,succeeded,1,2026-07-13 10:00:00.21277,2026-07-13 10:00:00.21277,
goaldigger-archive-old-content,2026-07-13,succeeded,1,2026-07-13 08:00:00.185311,2026-07-13 08:00:00.185311,
goaldigger-cron-heartbeat-check,2026-07-13,succeeded,48,2026-07-13 00:00:00.118234,2026-07-13 23:30:00.148246,
goaldigger-daily-pipeline,2026-07-13,succeeded,9,2026-07-13 00:00:00.122683,2026-07-13 22:00:00.249858,
goaldigger-matchday-reminder,2026-07-13,succeeded,1,2026-07-13 09:00:00.141614,2026-07-13 09:00:00.141614,
match-status-reaper,2026-07-13,succeeded,1,2026-07-13 07:00:00.189218,2026-07-13 07:00:00.189218,
match-watcher-1min,2026-07-13,succeeded,1440,2026-07-13 00:00:00.12137,2026-07-13 23:59:00.225533,
notification-sweep,2026-07-13,succeeded,24,2026-07-13 00:15:00.236347,2026-07-13 23:15:00.228617,
pipeline_health_retention_sweep,2026-07-13,succeeded,1,2026-07-13 05:00:00.236276,2026-07-13 05:00:00.236276,
raw_fetch_logs_retention_sweep,2026-07-13,succeeded,1,2026-07-13 05:15:00.186069,2026-07-13 05:15:00.186069,
content-audit-nightly,2026-07-14,succeeded,1,2026-07-14 05:30:00.308591,2026-07-14 05:30:00.308591,
gd-morning-push,2026-07-14,succeeded,1,2026-07-14 10:00:00.182445,2026-07-14 10:00:00.182445,
goaldigger-archive-old-content,2026-07-14,succeeded,1,2026-07-14 08:00:00.195339,2026-07-14 08:00:00.195339,
goaldigger-cron-heartbeat-check,2026-07-14,succeeded,48,2026-07-14 00:00:00.25609,2026-07-14 23:30:00.169825,
goaldigger-daily-pipeline,2026-07-14,succeeded,9,2026-07-14 00:00:00.258604,2026-07-14 22:00:00.126444,
goaldigger-matchday-reminder,2026-07-14,succeeded,1,2026-07-14 09:00:00.197905,2026-07-14 09:00:00.197905,
match-status-reaper,2026-07-14,succeeded,1,2026-07-14 07:00:00.208887,2026-07-14 07:00:00.208887,
match-watcher-1min,2026-07-14,succeeded,1440,2026-07-14 00:00:00.254785,2026-07-14 23:59:00.302735,
notification-sweep,2026-07-14,succeeded,24,2026-07-14 00:15:00.301906,2026-07-14 23:15:00.229386,
pipeline_health_retention_sweep,2026-07-14,succeeded,1,2026-07-14 05:00:00.145691,2026-07-14 05:00:00.145691,
raw_fetch_logs_retention_sweep,2026-07-14,succeeded,1,2026-07-14 05:15:00.338166,2026-07-14 05:15:00.338166,
content-audit-nightly,2026-07-15,succeeded,1,2026-07-15 05:30:00.226473,2026-07-15 05:30:00.226473,
gd-morning-push,2026-07-15,succeeded,1,2026-07-15 10:00:00.206507,2026-07-15 10:00:00.206507,
goaldigger-archive-old-content,2026-07-15,succeeded,1,2026-07-15 08:00:00.206716,2026-07-15 08:00:00.206716,
goaldigger-cron-heartbeat-check,2026-07-15,succeeded,48,2026-07-15 00:00:00.199214,2026-07-15 23:30:00.12364,
goaldigger-daily-pipeline,2026-07-15,succeeded,9,2026-07-15 00:00:00.202357,2026-07-15 22:00:00.271443,
goaldigger-matchday-reminder,2026-07-15,succeeded,1,2026-07-15 09:00:00.175763,2026-07-15 09:00:00.175763,
match-status-reaper,2026-07-15,succeeded,1,2026-07-15 07:00:00.256849,2026-07-15 07:00:00.256849,
match-watcher-1min,2026-07-15,succeeded,1440,2026-07-15 00:00:00.197038,2026-07-15 23:59:00.228251,
notification-sweep,2026-07-15,succeeded,24,2026-07-15 00:15:00.221255,2026-07-15 23:15:00.265652,
pipeline_health_retention_sweep,2026-07-15,succeeded,1,2026-07-15 05:00:00.211099,2026-07-15 05:00:00.211099,
raw_fetch_logs_retention_sweep,2026-07-15,succeeded,1,2026-07-15 05:15:00.20109,2026-07-15 05:15:00.20109,
content-audit-nightly,2026-07-16,succeeded,1,2026-07-16 05:30:00.17712,2026-07-16 05:30:00.17712,
gd-morning-push,2026-07-16,succeeded,1,2026-07-16 10:00:00.254951,2026-07-16 10:00:00.254951,
goaldigger-archive-old-content,2026-07-16,succeeded,1,2026-07-16 08:00:00.195431,2026-07-16 08:00:00.195431,
goaldigger-cron-heartbeat-check,2026-07-16,succeeded,48,2026-07-16 00:00:00.19104,2026-07-16 23:30:00.029216,
goaldigger-daily-pipeline,2026-07-16,succeeded,9,2026-07-16 00:00:00.193568,2026-07-16 22:00:00.155644,
goaldigger-matchday-reminder,2026-07-16,succeeded,1,2026-07-16 09:00:00.186401,2026-07-16 09:00:00.186401,
match-status-reaper,2026-07-16,succeeded,1,2026-07-16 07:00:00.17091,2026-07-16 07:00:00.17091,
match-watcher-1min,2026-07-16,succeeded,1440,2026-07-16 00:00:00.188977,2026-07-16 23:59:00.163126,
notification-sweep,2026-07-16,succeeded,24,2026-07-16 00:15:00.329905,2026-07-16 23:15:00.168696,
pipeline_health_retention_sweep,2026-07-16,succeeded,1,2026-07-16 05:00:00.165999,2026-07-16 05:00:00.165999,
raw_fetch_logs_retention_sweep,2026-07-16,succeeded,1,2026-07-16 05:15:00.172387,2026-07-16 05:15:00.172387,
content-audit-nightly,2026-07-17,succeeded,1,2026-07-17 05:30:00.261017,2026-07-17 05:30:00.261017,
gd-morning-push,2026-07-17,succeeded,1,2026-07-17 10:00:00.263007,2026-07-17 10:00:00.263007,
goaldigger-archive-old-content,2026-07-17,succeeded,1,2026-07-17 08:00:00.151994,2026-07-17 08:00:00.151994,
goaldigger-cron-heartbeat-check,2026-07-17,succeeded,48,2026-07-17 00:00:00.173747,2026-07-17 23:30:00.036114,
goaldigger-daily-pipeline,2026-07-17,succeeded,9,2026-07-17 00:00:00.176568,2026-07-17 22:00:00.136203,
goaldigger-matchday-reminder,2026-07-17,succeeded,1,2026-07-17 09:00:00.234084,2026-07-17 09:00:00.234084,
match-status-reaper,2026-07-17,succeeded,1,2026-07-17 07:00:00.180955,2026-07-17 07:00:00.180955,
match-watcher-1min,2026-07-17,succeeded,1440,2026-07-17 00:00:00.172122,2026-07-17 23:59:00.155005,
notification-sweep,2026-07-17,succeeded,24,2026-07-17 00:15:00.245074,2026-07-17 23:15:00.261506,
pipeline_health_retention_sweep,2026-07-17,succeeded,1,2026-07-17 05:00:00.183578,2026-07-17 05:00:00.183578,
raw_fetch_logs_retention_sweep,2026-07-17,succeeded,1,2026-07-17 05:15:00.225727,2026-07-17 05:15:00.225727,
content-audit-nightly,2026-07-18,succeeded,1,2026-07-18 05:30:00.197097,2026-07-18 05:30:00.197097,
gd-morning-push,2026-07-18,succeeded,1,2026-07-18 10:00:00.16976,2026-07-18 10:00:00.16976,
goaldigger-archive-old-content,2026-07-18,succeeded,1,2026-07-18 08:00:00.283141,2026-07-18 08:00:00.283141,
goaldigger-cron-heartbeat-check,2026-07-18,succeeded,48,2026-07-18 00:00:00.143567,2026-07-18 23:30:00.257149,
goaldigger-daily-pipeline,2026-07-18,succeeded,9,2026-07-18 00:00:00.142341,2026-07-18 22:00:00.191516,
goaldigger-matchday-reminder,2026-07-18,succeeded,1,2026-07-18 09:00:00.20747,2026-07-18 09:00:00.20747,
match-status-reaper,2026-07-18,succeeded,1,2026-07-18 07:00:00.235114,2026-07-18 07:00:00.235114,
match-watcher-1min,2026-07-18,succeeded,1440,2026-07-18 00:00:00.138055,2026-07-18 23:59:00.135473,
notification-sweep,2026-07-18,succeeded,24,2026-07-18 00:15:00.238289,2026-07-18 23:15:00.18299,
pipeline_health_retention_sweep,2026-07-18,succeeded,1,2026-07-18 05:00:00.248768,2026-07-18 05:00:00.248768,
raw_fetch_logs_retention_sweep,2026-07-18,succeeded,1,2026-07-18 05:15:00.392428,2026-07-18 05:15:00.392428,
content-audit-nightly,2026-07-19,succeeded,1,2026-07-19 05:30:00.326591,2026-07-19 05:30:00.326591,
gd-morning-push,2026-07-19,succeeded,1,2026-07-19 10:00:00.160067,2026-07-19 10:00:00.160067,
goaldigger-archive-old-content,2026-07-19,succeeded,1,2026-07-19 08:00:00.352655,2026-07-19 08:00:00.352655,
goaldigger-cron-heartbeat-check,2026-07-19,succeeded,48,2026-07-19 00:00:00.206857,2026-07-19 23:30:00.105063,
goaldigger-daily-pipeline,2026-07-19,succeeded,9,2026-07-19 00:00:00.205326,2026-07-19 22:00:00.265483,
goaldigger-matchday-reminder,2026-07-19,succeeded,1,2026-07-19 09:00:00.30405,2026-07-19 09:00:00.30405,
match-status-reaper,2026-07-19,succeeded,1,2026-07-19 07:00:00.232824,2026-07-19 07:00:00.232824,
match-watcher-1min,2026-07-19,succeeded,1440,2026-07-19 00:00:00.202398,2026-07-19 23:59:00.145671,
notification-sweep,2026-07-19,succeeded,24,2026-07-19 00:15:00.228084,2026-07-19 23:15:00.370844,
pipeline_health_retention_sweep,2026-07-19,succeeded,1,2026-07-19 05:00:00.300033,2026-07-19 05:00:00.300033,
raw_fetch_logs_retention_sweep,2026-07-19,succeeded,1,2026-07-19 05:15:00.295866,2026-07-19 05:15:00.295866,
content-audit-nightly,2026-07-20,succeeded,1,2026-07-20 05:30:00.085031,2026-07-20 05:30:00.085031,
gd-morning-push,2026-07-20,succeeded,1,2026-07-20 10:00:00.291939,2026-07-20 10:00:00.291939,
goaldigger-archive-old-content,2026-07-20,succeeded,1,2026-07-20 08:00:00.213128,2026-07-20 08:00:00.213128,
goaldigger-cron-heartbeat-check,2026-07-20,succeeded,48,2026-07-20 00:00:00.317912,2026-07-20 23:30:00.133444,
goaldigger-daily-pipeline,2026-07-20,succeeded,9,2026-07-20 00:00:00.318844,2026-07-20 22:00:00.294897,
goaldigger-matchday-reminder,2026-07-20,succeeded,1,2026-07-20 09:00:00.277062,2026-07-20 09:00:00.277062,
match-status-reaper,2026-07-20,succeeded,1,2026-07-20 07:00:00.257127,2026-07-20 07:00:00.257127,
match-watcher-1min,2026-07-20,succeeded,1440,2026-07-20 00:00:00.320632,2026-07-20 23:59:00.236964,
notification-sweep,2026-07-20,succeeded,24,2026-07-20 00:15:00.339341,2026-07-20 23:15:00.231345,
pipeline_health_retention_sweep,2026-07-20,succeeded,1,2026-07-20 05:00:00.232964,2026-07-20 05:00:00.232964,
raw_fetch_logs_retention_sweep,2026-07-20,succeeded,1,2026-07-20 05:15:00.115192,2026-07-20 05:15:00.115192,
content-audit-nightly,2026-07-21,succeeded,1,2026-07-21 05:30:00.162333,2026-07-21 05:30:00.162333,
gd-morning-push,2026-07-21,succeeded,1,2026-07-21 10:00:00.173767,2026-07-21 10:00:00.173767,
goaldigger-archive-old-content,2026-07-21,succeeded,1,2026-07-21 08:00:00.153289,2026-07-21 08:00:00.153289,
goaldigger-cron-heartbeat-check,2026-07-21,succeeded,48,2026-07-21 00:00:00.346866,2026-07-21 23:30:00.050527,
goaldigger-daily-pipeline,2026-07-21,succeeded,9,2026-07-21 00:00:00.345576,2026-07-21 22:00:00.288916,
goaldigger-matchday-reminder,2026-07-21,succeeded,1,2026-07-21 09:00:00.216544,2026-07-21 09:00:00.216544,
match-status-reaper,2026-07-21,succeeded,1,2026-07-21 07:00:00.192388,2026-07-21 07:00:00.192388,
match-watcher-1min,2026-07-21,succeeded,1440,2026-07-21 00:00:00.344149,2026-07-21 23:59:00.110486,
notification-sweep,2026-07-21,succeeded,24,2026-07-21 00:15:00.486091,2026-07-21 23:15:00.295945,
pipeline_health_retention_sweep,2026-07-21,succeeded,1,2026-07-21 05:00:00.204592,2026-07-21 05:00:00.204592,
raw_fetch_logs_retention_sweep,2026-07-21,succeeded,1,2026-07-21 05:15:00.239564,2026-07-21 05:15:00.239564,
content-audit-nightly,2026-07-22,succeeded,1,2026-07-22 05:30:00.165062,2026-07-22 05:30:00.165062,
gd-morning-push,2026-07-22,succeeded,1,2026-07-22 10:00:00.328328,2026-07-22 10:00:00.328328,
goaldigger-archive-old-content,2026-07-22,succeeded,1,2026-07-22 08:00:00.221092,2026-07-22 08:00:00.221092,
goaldigger-cron-heartbeat-check,2026-07-22,succeeded,48,2026-07-22 00:00:00.162701,2026-07-22 23:30:00.183015,
goaldigger-daily-pipeline,2026-07-22,succeeded,9,2026-07-22 00:00:00.163318,2026-07-22 22:00:00.132003,
goaldigger-matchday-reminder,2026-07-22,succeeded,1,2026-07-22 09:00:00.208656,2026-07-22 09:00:00.208656,
match-status-reaper,2026-07-22,succeeded,1,2026-07-22 07:00:00.175825,2026-07-22 07:00:00.175825,
match-watcher-1min,2026-07-22,succeeded,1440,2026-07-22 00:00:00.164626,2026-07-22 23:59:00.190254,
notification-sweep,2026-07-22,succeeded,24,2026-07-22 00:15:00.175763,2026-07-22 23:15:00.304099,
pipeline_health_retention_sweep,2026-07-22,succeeded,1,2026-07-22 05:00:00.207842,2026-07-22 05:00:00.207842,
raw_fetch_logs_retention_sweep,2026-07-22,succeeded,1,2026-07-22 05:15:00.243804,2026-07-22 05:15:00.243804,
content-audit-nightly,2026-07-23,succeeded,1,2026-07-23 05:30:00.190741,2026-07-23 05:30:00.190741,
gd-morning-push,2026-07-23,succeeded,1,2026-07-23 10:00:00.22628,2026-07-23 10:00:00.22628,
goaldigger-archive-old-content,2026-07-23,succeeded,1,2026-07-23 08:00:00.361338,2026-07-23 08:00:00.361338,
goaldigger-cron-heartbeat-check,2026-07-23,succeeded,48,2026-07-23 00:00:00.229948,2026-07-23 23:30:00.16078,
goaldigger-daily-pipeline,2026-07-23,succeeded,9,2026-07-23 00:00:00.234778,2026-07-23 22:00:00.159,
goaldigger-matchday-reminder,2026-07-23,succeeded,1,2026-07-23 09:00:00.27074,2026-07-23 09:00:00.27074,
match-status-reaper,2026-07-23,succeeded,1,2026-07-23 07:00:00.22476,2026-07-23 07:00:00.22476,
match-watcher-1min,2026-07-23,succeeded,1440,2026-07-23 00:00:00.232637,2026-07-23 23:59:00.107107,
notification-sweep,2026-07-23,succeeded,24,2026-07-23 00:15:00.140103,2026-07-23 23:15:00.179319,
pipeline_health_retention_sweep,2026-07-23,succeeded,1,2026-07-23 05:00:00.178891,2026-07-23 05:00:00.178891,
raw_fetch_logs_retention_sweep,2026-07-23,succeeded,1,2026-07-23 05:15:00.306181,2026-07-23 05:15:00.306181,
content-audit-nightly,2026-07-24,succeeded,1,2026-07-24 05:30:00.181333,2026-07-24 05:30:00.181333,
gd-morning-push,2026-07-24,succeeded,1,2026-07-24 10:00:00.268267,2026-07-24 10:00:00.268267,
goaldigger-archive-old-content,2026-07-24,succeeded,1,2026-07-24 08:00:00.242366,2026-07-24 08:00:00.242366,
goaldigger-cron-heartbeat-check,2026-07-24,succeeded,48,2026-07-24 00:00:00.233188,2026-07-24 23:30:00.090197,
goaldigger-daily-pipeline,2026-07-24,succeeded,9,2026-07-24 00:00:00.24383,2026-07-24 22:00:00.169873,
goaldigger-matchday-reminder,2026-07-24,succeeded,1,2026-07-24 09:00:00.190466,2026-07-24 09:00:00.190466,
match-status-reaper,2026-07-24,succeeded,1,2026-07-24 07:00:00.273646,2026-07-24 07:00:00.273646,
match-watcher-1min,2026-07-24,succeeded,1440,2026-07-24 00:00:00.231987,2026-07-24 23:59:00.185306,
notification-sweep,2026-07-24,succeeded,24,2026-07-24 00:15:00.187985,2026-07-24 23:15:00.24797,
pipeline_health_retention_sweep,2026-07-24,succeeded,1,2026-07-24 05:00:00.164855,2026-07-24 05:00:00.164855,
raw_fetch_logs_retention_sweep,2026-07-24,succeeded,1,2026-07-24 05:15:00.389938,2026-07-24 05:15:00.389938,
content-audit-nightly,2026-07-25,succeeded,1,2026-07-25 05:30:00.193961,2026-07-25 05:30:00.193961,
gd-morning-push,2026-07-25,succeeded,1,2026-07-25 10:00:00.258645,2026-07-25 10:00:00.258645,
goaldigger-archive-old-content,2026-07-25,succeeded,1,2026-07-25 08:00:00.232452,2026-07-25 08:00:00.232452,
goaldigger-cron-heartbeat-check,2026-07-25,succeeded,48,2026-07-25 00:00:00.148582,2026-07-25 23:30:00.095416,
goaldigger-daily-pipeline,2026-07-25,succeeded,9,2026-07-25 00:00:00.146996,2026-07-25 22:00:00.14249,
goaldigger-matchday-reminder,2026-07-25,succeeded,1,2026-07-25 09:00:00.078671,2026-07-25 09:00:00.078671,
match-status-reaper,2026-07-25,succeeded,1,2026-07-25 07:00:00.24646,2026-07-25 07:00:00.24646,
match-watcher-1min,2026-07-25,succeeded,1440,2026-07-25 00:00:00.144351,2026-07-25 23:59:00.036109,
notification-sweep,2026-07-25,succeeded,24,2026-07-25 00:15:00.273612,2026-07-25 23:15:00.196845,
pipeline_health_retention_sweep,2026-07-25,succeeded,1,2026-07-25 05:00:00.304344,2026-07-25 05:00:00.304344,
raw_fetch_logs_retention_sweep,2026-07-25,succeeded,1,2026-07-25 05:15:00.195815,2026-07-25 05:15:00.195815,
content-audit-nightly,2026-07-26,succeeded,1,2026-07-26 05:30:00.273125,2026-07-26 05:30:00.273125,
gd-morning-push,2026-07-26,succeeded,1,2026-07-26 10:00:00.082589,2026-07-26 10:00:00.082589,
goaldigger-archive-old-content,2026-07-26,succeeded,1,2026-07-26 08:00:00.187036,2026-07-26 08:00:00.187036,
goaldigger-cron-heartbeat-check,2026-07-26,succeeded,48,2026-07-26 00:00:00.150712,2026-07-26 23:30:00.23153,
goaldigger-daily-pipeline,2026-07-26,succeeded,9,2026-07-26 00:00:00.153997,2026-07-26 22:00:00.139144,
goaldigger-matchday-reminder,2026-07-26,succeeded,1,2026-07-26 09:00:00.111843,2026-07-26 09:00:00.111843,
match-status-reaper,2026-07-26,succeeded,1,2026-07-26 07:00:00.341023,2026-07-26 07:00:00.341023,
match-watcher-1min,2026-07-26,succeeded,1440,2026-07-26 00:00:00.149605,2026-07-26 23:59:00.229035,
notification-sweep,2026-07-26,succeeded,24,2026-07-26 00:15:00.436649,2026-07-26 23:15:00.262613,
pipeline_health_retention_sweep,2026-07-26,succeeded,1,2026-07-26 05:00:00.091616,2026-07-26 05:00:00.091616,
raw_fetch_logs_retention_sweep,2026-07-26,succeeded,1,2026-07-26 05:15:00.212162,2026-07-26 05:15:00.212162,
content-audit-nightly,2026-07-27,succeeded,1,2026-07-27 05:30:00.336194,2026-07-27 05:30:00.336194,
gd-morning-push,2026-07-27,succeeded,1,2026-07-27 10:00:00.10536,2026-07-27 10:00:00.10536,
goaldigger-archive-old-content,2026-07-27,succeeded,1,2026-07-27 08:00:00.270761,2026-07-27 08:00:00.270761,
goaldigger-cron-heartbeat-check,2026-07-27,succeeded,48,2026-07-27 00:00:00.331839,2026-07-27 23:30:00.20953,
goaldigger-daily-pipeline,2026-07-27,succeeded,9,2026-07-27 00:00:00.33013,2026-07-27 22:00:00.196436,
goaldigger-matchday-reminder,2026-07-27,succeeded,1,2026-07-27 09:00:00.170834,2026-07-27 09:00:00.170834,
match-status-reaper,2026-07-27,succeeded,1,2026-07-27 07:00:00.191858,2026-07-27 07:00:00.191858,
match-watcher-1min,2026-07-27,succeeded,1440,2026-07-27 00:00:00.327065,2026-07-27 23:59:00.300115,
notification-sweep,2026-07-27,succeeded,24,2026-07-27 00:15:00.260598,2026-07-27 23:15:00.5161,
pipeline_health_retention_sweep,2026-07-27,succeeded,1,2026-07-27 05:00:00.141242,2026-07-27 05:00:00.141242,
raw_fetch_logs_retention_sweep,2026-07-27,succeeded,1,2026-07-27 05:15:00.476481,2026-07-27 05:15:00.476481,
content-audit-nightly,2026-07-28,succeeded,1,2026-07-28 05:30:00.181363,2026-07-28 05:30:00.181363,
gd-morning-push,2026-07-28,succeeded,1,2026-07-28 10:00:00.211864,2026-07-28 10:00:00.211864,
goaldigger-archive-old-content,2026-07-28,succeeded,1,2026-07-28 08:00:00.249362,2026-07-28 08:00:00.249362,
goaldigger-cron-heartbeat-check,2026-07-28,succeeded,48,2026-07-28 00:00:00.129813,2026-07-28 23:30:00.096368,
goaldigger-daily-pipeline,2026-07-28,succeeded,9,2026-07-28 00:00:00.135772,2026-07-28 22:00:00.217171,
goaldigger-matchday-reminder,2026-07-28,succeeded,1,2026-07-28 09:00:00.193093,2026-07-28 09:00:00.193093,
match-status-reaper,2026-07-28,succeeded,1,2026-07-28 07:00:00.208693,2026-07-28 07:00:00.208693,
match-watcher-1min,2026-07-28,succeeded,1440,2026-07-28 00:00:00.134367,2026-07-28 23:59:00.214984,
notification-sweep,2026-07-28,succeeded,24,2026-07-28 00:15:00.356015,2026-07-28 23:15:00.204467,
pipeline_health_retention_sweep,2026-07-28,succeeded,1,2026-07-28 05:00:00.091995,2026-07-28 05:00:00.091995,
raw_fetch_logs_retention_sweep,2026-07-28,succeeded,1,2026-07-28 05:15:00.157615,2026-07-28 05:15:00.157615,
content-audit-nightly,2026-07-29,succeeded,1,2026-07-29 05:30:00.209928,2026-07-29 05:30:00.209928,
gd-morning-push,2026-07-29,succeeded,1,2026-07-29 10:00:00.288126,2026-07-29 10:00:00.288126,
goaldigger-archive-old-content,2026-07-29,succeeded,1,2026-07-29 08:00:00.250938,2026-07-29 08:00:00.250938,
goaldigger-cron-heartbeat-check,2026-07-29,succeeded,48,2026-07-29 00:00:00.177121,2026-07-29 23:30:00.256577,
goaldigger-daily-pipeline,2026-07-29,succeeded,9,2026-07-29 00:00:00.174352,2026-07-29 22:00:00.125269,
goaldigger-matchday-reminder,2026-07-29,succeeded,1,2026-07-29 09:00:00.209342,2026-07-29 09:00:00.209342,
match-status-reaper,2026-07-29,succeeded,1,2026-07-29 07:00:00.210545,2026-07-29 07:00:00.210545,
match-watcher-1min,2026-07-29,succeeded,1440,2026-07-29 00:00:00.175555,2026-07-29 23:59:00.138857,
notification-sweep,2026-07-29,succeeded,24,2026-07-29 00:15:00.124478,2026-07-29 23:15:00.192357,
pipeline_health_retention_sweep,2026-07-29,succeeded,1,2026-07-29 05:00:00.149936,2026-07-29 05:00:00.149936,
raw_fetch_logs_retention_sweep,2026-07-29,succeeded,1,2026-07-29 05:15:00.165094,2026-07-29 05:15:00.165094,
content-audit-nightly,2026-07-30,succeeded,1,2026-07-30 05:30:00.171245,2026-07-30 05:30:00.171245,
gd-morning-push,2026-07-30,succeeded,1,2026-07-30 10:00:00.474291,2026-07-30 10:00:00.474291,
goaldigger-archive-old-content,2026-07-30,succeeded,1,2026-07-30 08:00:00.359373,2026-07-30 08:00:00.359373,
goaldigger-cron-heartbeat-check,2026-07-30,succeeded,48,2026-07-30 00:00:00.198793,2026-07-30 23:30:00.161413,
goaldigger-daily-pipeline,2026-07-30,succeeded,9,2026-07-30 00:00:00.195938,2026-07-30 22:00:00.161928,
goaldigger-matchday-reminder,2026-07-30,succeeded,1,2026-07-30 09:00:00.271014,2026-07-30 09:00:00.271014,
match-status-reaper,2026-07-30,succeeded,1,2026-07-30 07:00:00.211777,2026-07-30 07:00:00.211777,
match-watcher-1min,2026-07-30,succeeded,1440,2026-07-30 00:00:00.19733,2026-07-30 23:59:00.112786,
notification-sweep,2026-07-30,succeeded,24,2026-07-30 00:15:00.181958,2026-07-30 23:15:00.170957,
pipeline_health_retention_sweep,2026-07-30,succeeded,1,2026-07-30 05:00:00.223175,2026-07-30 05:00:00.223175,
raw_fetch_logs_retention_sweep,2026-07-30,succeeded,1,2026-07-30 05:15:00.210526,2026-07-30 05:15:00.210526,
content-audit-nightly,2026-07-31,succeeded,1,2026-07-31 05:30:00.176701,2026-07-31 05:30:00.176701,
gd-morning-push,2026-07-31,succeeded,1,2026-07-31 10:00:00.280374,2026-07-31 10:00:00.280374,
goaldigger-archive-old-content,2026-07-31,succeeded,1,2026-07-31 08:00:00.153629,2026-07-31 08:00:00.153629,
goaldigger-cron-heartbeat-check,2026-07-31,succeeded,48,2026-07-31 00:00:00.140113,2026-07-31 23:30:00.138274,
goaldigger-daily-pipeline,2026-07-31,succeeded,9,2026-07-31 00:00:00.139383,2026-07-31 22:00:00.220901,
goaldigger-matchday-reminder,2026-07-31,succeeded,1,2026-07-31 09:00:00.572258,2026-07-31 09:00:00.572258,
match-status-reaper,2026-07-31,succeeded,1,2026-07-31 07:00:00.191559,2026-07-31 07:00:00.191559,
match-watcher-1min,2026-07-31,succeeded,1440,2026-07-31 00:00:00.136468,2026-07-31 23:59:00.061236,
notification-sweep,2026-07-31,succeeded,24,2026-07-31 00:15:00.169054,2026-07-31 23:15:00.168076,
pipeline_health_retention_sweep,2026-07-31,succeeded,1,2026-07-31 05:00:00.161286,2026-07-31 05:00:00.161286,
raw_fetch_logs_retention_sweep,2026-07-31,succeeded,1,2026-07-31 05:15:00.268307,2026-07-31 05:15:00.268307,
content-audit-nightly,2026-08-01,succeeded,1,2026-08-01 05:30:00.272623,2026-08-01 05:30:00.272623,
gd-morning-push,2026-08-01,succeeded,1,2026-08-01 10:00:00.273785,2026-08-01 10:00:00.273785,
goaldigger-archive-old-content,2026-08-01,succeeded,1,2026-08-01 08:00:00.246589,2026-08-01 08:00:00.246589,
goaldigger-cron-heartbeat-check,2026-08-01,succeeded,48,2026-08-01 00:00:00.235241,2026-08-01 23:30:00.102004,
goaldigger-daily-pipeline,2026-08-01,succeeded,9,2026-08-01 00:00:00.256423,2026-08-01 22:00:00.21562,
goaldigger-matchday-reminder,2026-08-01,succeeded,1,2026-08-01 09:00:00.181241,2026-08-01 09:00:00.181241,
match-status-reaper,2026-08-01,succeeded,1,2026-08-01 07:00:00.233167,2026-08-01 07:00:00.233167,
match-watcher-1min,2026-08-01,succeeded,1440,2026-08-01 00:00:00.23585,2026-08-01 23:59:00.148735,
notification-sweep,2026-08-01,succeeded,24,2026-08-01 00:15:00.171133,2026-08-01 23:15:00.305857,
pipeline_health_retention_sweep,2026-08-01,succeeded,1,2026-08-01 05:00:00.16552,2026-08-01 05:00:00.16552,
raw_fetch_logs_retention_sweep,2026-08-01,succeeded,1,2026-08-01 05:15:00.253911,2026-08-01 05:15:00.253911,
content-audit-nightly,2026-08-02,succeeded,1,2026-08-02 05:30:00.17717,2026-08-02 05:30:00.17717,
gd-morning-push,2026-08-02,succeeded,1,2026-08-02 10:00:00.246136,2026-08-02 10:00:00.246136,
goaldigger-archive-old-content,2026-08-02,succeeded,1,2026-08-02 08:00:00.317863,2026-08-02 08:00:00.317863,
goaldigger-cron-heartbeat-check,2026-08-02,succeeded,48,2026-08-02 00:00:00.125829,2026-08-02 23:30:00.229964,
goaldigger-daily-pipeline,2026-08-02,succeeded,9,2026-08-02 00:00:00.126466,2026-08-02 22:00:00.175295,
goaldigger-matchday-reminder,2026-08-02,succeeded,1,2026-08-02 09:00:00.281203,2026-08-02 09:00:00.281203,
match-status-reaper,2026-08-02,succeeded,1,2026-08-02 07:00:00.256988,2026-08-02 07:00:00.256988,
match-watcher-1min,2026-08-02,succeeded,1440,2026-08-02 00:00:00.127264,2026-08-02 23:59:00.128003,
notification-sweep,2026-08-02,succeeded,24,2026-08-02 00:15:00.307659,2026-08-02 23:15:00.172284,
pipeline_health_retention_sweep,2026-08-02,succeeded,1,2026-08-02 05:00:00.221398,2026-08-02 05:00:00.221398,
raw_fetch_logs_retention_sweep,2026-08-02,succeeded,1,2026-08-02 05:15:00.271179,2026-08-02 05:15:00.271179,
content-audit-nightly,2026-08-03,succeeded,1,2026-08-03 05:30:00.322017,2026-08-03 05:30:00.322017,
gd-morning-push,2026-08-03,succeeded,1,2026-08-03 10:00:00.32918,2026-08-03 10:00:00.32918,
goaldigger-archive-old-content,2026-08-03,succeeded,1,2026-08-03 08:00:00.179442,2026-08-03 08:00:00.179442,
goaldigger-cron-heartbeat-check,2026-08-03,succeeded,48,2026-08-03 00:00:00.201149,2026-08-03 23:30:00.335867,
goaldigger-daily-pipeline,2026-08-03,succeeded,9,2026-08-03 00:00:00.204086,2026-08-03 22:00:00.457335,
goaldigger-matchday-reminder,2026-08-03,succeeded,1,2026-08-03 09:00:00.194578,2026-08-03 09:00:00.194578,
match-status-reaper,2026-08-03,succeeded,1,2026-08-03 07:00:00.091103,2026-08-03 07:00:00.091103,
match-watcher-1min,2026-08-03,succeeded,1440,2026-08-03 00:00:00.2025,2026-08-03 23:59:00.173825,
notification-sweep,2026-08-03,succeeded,24,2026-08-03 00:15:00.253929,2026-08-03 23:15:00.375027,
pipeline_health_retention_sweep,2026-08-03,succeeded,1,2026-08-03 05:00:00.057588,2026-08-03 05:00:00.057588,
raw_fetch_logs_retention_sweep,2026-08-03,succeeded,1,2026-08-03 05:15:00.212895,2026-08-03 05:15:00.212895,
content-audit-nightly,2026-08-04,succeeded,1,2026-08-04 05:30:00.144953,2026-08-04 05:30:00.144953,
gd-morning-push,2026-08-04,succeeded,1,2026-08-04 10:00:00.188711,2026-08-04 10:00:00.188711,
goaldigger-archive-old-content,2026-08-04,succeeded,1,2026-08-04 08:00:00.174216,2026-08-04 08:00:00.174216,
goaldigger-cron-heartbeat-check,2026-08-04,succeeded,48,2026-08-04 00:00:00.376199,2026-08-04 23:30:00.194937,
goaldigger-daily-pipeline,2026-08-04,succeeded,9,2026-08-04 00:00:00.377631,2026-08-04 22:00:00.299217,
goaldigger-matchday-reminder,2026-08-04,succeeded,1,2026-08-04 09:00:00.208012,2026-08-04 09:00:00.208012,
match-status-reaper,2026-08-04,succeeded,1,2026-08-04 07:00:00.158774,2026-08-04 07:00:00.158774,
match-watcher-1min,2026-08-04,succeeded,1440,2026-08-04 00:00:00.378983,2026-08-04 23:59:00.149842,
notification-sweep,2026-08-04,succeeded,24,2026-08-04 00:15:00.322158,2026-08-04 23:15:00.473568,
pipeline_health_retention_sweep,2026-08-04,succeeded,1,2026-08-04 05:00:00.143492,2026-08-04 05:00:00.143492,
raw_fetch_logs_retention_sweep,2026-08-04,succeeded,1,2026-08-04 05:15:00.247703,2026-08-04 05:15:00.247703,
content-audit-nightly,2026-08-05,succeeded,1,2026-08-05 05:30:00.203971,2026-08-05 05:30:00.203971,
gd-morning-push,2026-08-05,succeeded,1,2026-08-05 10:00:00.151465,2026-08-05 10:00:00.151465,
goaldigger-archive-old-content,2026-08-05,succeeded,1,2026-08-05 08:00:00.186661,2026-08-05 08:00:00.186661,
goaldigger-cron-heartbeat-check,2026-08-05,succeeded,48,2026-08-05 00:00:00.2296,2026-08-05 23:30:00.326893,
goaldigger-daily-pipeline,2026-08-05,succeeded,9,2026-08-05 00:00:00.230169,2026-08-05 22:00:00.358489,
goaldigger-matchday-reminder,2026-08-05,succeeded,1,2026-08-05 09:00:00.218862,2026-08-05 09:00:00.218862,
match-status-reaper,2026-08-05,succeeded,1,2026-08-05 07:00:00.157145,2026-08-05 07:00:00.157145,
match-watcher-1min,2026-08-05,succeeded,1440,2026-08-05 00:00:00.226211,2026-08-05 23:59:00.203586,
notification-sweep,2026-08-05,succeeded,24,2026-08-05 00:15:00.371451,2026-08-05 23:15:00.800706,
pipeline_health_retention_sweep,2026-08-05,succeeded,1,2026-08-05 05:00:00.178594,2026-08-05 05:00:00.178594,
raw_fetch_logs_retention_sweep,2026-08-05,succeeded,1,2026-08-05 05:15:00.431171,2026-08-05 05:15:00.431171,
content-audit-nightly,2026-08-06,succeeded,1,2026-08-06 05:30:00.236132,2026-08-06 05:30:00.236132,
gd-morning-push,2026-08-06,succeeded,1,2026-08-06 10:00:00.218421,2026-08-06 10:00:00.218421,
goaldigger-archive-old-content,2026-08-06,succeeded,1,2026-08-06 08:00:00.23772,2026-08-06 08:00:00.23772,
goaldigger-cron-heartbeat-check,2026-08-06,succeeded,48,2026-08-06 00:00:00.241788,2026-08-06 23:30:00.27807,
goaldigger-daily-pipeline,2026-08-06,succeeded,9,2026-08-06 00:00:00.242478,2026-08-06 22:00:00.218313,
goaldigger-matchday-reminder,2026-08-06,succeeded,1,2026-08-06 09:00:00.207664,2026-08-06 09:00:00.207664,
match-status-reaper,2026-08-06,succeeded,1,2026-08-06 07:00:00.2413,2026-08-06 07:00:00.2413,
match-watcher-1min,2026-08-06,succeeded,1440,2026-08-06 00:00:00.243076,2026-08-06 23:59:00.110335,
notification-sweep,2026-08-06,succeeded,24,2026-08-06 00:15:00.520837,2026-08-06 23:15:00.237491,
pipeline_health_retention_sweep,2026-08-06,succeeded,1,2026-08-06 05:00:00.09596,2026-08-06 05:00:00.09596,
raw_fetch_logs_retention_sweep,2026-08-06,succeeded,1,2026-08-06 05:15:00.173288,2026-08-06 05:15:00.173288,
content-audit-nightly,2026-08-07,succeeded,1,2026-08-07 05:30:00.206538,2026-08-07 05:30:00.206538,
gd-morning-push,2026-08-07,succeeded,1,2026-08-07 10:00:00.204957,2026-08-07 10:00:00.204957,
goaldigger-archive-old-content,2026-08-07,succeeded,1,2026-08-07 08:00:00.327549,2026-08-07 08:00:00.327549,
goaldigger-cron-heartbeat-check,2026-08-07,succeeded,48,2026-08-07 00:00:00.317855,2026-08-07 23:30:00.220036,
goaldigger-daily-pipeline,2026-08-07,succeeded,9,2026-08-07 00:00:00.316208,2026-08-07 22:00:00.348768,
goaldigger-matchday-reminder,2026-08-07,succeeded,1,2026-08-07 09:00:00.161738,2026-08-07 09:00:00.161738,
match-status-reaper,2026-08-07,succeeded,1,2026-08-07 07:00:00.27799,2026-08-07 07:00:00.27799,
match-watcher-1min,2026-08-07,succeeded,1440,2026-08-07 00:00:00.314914,2026-08-07 23:59:00.161638,
notification-sweep,2026-08-07,succeeded,24,2026-08-07 00:15:00.256957,2026-08-07 23:15:00.485075,
pipeline_health_retention_sweep,2026-08-07,succeeded,1,2026-08-07 05:00:00.245417,2026-08-07 05:00:00.245417,
raw_fetch_logs_retention_sweep,2026-08-07,succeeded,1,2026-08-07 05:15:00.376296,2026-08-07 05:15:00.376296,
content-audit-nightly,2026-08-08,succeeded,1,2026-08-08 05:30:00.271617,2026-08-08 05:30:00.271617,
gd-morning-push,2026-08-08,succeeded,1,2026-08-08 10:00:00.244845,2026-08-08 10:00:00.244845,
goaldigger-archive-old-content,2026-08-08,succeeded,1,2026-08-08 08:00:00.416349,2026-08-08 08:00:00.416349,
goaldigger-cron-heartbeat-check,2026-08-08,succeeded,48,2026-08-08 00:00:00.352854,2026-08-08 23:30:00.250422,
goaldigger-daily-pipeline,2026-08-08,succeeded,9,2026-08-08 00:00:00.355073,2026-08-08 22:00:00.199109,
goaldigger-matchday-reminder,2026-08-08,succeeded,1,2026-08-08 09:00:00.205059,2026-08-08 09:00:00.205059,
match-status-reaper,2026-08-08,succeeded,1,2026-08-08 07:00:00.419405,2026-08-08 07:00:00.419405,
match-watcher-1min,2026-08-08,succeeded,1440,2026-08-08 00:00:00.350299,2026-08-08 23:59:00.094268,
notification-sweep,2026-08-08,succeeded,24,2026-08-08 00:15:00.601143,2026-08-08 23:15:00.735815,
pipeline_health_retention_sweep,2026-08-08,succeeded,1,2026-08-08 05:00:00.253578,2026-08-08 05:00:00.253578,
raw_fetch_logs_retention_sweep,2026-08-08,succeeded,1,2026-08-08 05:15:00.557512,2026-08-08 05:15:00.557512,
content-audit-nightly,2026-08-09,succeeded,1,2026-08-09 05:30:00.28387,2026-08-09 05:30:00.28387,
gd-morning-push,2026-08-09,succeeded,1,2026-08-09 10:00:00.2397,2026-08-09 10:00:00.2397,
goaldigger-archive-old-content,2026-08-09,succeeded,1,2026-08-09 08:00:00.37641,2026-08-09 08:00:00.37641,
goaldigger-cron-heartbeat-check,2026-08-09,failed,1,2026-08-09 06:30:00.000028,2026-08-09 06:30:00.000028,job startup timeout
goaldigger-cron-heartbeat-check,2026-08-09,succeeded,47,2026-08-09 00:00:00.34556,2026-08-09 23:30:00.151442,
goaldigger-daily-pipeline,2026-08-09,succeeded,9,2026-08-09 00:00:00.344952,2026-08-09 22:00:00.321687,
goaldigger-matchday-reminder,2026-08-09,succeeded,1,2026-08-09 09:00:00.177452,2026-08-09 09:00:00.177452,
match-status-reaper,2026-08-09,succeeded,1,2026-08-09 07:00:00.252926,2026-08-09 07:00:00.252926,
match-watcher-1min,2026-08-09,failed,19,2026-08-09 06:13:00.000026,2026-08-09 06:31:00.000011,job startup timeout
match-watcher-1min,2026-08-09,succeeded,1421,2026-08-09 00:00:00.343621,2026-08-09 23:59:00.232258,
notification-sweep,2026-08-09,failed,1,2026-08-09 06:15:00.000577,2026-08-09 06:15:00.000577,job startup timeout
notification-sweep,2026-08-09,succeeded,23,2026-08-09 00:15:00.119078,2026-08-09 23:15:00.246178,
pipeline_health_retention_sweep,2026-08-09,succeeded,1,2026-08-09 05:00:00.251452,2026-08-09 05:00:00.251452,
raw_fetch_logs_retention_sweep,2026-08-09,succeeded,1,2026-08-09 05:15:00.804631,2026-08-09 05:15:00.804631,
content-audit-nightly,2026-08-10,failed,1,2026-08-10 05:30:00.000552,2026-08-10 05:30:00.000552,job startup timeout
gd-morning-push,2026-08-10,succeeded,1,2026-08-10 10:00:00.277633,2026-08-10 10:00:00.277633,
goaldigger-archive-old-content,2026-08-10,succeeded,1,2026-08-10 08:00:00.128877,2026-08-10 08:00:00.128877,
goaldigger-cron-heartbeat-check,2026-08-10,failed,5,2026-08-10 04:30:25.292607,2026-08-10 06:30:00.000881,job startup timeout
goaldigger-cron-heartbeat-check,2026-08-10,succeeded,43,2026-08-10 00:00:00.217032,2026-08-10 23:30:00.137118,
goaldigger-daily-pipeline,2026-08-10,succeeded,9,2026-08-10 00:00:00.219202,2026-08-10 22:00:00.17054,
goaldigger-matchday-reminder,2026-08-10,succeeded,1,2026-08-10 09:00:00.16381,2026-08-10 09:00:00.16381,
match-status-reaper,2026-08-10,succeeded,1,2026-08-10 07:00:00.21743,2026-08-10 07:00:00.21743,
match-watcher-1min,2026-08-10,failed,124,2026-08-10 04:26:00.000154,2026-08-10 06:31:00.000458,job startup timeout
match-watcher-1min,2026-08-10,succeeded,1316,2026-08-10 00:00:00.216345,2026-08-10 23:59:00.236384,
notification-sweep,2026-08-10,failed,2,2026-08-10 05:15:00.001041,2026-08-10 06:15:00.000728,job startup timeout
notification-sweep,2026-08-10,succeeded,22,2026-08-10 00:15:00.247987,2026-08-10 23:15:00.409669,
pipeline_health_retention_sweep,2026-08-10,failed,1,2026-08-10 05:00:00.000272,2026-08-10 05:00:00.000272,job startup timeout
raw_fetch_logs_retention_sweep,2026-08-10,failed,1,2026-08-10 05:15:00.001041,2026-08-10 05:15:00.001041,job startup timeout
content-audit-nightly,2026-08-11,succeeded,1,2026-08-11 05:30:00.252356,2026-08-11 05:30:00.252356,
gd-morning-push,2026-08-11,succeeded,1,2026-08-11 10:00:00.439709,2026-08-11 10:00:00.439709,
goaldigger-archive-old-content,2026-08-11,succeeded,1,2026-08-11 08:00:00.140531,2026-08-11 08:00:00.140531,
goaldigger-cron-heartbeat-check,2026-08-11,failed,2,2026-08-11 06:00:00.000135,2026-08-11 06:30:00.000078,job startup timeout
goaldigger-cron-heartbeat-check,2026-08-11,succeeded,46,2026-08-11 00:00:00.163401,2026-08-11 23:30:00.192242,
goaldigger-daily-pipeline,2026-08-11,succeeded,9,2026-08-11 00:00:00.164611,2026-08-11 22:00:00.310481,
goaldigger-matchday-reminder,2026-08-11,succeeded,1,2026-08-11 09:00:00.234612,2026-08-11 09:00:00.234612,
match-status-reaper,2026-08-11,succeeded,1,2026-08-11 07:00:00.147861,2026-08-11 07:00:00.147861,
match-watcher-1min,2026-08-11,failed,50,2026-08-11 05:40:00.000415,2026-08-11 06:31:00.000855,job startup timeout
match-watcher-1min,2026-08-11,succeeded,1390,2026-08-11 00:00:00.159019,2026-08-11 23:59:00.246274,
notification-sweep,2026-08-11,failed,1,2026-08-11 06:15:00.00042,2026-08-11 06:15:00.00042,job startup timeout
notification-sweep,2026-08-11,succeeded,23,2026-08-11 00:15:00.722278,2026-08-11 23:15:00.282186,
pipeline_health_retention_sweep,2026-08-11,succeeded,1,2026-08-11 05:00:00.274728,2026-08-11 05:00:00.274728,
raw_fetch_logs_retention_sweep,2026-08-11,succeeded,1,2026-08-11 05:15:00.866364,2026-08-11 05:15:00.866364,
content-audit-nightly,2026-08-12,succeeded,1,2026-08-12 05:30:00.292693,2026-08-12 05:30:00.292693,
gd-morning-push,2026-08-12,succeeded,1,2026-08-12 10:00:00.209839,2026-08-12 10:00:00.209839,
goaldigger-archive-old-content,2026-08-12,failed,1,2026-08-12 08:00:00.000541,2026-08-12 08:00:00.000541,job startup timeout
goaldigger-cron-heartbeat-check,2026-08-12,failed,7,2026-08-12 06:31:15.476413,2026-08-12 09:30:00.284572,"ERROR:  unrecognized format() type specifier "".""
HINT:  For a single ""%"" use ""%%"".
CONTEXT:  SQL statement ""INSERT INTO "
goaldigger-cron-heartbeat-check,2026-08-12,succeeded,41,2026-08-12 00:00:00.189669,2026-08-12 23:30:00.309012,
goaldigger-daily-pipeline,2026-08-12,failed,1,2026-08-12 08:00:00.000541,2026-08-12 08:00:00.000541,job startup timeout
goaldigger-daily-pipeline,2026-08-12,succeeded,8,2026-08-12 00:00:00.192952,2026-08-12 22:00:00.260627,
goaldigger-matchday-reminder,2026-08-12,failed,1,2026-08-12 09:00:37.286164,2026-08-12 09:00:37.286164,job startup timeout
match-status-reaper,2026-08-12,failed,1,2026-08-12 07:01:02.495901,2026-08-12 07:01:02.495901,job startup timeout
match-watcher-1min,2026-08-12,failed,142,2026-08-12 06:14:00.000484,2026-08-12 09:19:00.000798,job startup timeout
match-watcher-1min,2026-08-12,succeeded,1290,2026-08-12 00:00:00.192254,2026-08-12 23:59:00.13412,
notification-sweep,2026-08-12,failed,4,2026-08-12 06:15:00.001087,2026-08-12 09:16:53.377591,job startup timeout
notification-sweep,2026-08-12,succeeded,20,2026-08-12 00:15:00.343129,2026-08-12 23:15:00.27352,
pipeline_health_retention_sweep,2026-08-12,succeeded,1,2026-08-12 05:00:00.609606,2026-08-12 05:00:00.609606,
raw_fetch_logs_retention_sweep,2026-08-12,succeeded,1,2026-08-12 05:15:00.472322,2026-08-12 05:15:00.472322,
content-audit-nightly,2026-08-13,failed,1,2026-08-13 05:31:25.405291,2026-08-13 05:31:25.405291,job startup timeout
gd-morning-push,2026-08-13,succeeded,1,2026-08-13 10:00:00.193665,2026-08-13 10:00:00.193665,
goaldigger-archive-old-content,2026-08-13,failed,1,2026-08-13 08:01:16.95516,2026-08-13 08:01:16.95516,job startup timeout
goaldigger-cron-heartbeat-check,2026-08-13,failed,14,2026-08-13 03:00:00.00107,2026-08-13 09:30:00.350359,"ERROR:  unrecognized format() type specifier "".""
HINT:  For a single ""%"" use ""%%"".
CONTEXT:  SQL statement ""INSERT INTO "
goaldigger-cron-heartbeat-check,2026-08-13,succeeded,34,2026-08-13 00:00:00.419704,2026-08-13 23:30:00.167645,
goaldigger-daily-pipeline,2026-08-13,failed,1,2026-08-13 08:01:16.95516,2026-08-13 08:01:16.95516,job startup timeout
goaldigger-daily-pipeline,2026-08-13,succeeded,8,2026-08-13 00:00:00.429371,2026-08-13 22:00:00.231808,
goaldigger-matchday-reminder,2026-08-13,failed,1,2026-08-13 09:00:42.282173,2026-08-13 09:00:42.282173,job startup timeout
match-status-reaper,2026-08-13,failed,1,2026-08-13 07:00:00.120726,2026-08-13 07:00:00.120726,job startup timeout
match-watcher-1min,2026-08-13,failed,380,2026-08-13 02:44:00.000626,2026-08-13 09:22:00.000012,"ERROR:  canceling statement due to statement timeout
CONTEXT:  SQL statement ""insert into net.http_request_queue(method,"
match-watcher-1min,2026-08-13,succeeded,1055,2026-08-13 00:00:00.41837,2026-08-13 23:59:00.253858,
notification-sweep,2026-08-13,failed,7,2026-08-13 03:15:07.829327,2026-08-13 09:17:58.08066,job startup timeout
notification-sweep,2026-08-13,succeeded,17,2026-08-13 00:15:00.225081,2026-08-13 23:15:02.505542,
pipeline_health_retention_sweep,2026-08-13,failed,1,2026-08-13 05:00:00.000953,2026-08-13 05:00:00.000953,job startup timeout
raw_fetch_logs_retention_sweep,2026-08-13,failed,1,2026-08-13 05:15:04.604173,2026-08-13 05:15:04.604173,job startup timeout
content-audit-nightly,2026-08-14,failed,1,2026-08-14 05:30:00.000906,2026-08-14 05:30:00.000906,job startup timeout
gd-morning-push,2026-08-14,succeeded,1,2026-08-14 10:00:00.335791,2026-08-14 10:00:00.335791,
goaldigger-archive-old-content,2026-08-14,failed,1,2026-08-14 08:00:00.000245,2026-08-14 08:00:00.000245,job startup timeout
goaldigger-cron-heartbeat-check,2026-08-14,failed,15,2026-08-14 02:00:00.000544,2026-08-14 09:00:27.312641,job startup timeout
goaldigger-cron-heartbeat-check,2026-08-14,succeeded,33,2026-08-14 00:00:00.261609,2026-08-14 23:30:00.260687,
goaldigger-daily-pipeline,2026-08-14,failed,1,2026-08-14 08:00:00.000245,2026-08-14 08:00:00.000245,job startup timeout
goaldigger-daily-pipeline,2026-08-14,succeeded,8,2026-08-14 00:00:00.258604,2026-08-14 22:00:00.233316,
goaldigger-matchday-reminder,2026-08-14,failed,1,2026-08-14 09:00:27.312641,2026-08-14 09:00:27.312641,job startup timeout
match-status-reaper,2026-08-14,failed,1,2026-08-14 07:00:00.000702,2026-08-14 07:00:00.000702,job startup timeout
match-watcher-1min,2026-08-14,failed,418,2026-08-14 01:41:00.000092,2026-08-14 09:20:00.000261,job startup timeout
match-watcher-1min,2026-08-14,succeeded,1001,2026-08-14 00:00:00.260382,2026-08-14 23:59:00.23104,
notification-sweep,2026-08-14,failed,7,2026-08-14 02:16:23.387143,2026-08-14 08:15:00.000333,job startup timeout
notification-sweep,2026-08-14,succeeded,16,2026-08-14 00:15:00.784621,2026-08-14 23:15:00.992267,
pipeline_health_retention_sweep,2026-08-14,failed,1,2026-08-14 05:00:09.605379,2026-08-14 05:00:09.605379,job startup timeout
raw_fetch_logs_retention_sweep,2026-08-14,failed,1,2026-08-14 05:15:00.000625,2026-08-14 05:15:00.000625,job startup timeout
content-audit-nightly,2026-08-15,failed,1,2026-08-15 05:30:41.261232,2026-08-15 05:30:41.261232,job startup timeout
gd-morning-push,2026-08-15,succeeded,1,2026-08-15 10:00:00.260208,2026-08-15 10:00:00.260208,
goaldigger-archive-old-content,2026-08-15,failed,1,2026-08-15 08:00:00.000258,2026-08-15 08:00:00.000258,job startup timeout
goaldigger-cron-heartbeat-check,2026-08-15,failed,15,2026-08-15 02:00:38.141364,2026-08-15 09:30:00.485365,"ERROR:  unrecognized format() type specifier "".""
HINT:  For a single ""%"" use ""%%"".
CONTEXT:  SQL statement ""INSERT INTO "
goaldigger-cron-heartbeat-check,2026-08-15,succeeded,32,2026-08-15 00:00:00.280432,2026-08-15 23:30:00.314208,
goaldigger-daily-pipeline,2026-08-15,failed,1,2026-08-15 08:00:00.000258,2026-08-15 08:00:00.000258,job startup timeout
goaldigger-daily-pipeline,2026-08-15,succeeded,8,2026-08-15 00:00:00.286907,2026-08-15 22:00:00.22069,
goaldigger-matchday-reminder,2026-08-15,failed,1,2026-08-15 09:01:44.398544,2026-08-15 09:01:44.398544,job startup timeout
match-status-reaper,2026-08-15,failed,1,2026-08-15 07:00:00.667313,2026-08-15 07:00:00.667313,job startup timeout
match-watcher-1min,2026-08-15,failed,413,2026-08-15 01:42:00.000118,2026-08-15 09:18:23.201999,"ERROR:  canceling statement due to statement timeout
CONTEXT:  SQL statement ""insert into net.http_request_queue(method,"
match-watcher-1min,2026-08-15,succeeded,1000,2026-08-15 00:00:00.278219,2026-08-15 23:59:00.274486,
notification-sweep,2026-08-15,failed,8,2026-08-15 02:15:00.000342,2026-08-15 09:15:25.817429,job startup timeout
notification-sweep,2026-08-15,succeeded,16,2026-08-15 00:15:03.085917,2026-08-15 23:15:00.330749,
pipeline_health_retention_sweep,2026-08-15,failed,1,2026-08-15 05:00:34.819752,2026-08-15 05:00:34.819752,job startup timeout
raw_fetch_logs_retention_sweep,2026-08-15,failed,1,2026-08-15 05:16:41.165822,2026-08-15 05:16:41.165822,job startup timeout
content-audit-nightly,2026-08-16,succeeded,1,2026-08-16 05:30:00.222134,2026-08-16 05:30:00.222134,
gd-morning-push,2026-08-16,succeeded,1,2026-08-16 10:00:00.240395,2026-08-16 10:00:00.240395,
goaldigger-archive-old-content,2026-08-16,succeeded,1,2026-08-16 08:00:00.427328,2026-08-16 08:00:00.427328,
goaldigger-cron-heartbeat-check,2026-08-16,failed,12,2026-08-16 01:00:32.977276,2026-08-16 23:31:09.682851,job startup timeout
goaldigger-cron-heartbeat-check,2026-08-16,succeeded,36,2026-08-16 00:00:00.340195,2026-08-16 18:30:00.227439,
goaldigger-daily-pipeline,2026-08-16,failed,2,2026-08-16 20:00:07.294907,2026-08-16 22:00:00.000592,job startup timeout
goaldigger-daily-pipeline,2026-08-16,succeeded,7,2026-08-16 00:00:00.338835,2026-08-16 18:00:00.580853,
goaldigger-matchday-reminder,2026-08-16,succeeded,1,2026-08-16 09:00:00.284888,2026-08-16 09:00:00.284888,
match-status-reaper,2026-08-16,succeeded,1,2026-08-16 07:00:00.257051,2026-08-16 07:00:00.257051,
match-watcher-1min,2026-08-16,failed,394,2026-08-16 00:38:00.001018,2026-08-16 23:59:00.000209,"ERROR:  canceling statement due to statement timeout
CONTEXT:  SQL statement ""insert into net.http_request_queue(method,"
match-watcher-1min,2026-08-16,succeeded,1046,2026-08-16 00:00:00.339625,2026-08-16 23:28:03.750673,
notification-sweep,2026-08-16,failed,5,2026-08-16 19:15:01.403958,2026-08-16 23:15:00.000961,job startup timeout
notification-sweep,2026-08-16,succeeded,19,2026-08-16 00:15:00.248166,2026-08-16 18:15:00.400451,
pipeline_health_retention_sweep,2026-08-16,succeeded,1,2026-08-16 05:00:00.359853,2026-08-16 05:00:00.359853,
raw_fetch_logs_retention_sweep,2026-08-16,succeeded,1,2026-08-16 05:15:00.210694,2026-08-16 05:15:00.210694,
content-audit-nightly,2026-08-17,succeeded,1,2026-08-17 05:30:00.25406,2026-08-17 05:30:00.25406,
gd-morning-push,2026-08-17,succeeded,1,2026-08-17 10:00:00.602949,2026-08-17 10:00:00.602949,
goaldigger-archive-old-content,2026-08-17,succeeded,1,2026-08-17 08:00:00.396486,2026-08-17 08:00:00.396486,
goaldigger-cron-heartbeat-check,2026-08-17,failed,18,2026-08-17 00:00:00.000793,2026-08-17 23:30:00.000298,"ERROR:  unrecognized format() type specifier "".""
HINT:  For a single ""%"" use ""%%"".
CONTEXT:  SQL statement ""INSERT INTO "
goaldigger-cron-heartbeat-check,2026-08-17,succeeded,30,2026-08-17 02:30:00.200562,2026-08-17 17:00:00.178581,
goaldigger-daily-pipeline,2026-08-17,failed,4,2026-08-17 00:00:00.000793,2026-08-17 22:00:00.000012,job startup timeout
goaldigger-daily-pipeline,2026-08-17,succeeded,5,2026-08-17 08:00:00.395496,2026-08-17 16:00:00.170471,
goaldigger-matchday-reminder,2026-08-17,succeeded,1,2026-08-17 09:00:00.30059,2026-08-17 09:00:00.30059,
match-status-reaper,2026-08-17,succeeded,1,2026-08-17 07:00:00.415741,2026-08-17 07:00:00.415741,
match-watcher-1min,2026-08-17,failed,486,2026-08-17 00:00:00.000793,2026-08-17 23:59:00.000669,job startup timeout
match-watcher-1min,2026-08-17,succeeded,954,2026-08-17 00:19:03.977031,2026-08-17 21:09:07.680766,
notification-sweep,2026-08-17,failed,8,2026-08-17 00:15:00.00062,2026-08-17 23:15:30.226891,job startup timeout
notification-sweep,2026-08-17,succeeded,16,2026-08-17 02:15:00.275738,2026-08-17 17:15:00.231994,
pipeline_health_retention_sweep,2026-08-17,succeeded,1,2026-08-17 05:00:00.169444,2026-08-17 05:00:00.169444,
raw_fetch_logs_retention_sweep,2026-08-17,succeeded,1,2026-08-17 05:15:00.398825,2026-08-17 05:15:00.398825,
content-audit-nightly,2026-08-18,succeeded,1,2026-08-18 05:30:00.25767,2026-08-18 05:30:00.25767,
gd-morning-push,2026-08-18,succeeded,1,2026-08-18 10:00:00.443513,2026-08-18 10:00:00.443513,
goaldigger-archive-old-content,2026-08-18,succeeded,1,2026-08-18 08:00:00.368885,2026-08-18 08:00:00.368885,
goaldigger-cron-heartbeat-check,2026-08-18,failed,18,2026-08-18 00:00:00.000438,2026-08-18 23:30:00.000295,job startup timeout
goaldigger-cron-heartbeat-check,2026-08-18,succeeded,30,2026-08-18 02:00:08.378269,2026-08-18 16:30:00.193271,
goaldigger-daily-pipeline,2026-08-18,failed,4,2026-08-18 00:00:00.000438,2026-08-18 22:00:00.000919,job startup timeout
goaldigger-daily-pipeline,2026-08-18,succeeded,5,2026-08-18 08:00:00.368249,2026-08-18 16:00:00.208438,
goaldigger-matchday-reminder,2026-08-18,succeeded,1,2026-08-18 09:00:00.533869,2026-08-18 09:00:00.533869,
match-status-reaper,2026-08-18,succeeded,1,2026-08-18 07:00:00.375785,2026-08-18 07:00:00.375785,
match-watcher-1min,2026-08-18,failed,521,2026-08-18 00:00:00.000438,2026-08-18 23:59:00.001085,job startup timeout
match-watcher-1min,2026-08-18,succeeded,908,2026-08-18 00:18:05.441917,2026-08-18 21:22:06.856852,
notification-sweep,2026-08-18,failed,9,2026-08-18 00:15:00.000541,2026-08-18 23:15:00.00095,job startup timeout
notification-sweep,2026-08-18,succeeded,15,2026-08-18 02:15:00.165798,2026-08-18 16:15:00.381248,
pipeline_health_retention_sweep,2026-08-18,succeeded,1,2026-08-18 05:00:00.388374,2026-08-18 05:00:00.388374,
raw_fetch_logs_retention_sweep,2026-08-18,succeeded,1,2026-08-18 05:15:00.28715,2026-08-18 05:15:00.28715,
content-audit-nightly,2026-08-19,succeeded,1,2026-08-19 05:30:00.390325,2026-08-19 05:30:00.390325,
gd-morning-push,2026-08-19,succeeded,1,2026-08-19 10:00:00.215788,2026-08-19 10:00:00.215788,
goaldigger-archive-old-content,2026-08-19,succeeded,1,2026-08-19 08:00:00.311315,2026-08-19 08:00:00.311315,
goaldigger-cron-heartbeat-check,2026-08-19,failed,15,2026-08-19 00:00:00.000332,2026-08-19 23:30:00.000901,"ERROR:  unrecognized format() type specifier "".""
HINT:  For a single ""%"" use ""%%"".
CONTEXT:  SQL statement ""INSERT INTO "
goaldigger-cron-heartbeat-check,2026-08-19,succeeded,33,2026-08-19 01:30:42.798037,2026-08-19 18:00:00.148602,
goaldigger-daily-pipeline,2026-08-19,failed,3,2026-08-19 00:00:00.000332,2026-08-19 22:00:18.342395,job startup timeout
goaldigger-daily-pipeline,2026-08-19,succeeded,6,2026-08-19 08:00:00.310219,2026-08-19 18:00:00.146361,
goaldigger-matchday-reminder,2026-08-19,succeeded,1,2026-08-19 09:00:00.194909,2026-08-19 09:00:00.194909,
match-status-reaper,2026-08-19,succeeded,1,2026-08-19 07:00:00.206786,2026-08-19 07:00:00.206786,
match-watcher-1min,2026-08-19,failed,457,2026-08-19 00:00:00.000332,2026-08-19 23:59:00.001078,job startup timeout
match-watcher-1min,2026-08-19,succeeded,983,2026-08-19 00:19:08.472479,2026-08-19 23:36:06.030712,
notification-sweep,2026-08-19,failed,8,2026-08-19 00:15:00.000699,2026-08-19 23:15:00.000115,job startup timeout
notification-sweep,2026-08-19,succeeded,16,2026-08-19 02:15:00.268527,2026-08-19 17:15:00.185181,
pipeline_health_retention_sweep,2026-08-19,succeeded,1,2026-08-19 05:00:00.54727,2026-08-19 05:00:00.54727,
raw_fetch_logs_retention_sweep,2026-08-19,succeeded,1,2026-08-19 05:15:00.183488,2026-08-19 05:15:00.183488,
content-audit-nightly,2026-08-20,succeeded,1,2026-08-20 05:30:00.213781,2026-08-20 05:30:00.213781,
gd-morning-push,2026-08-20,succeeded,1,2026-08-20 10:00:00.50647,2026-08-20 10:00:00.50647,
goaldigger-archive-old-content,2026-08-20,succeeded,1,2026-08-20 08:00:00.468091,2026-08-20 08:00:00.468091,
goaldigger-cron-heartbeat-check,2026-08-20,failed,16,2026-08-20 00:00:00.000863,2026-08-20 23:30:20.620954,job startup timeout
goaldigger-cron-heartbeat-check,2026-08-20,succeeded,32,2026-08-20 02:00:02.522407,2026-08-20 17:30:00.23167,
goaldigger-daily-pipeline,2026-08-20,failed,4,2026-08-20 00:00:00.000863,2026-08-20 22:00:00.000671,job startup timeout
goaldigger-daily-pipeline,2026-08-20,succeeded,5,2026-08-20 08:00:00.466894,2026-08-20 16:00:00.570889,
goaldigger-matchday-reminder,2026-08-20,succeeded,1,2026-08-20 09:00:00.294948,2026-08-20 09:00:00.294948,
match-status-reaper,2026-08-20,succeeded,1,2026-08-20 07:00:00.249774,2026-08-20 07:00:00.249774,
match-watcher-1min,2026-08-20,failed,483,2026-08-20 00:00:00.000863,2026-08-20 23:59:00.000714,job startup timeout
match-watcher-1min,2026-08-20,succeeded,951,2026-08-20 02:00:02.494988,2026-08-20 22:59:34.58398,
notification-sweep,2026-08-20,failed,7,2026-08-20 00:15:00.000932,2026-08-20 23:15:00.000338,job startup timeout
notification-sweep,2026-08-20,succeeded,16,2026-08-20 02:15:00.230123,2026-08-20 17:15:00.464818,
pipeline_health_retention_sweep,2026-08-20,succeeded,1,2026-08-20 05:00:00.311504,2026-08-20 05:00:00.311504,
raw_fetch_logs_retention_sweep,2026-08-20,succeeded,1,2026-08-20 05:15:00.266473,2026-08-20 05:15:00.266473,
content-audit-nightly,2026-08-21,succeeded,1,2026-08-21 05:30:00.179667,2026-08-21 05:30:00.179667,
gd-morning-push,2026-08-21,succeeded,1,2026-08-21 10:00:00.525849,2026-08-21 10:00:00.525849,
goaldigger-archive-old-content,2026-08-21,succeeded,1,2026-08-21 08:00:00.281644,2026-08-21 08:00:00.281644,
goaldigger-cron-heartbeat-check,2026-08-21,failed,21,2026-08-21 00:00:00.000699,2026-08-21 23:30:00.000921,job startup timeout
goaldigger-cron-heartbeat-check,2026-08-21,succeeded,27,2026-08-21 02:30:00.310407,2026-08-21 15:30:00.230112,
goaldigger-daily-pipeline,2026-08-21,failed,5,2026-08-21 00:00:00.000699,2026-08-21 22:00:25.436753,job startup timeout
goaldigger-daily-pipeline,2026-08-21,succeeded,4,2026-08-21 08:00:00.286056,2026-08-21 14:00:00.719599,
goaldigger-matchday-reminder,2026-08-21,succeeded,1,2026-08-21 09:00:00.269458,2026-08-21 09:00:00.269458,
match-status-reaper,2026-08-21,succeeded,1,2026-08-21 07:00:00.335051,2026-08-21 07:00:00.335051,
match-watcher-1min,2026-08-21,failed,601,2026-08-21 00:00:00.000699,2026-08-21 23:59:54.462726,job startup timeout
match-watcher-1min,2026-08-21,succeeded,833,2026-08-21 01:13:47.665515,2026-08-21 23:51:33.853279,
notification-sweep,2026-08-21,failed,10,2026-08-21 00:15:00.000819,2026-08-21 23:15:00.00105,job startup timeout
notification-sweep,2026-08-21,succeeded,14,2026-08-21 02:15:00.350393,2026-08-21 15:15:00.335932,
pipeline_health_retention_sweep,2026-08-21,succeeded,1,2026-08-21 05:00:00.25083,2026-08-21 05:00:00.25083,
raw_fetch_logs_retention_sweep,2026-08-21,succeeded,1,2026-08-21 05:15:00.168069,2026-08-21 05:15:00.168069,
content-audit-nightly,2026-08-22,succeeded,1,2026-08-22 05:30:00.298444,2026-08-22 05:30:00.298444,
gd-morning-push,2026-08-22,succeeded,1,2026-08-22 10:00:00.325397,2026-08-22 10:00:00.325397,
goaldigger-archive-old-content,2026-08-22,succeeded,1,2026-08-22 08:00:00.24396,2026-08-22 08:00:00.24396,
goaldigger-cron-heartbeat-check,2026-08-22,failed,17,2026-08-22 00:00:09.16499,2026-08-22 23:30:00.000422,job startup timeout
goaldigger-cron-heartbeat-check,2026-08-22,succeeded,31,2026-08-22 02:00:06.892241,2026-08-22 19:00:54.103289,
goaldigger-daily-pipeline,2026-08-22,failed,4,2026-08-22 00:00:09.16499,2026-08-22 22:00:22.942278,job startup timeout
goaldigger-daily-pipeline,2026-08-22,succeeded,5,2026-08-22 08:00:00.235567,2026-08-22 16:00:00.36817,
goaldigger-matchday-reminder,2026-08-22,succeeded,1,2026-08-22 09:00:00.341367,2026-08-22 09:00:00.341367,
match-status-reaper,2026-08-22,succeeded,1,2026-08-22 07:00:00.252777,2026-08-22 07:00:00.252777,
match-watcher-1min,2026-08-22,failed,510,2026-08-22 00:00:13.5347,2026-08-22 23:59:00.000285,"ERROR:  canceling statement due to statement timeout
CONTEXT:  SQL statement ""insert into net.http_request_queue(method,"
match-watcher-1min,2026-08-22,succeeded,915,2026-08-22 00:19:05.774774,2026-08-22 23:54:49.948076,
notification-sweep,2026-08-22,failed,9,2026-08-22 00:15:00.000982,2026-08-22 23:17:30.859686,job startup timeout
notification-sweep,2026-08-22,succeeded,15,2026-08-22 02:15:00.455059,2026-08-22 16:15:00.323148,
pipeline_health_retention_sweep,2026-08-22,succeeded,1,2026-08-22 05:00:00.283609,2026-08-22 05:00:00.283609,
raw_fetch_logs_retention_sweep,2026-08-22,succeeded,1,2026-08-22 05:15:00.290159,2026-08-22 05:15:00.290159,
content-audit-nightly,2026-08-23,succeeded,1,2026-08-23 05:30:00.270557,2026-08-23 05:30:00.270557,
gd-morning-push,2026-08-23,succeeded,1,2026-08-23 10:00:00.36271,2026-08-23 10:00:00.36271,
goaldigger-archive-old-content,2026-08-23,succeeded,1,2026-08-23 08:00:00.328968,2026-08-23 08:00:00.328968,
goaldigger-cron-heartbeat-check,2026-08-23,failed,19,2026-08-23 00:00:00.000253,2026-08-23 23:30:00.000419,job startup timeout
goaldigger-cron-heartbeat-check,2026-08-23,succeeded,29,2026-08-23 01:30:04.479741,2026-08-23 16:00:00.222188,
goaldigger-daily-pipeline,2026-08-23,failed,4,2026-08-23 00:00:00.000253,2026-08-23 22:00:00.000791,job startup timeout
goaldigger-daily-pipeline,2026-08-23,succeeded,5,2026-08-23 08:00:00.324977,2026-08-23 16:00:00.222913,
goaldigger-matchday-reminder,2026-08-23,succeeded,1,2026-08-23 09:00:00.188343,2026-08-23 09:00:00.188343,
match-status-reaper,2026-08-23,succeeded,1,2026-08-23 07:00:00.222648,2026-08-23 07:00:00.222648,
match-watcher-1min,2026-08-23,failed,513,2026-08-23 00:00:00.000253,2026-08-23 23:59:00.000559,"ERROR:  canceling statement due to statement timeout
CONTEXT:  SQL statement ""select
        coalesce(array_agg(net._url"
match-watcher-1min,2026-08-23,succeeded,880,2026-08-23 00:18:31.54071,2026-08-23 23:29:04.69816,
notification-sweep,2026-08-23,failed,10,2026-08-23 00:15:00.000544,2026-08-23 23:15:03.444879,job startup timeout
notification-sweep,2026-08-23,succeeded,14,2026-08-23 02:15:00.254863,2026-08-23 15:15:00.338511,
pipeline_health_retention_sweep,2026-08-23,succeeded,1,2026-08-23 05:00:00.36481,2026-08-23 05:00:00.36481,
raw_fetch_logs_retention_sweep,2026-08-23,succeeded,1,2026-08-23 05:15:00.174592,2026-08-23 05:15:00.174592,
content-audit-nightly,2026-08-24,succeeded,1,2026-08-24 05:30:00.431485,2026-08-24 05:30:00.431485,
gd-morning-push,2026-08-24,succeeded,1,2026-08-24 10:00:00.550332,2026-08-24 10:00:00.550332,
goaldigger-archive-old-content,2026-08-24,succeeded,1,2026-08-24 08:00:00.404761,2026-08-24 08:00:00.404761,
goaldigger-cron-heartbeat-check,2026-08-24,failed,20,2026-08-24 00:00:00.000681,2026-08-24 23:30:15.54664,job startup timeout
goaldigger-cron-heartbeat-check,2026-08-24,succeeded,28,2026-08-24 02:00:03.537032,2026-08-24 15:30:00.163845,
goaldigger-daily-pipeline,2026-08-24,failed,5,2026-08-24 00:00:00.000681,2026-08-24 22:00:00.000378,job startup timeout
goaldigger-daily-pipeline,2026-08-24,succeeded,4,2026-08-24 08:00:00.406158,2026-08-24 14:00:00.313675,
goaldigger-matchday-reminder,2026-08-24,succeeded,1,2026-08-24 09:00:00.347571,2026-08-24 09:00:00.347571,
match-status-reaper,2026-08-24,succeeded,1,2026-08-24 07:00:00.395494,2026-08-24 07:00:00.395494,
match-watcher-1min,2026-08-24,failed,578,2026-08-24 00:00:00.000681,2026-08-24 23:59:05.755127,job startup timeout
match-watcher-1min,2026-08-24,succeeded,855,2026-08-24 01:05:16.575109,2026-08-24 23:48:09.613506,
notification-sweep,2026-08-24,failed,10,2026-08-24 00:15:00.000248,2026-08-24 23:15:00.000015,job startup timeout
notification-sweep,2026-08-24,succeeded,14,2026-08-24 02:15:00.308614,2026-08-24 15:15:00.23513,
pipeline_health_retention_sweep,2026-08-24,succeeded,1,2026-08-24 05:00:00.279444,2026-08-24 05:00:00.279444,
raw_fetch_logs_retention_sweep,2026-08-24,succeeded,1,2026-08-24 05:15:00.351332,2026-08-24 05:15:00.351332,
content-audit-nightly,2026-08-25,succeeded,1,2026-08-25 05:30:00.315821,2026-08-25 05:30:00.315821,
gd-morning-push,2026-08-25,succeeded,1,2026-08-25 10:00:00.502543,2026-08-25 10:00:00.502543,
goaldigger-archive-old-content,2026-08-25,succeeded,1,2026-08-25 08:00:00.399196,2026-08-25 08:00:00.399196,
goaldigger-cron-heartbeat-check,2026-08-25,failed,20,2026-08-25 00:00:00.000725,2026-08-25 23:01:40.240816,"ERROR:  canceling statement due to statement timeout
CONTEXT:  SQL statement ""SELECT MAX(created_at)                    "
goaldigger-cron-heartbeat-check,2026-08-25,succeeded,27,2026-08-25 02:00:04.249193,2026-08-25 15:00:00.433342,
goaldigger-daily-pipeline,2026-08-25,failed,5,2026-08-25 00:00:00.000725,2026-08-25 22:02:58.444632,job startup timeout
goaldigger-daily-pipeline,2026-08-25,succeeded,4,2026-08-25 08:00:00.397773,2026-08-25 14:00:00.316277,
goaldigger-matchday-reminder,2026-08-25,succeeded,1,2026-08-25 09:00:00.237395,2026-08-25 09:00:00.237395,
match-status-reaper,2026-08-25,succeeded,1,2026-08-25 07:00:00.361643,2026-08-25 07:00:00.361643,
match-watcher-1min,2026-08-25,failed,444,2026-08-25 00:00:00.000725,2026-08-25 23:57:48.393428,"ERROR:  canceling statement due to statement timeout
"
match-watcher-1min,2026-08-25,succeeded,847,2026-08-25 00:26:06.536544,2026-08-25 21:34:37.713941,
notification-sweep,2026-08-25,failed,8,2026-08-25 00:15:00.000991,2026-08-25 22:15:15.310639,job startup timeout
notification-sweep,2026-08-25,succeeded,14,2026-08-25 02:15:00.468662,2026-08-25 16:15:06.505021,
pipeline_health_retention_sweep,2026-08-25,succeeded,1,2026-08-25 05:00:00.225997,2026-08-25 05:00:00.225997,
raw_fetch_logs_retention_sweep,2026-08-25,succeeded,1,2026-08-25 05:15:00.229433,2026-08-25 05:15:00.229433,
content-audit-nightly,2026-08-26,succeeded,1,2026-08-26 05:30:00.291696,2026-08-26 05:30:00.291696,
gd-morning-push,2026-08-26,succeeded,1,2026-08-26 10:00:00.407592,2026-08-26 10:00:00.407592,
goaldigger-archive-old-content,2026-08-26,succeeded,1,2026-08-26 08:00:00.399569,2026-08-26 08:00:00.399569,
goaldigger-cron-heartbeat-check,2026-08-26,failed,24,2026-08-26 00:00:01.809279,2026-08-26 23:31:13.647352,"ERROR:  unrecognized format() type specifier "".""
HINT:  For a single ""%"" use ""%%"".
CONTEXT:  SQL statement ""INSERT INTO "
goaldigger-cron-heartbeat-check,2026-08-26,succeeded,22,2026-08-26 02:00:15.214739,2026-08-26 13:00:00.282515,
goaldigger-daily-pipeline,2026-08-26,failed,6,2026-08-26 00:00:01.809279,2026-08-26 22:02:23.424934,job startup timeout
goaldigger-daily-pipeline,2026-08-26,succeeded,3,2026-08-26 08:00:00.397294,2026-08-26 12:00:00.259147,
goaldigger-matchday-reminder,2026-08-26,succeeded,1,2026-08-26 09:00:00.360766,2026-08-26 09:00:00.360766,
match-status-reaper,2026-08-26,succeeded,1,2026-08-26 07:00:00.409902,2026-08-26 07:00:00.409902,
match-watcher-1min,2026-08-26,failed,604,2026-08-26 00:00:01.809279,2026-08-26 23:59:00.000882,"ERROR:  canceling statement due to statement timeout
CONTEXT:  SQL statement ""insert into net.http_request_queue(method,"
match-watcher-1min,2026-08-26,succeeded,843,2026-08-26 01:59:54.363196,2026-08-26 22:28:09.982338,
notification-sweep,2026-08-26,failed,12,2026-08-26 00:17:26.124242,2026-08-26 23:15:00.000337,job startup timeout
notification-sweep,2026-08-26,succeeded,11,2026-08-26 02:15:00.573666,2026-08-26 13:15:02.266268,
pipeline_health_retention_sweep,2026-08-26,succeeded,1,2026-08-26 05:00:00.310123,2026-08-26 05:00:00.310123,
raw_fetch_logs_retention_sweep,2026-08-26,succeeded,1,2026-08-26 05:15:00.84584,2026-08-26 05:15:00.84584,
content-audit-nightly,2026-08-27,succeeded,1,2026-08-27 05:30:00.294362,2026-08-27 05:30:00.294362,
gd-morning-push,2026-08-27,succeeded,1,2026-08-27 10:00:00.430362,2026-08-27 10:00:00.430362,
goaldigger-archive-old-content,2026-08-27,succeeded,1,2026-08-27 08:00:00.307278,2026-08-27 08:00:00.307278,
goaldigger-cron-heartbeat-check,2026-08-27,failed,17,2026-08-27 00:00:00.000368,2026-08-27 23:30:31.258677,job startup timeout
goaldigger-cron-heartbeat-check,2026-08-27,succeeded,31,2026-08-27 00:30:35.0173,2026-08-27 16:30:00.262584,
goaldigger-daily-pipeline,2026-08-27,failed,4,2026-08-27 00:00:00.000368,2026-08-27 22:00:02.607388,job startup timeout
goaldigger-daily-pipeline,2026-08-27,succeeded,5,2026-08-27 08:00:00.294769,2026-08-27 16:00:00.23249,
goaldigger-matchday-reminder,2026-08-27,succeeded,1,2026-08-27 09:00:00.324402,2026-08-27 09:00:00.324402,
match-status-reaper,2026-08-27,succeeded,1,2026-08-27 07:00:00.275319,2026-08-27 07:00:00.275319,
match-watcher-1min,2026-08-27,failed,528,2026-08-27 00:00:00.000368,2026-08-27 23:59:59.49607,job startup timeout
match-watcher-1min,2026-08-27,succeeded,905,2026-08-27 00:30:06.037062,2026-08-27 23:44:18.559413,
notification-sweep,2026-08-27,failed,9,2026-08-27 00:15:00.000983,2026-08-27 23:17:33.693651,job startup timeout
notification-sweep,2026-08-27,succeeded,15,2026-08-27 02:15:00.279482,2026-08-27 16:15:00.338143,
pipeline_health_retention_sweep,2026-08-27,succeeded,1,2026-08-27 05:00:00.332958,2026-08-27 05:00:00.332958,
raw_fetch_logs_retention_sweep,2026-08-27,succeeded,1,2026-08-27 05:15:00.398584,2026-08-27 05:15:00.398584,
content-audit-nightly,2026-08-28,succeeded,1,2026-08-28 05:30:00.19328,2026-08-28 05:30:00.19328,
gd-morning-push,2026-08-28,succeeded,1,2026-08-28 10:00:00.322484,2026-08-28 10:00:00.322484,
goaldigger-archive-old-content,2026-08-28,succeeded,1,2026-08-28 08:00:00.267399,2026-08-28 08:00:00.267399,
goaldigger-cron-heartbeat-check,2026-08-28,failed,18,2026-08-28 00:00:32.119558,2026-08-28 23:01:44.063529,"ERROR:  unrecognized format() type specifier "".""
HINT:  For a single ""%"" use ""%%"".
CONTEXT:  SQL statement ""INSERT INTO "
goaldigger-cron-heartbeat-check,2026-08-28,succeeded,24,2026-08-28 03:00:00.190519,2026-08-28 14:30:00.296541,
goaldigger-daily-pipeline,2026-08-28,failed,5,2026-08-28 00:00:32.119558,2026-08-28 22:01:16.315691,job startup timeout
goaldigger-daily-pipeline,2026-08-28,succeeded,4,2026-08-28 08:00:00.261553,2026-08-28 14:00:00.276787,
goaldigger-matchday-reminder,2026-08-28,succeeded,1,2026-08-28 09:00:00.217623,2026-08-28 09:00:00.217623,
match-status-reaper,2026-08-28,succeeded,1,2026-08-28 07:00:00.338179,2026-08-28 07:00:00.338179,
match-watcher-1min,2026-08-28,failed,316,2026-08-28 00:06:00.858496,2026-08-28 23:57:40.905666,"ERROR:  canceling statement due to statement timeout
"
match-watcher-1min,2026-08-28,succeeded,896,2026-08-28 02:00:34.430794,2026-08-28 22:50:05.260791,
notification-sweep,2026-08-28,failed,10,2026-08-28 00:15:13.817213,2026-08-28 23:15:33.817581,job startup timeout
notification-sweep,2026-08-28,succeeded,13,2026-08-28 02:15:00.228588,2026-08-28 14:15:01.671284,
pipeline_health_retention_sweep,2026-08-28,succeeded,1,2026-08-28 05:00:00.236911,2026-08-28 05:00:00.236911,
raw_fetch_logs_retention_sweep,2026-08-28,succeeded,1,2026-08-28 05:15:00.188333,2026-08-28 05:15:00.188333,
content-audit-nightly,2026-08-29,succeeded,1,2026-08-29 05:30:00.428215,2026-08-29 05:30:00.428215,
gd-morning-push,2026-08-29,succeeded,1,2026-08-29 10:00:00.230332,2026-08-29 10:00:00.230332,
goaldigger-archive-old-content,2026-08-29,succeeded,1,2026-08-29 08:00:00.210927,2026-08-29 08:00:00.210927,
goaldigger-cron-heartbeat-check,2026-08-29,failed,22,2026-08-29 00:00:02.827109,2026-08-29 23:30:52.314172,"ERROR:  unrecognized format() type specifier "".""
HINT:  For a single ""%"" use ""%%"".
CONTEXT:  SQL statement ""INSERT INTO "
goaldigger-cron-heartbeat-check,2026-08-29,succeeded,23,2026-08-29 02:00:07.582472,2026-08-29 13:30:00.232514,
goaldigger-daily-pipeline,2026-08-29,failed,6,2026-08-29 00:00:02.827109,2026-08-29 22:00:00.000186,job startup timeout
goaldigger-daily-pipeline,2026-08-29,succeeded,3,2026-08-29 08:00:00.211681,2026-08-29 12:00:00.32734,
goaldigger-matchday-reminder,2026-08-29,succeeded,1,2026-08-29 09:00:00.177188,2026-08-29 09:00:00.177188,
match-status-reaper,2026-08-29,succeeded,1,2026-08-29 07:00:00.17524,2026-08-29 07:00:00.17524,
match-watcher-1min,2026-08-29,failed,529,2026-08-29 00:11:11.763361,2026-08-29 23:59:54.77147,job startup timeout
match-watcher-1min,2026-08-29,succeeded,862,2026-08-29 00:11:44.882274,2026-08-29 23:56:18.497916,
notification-sweep,2026-08-29,failed,11,2026-08-29 00:15:00.00027,2026-08-29 23:16:27.115825,job startup timeout
notification-sweep,2026-08-29,succeeded,12,2026-08-29 02:15:00.264847,2026-08-29 13:15:00.287727,
pipeline_health_retention_sweep,2026-08-29,succeeded,1,2026-08-29 05:00:00.437854,2026-08-29 05:00:00.437854,
raw_fetch_logs_retention_sweep,2026-08-29,succeeded,1,2026-08-29 05:15:00.236919,2026-08-29 05:15:00.236919,
content-audit-nightly,2026-08-30,succeeded,1,2026-08-30 05:30:00.204416,2026-08-30 05:30:00.204416,
gd-morning-push,2026-08-30,succeeded,1,2026-08-30 10:00:06.134734,2026-08-30 10:00:06.134734,
goaldigger-archive-old-content,2026-08-30,failed,1,2026-08-30 08:00:00.000462,2026-08-30 08:00:00.000462,job startup timeout
goaldigger-cron-heartbeat-check,2026-08-30,failed,34,2026-08-30 00:00:00.000656,2026-08-30 16:31:04.608442,"ERROR:  canceling statement due to statement timeout
CONTEXT:  SQL statement ""WITH fire_outcomes AS (
        SELECT
   "
goaldigger-daily-pipeline,2026-08-30,failed,5,2026-08-30 00:00:00.000656,2026-08-30 16:00:00.000168,job startup timeout
goaldigger-daily-pipeline,2026-08-30,succeeded,1,2026-08-30 10:00:07.845457,2026-08-30 10:00:07.845457,
goaldigger-matchday-reminder,2026-08-30,failed,1,2026-08-30 09:00:18.552997,2026-08-30 09:00:18.552997,job startup timeout
match-status-reaper,2026-08-30,failed,1,2026-08-30 07:00:00.000257,2026-08-30 07:00:00.000257,job startup timeout
match-watcher-1min,2026-08-30,failed,590,2026-08-30 00:00:04.807809,2026-08-30 16:31:46.831665,"ERROR:  canceling statement due to statement timeout
"
match-watcher-1min,2026-08-30,succeeded,382,2026-08-30 02:01:56.482021,2026-08-30 16:32:06.232976,
notification-sweep,2026-08-30,failed,11,2026-08-30 01:15:22.137114,2026-08-30 16:15:07.415603,job startup timeout
notification-sweep,2026-08-30,succeeded,5,2026-08-30 02:15:00.240411,2026-08-30 06:15:02.810805,
pipeline_health_retention_sweep,2026-08-30,succeeded,1,2026-08-30 05:00:00.811634,2026-08-30 05:00:00.811634,
raw_fetch_logs_retention_sweep,2026-08-30,succeeded,1,2026-08-30 05:15:00.495181,2026-08-30 05:15:00.495181,
goaldigger-cron-heartbeat-check,2026-09-06,succeeded,1,2026-09-06 12:00:00.202707,2026-09-06 12:00:00.202707,
goaldigger-daily-pipeline,2026-09-06,succeeded,1,2026-09-06 12:00:00.203928,2026-09-06 12:00:00.203928,
match-watcher-1min,2026-09-06,failed,3,2026-09-06 11:47:00,2026-09-06 11:49:00.000262,job startup timeout
match-watcher-1min,2026-09-06,succeeded,14,2026-09-06 11:46:08.648435,2026-09-06 12:02:00.115966,
match-watcher-1min,,connecting,1,,,
