id,team_id,entity_type,type,pipeline_source,push_eligible,created_sthlm,pushed_sthlm,pushed_hour_sthlm,preview_fixture_id,match_id,consequence_type,fixture_kickoff_sthlm,pushed_min_after_kickoff,push_title,push_text
a3ba10f8-1f7f-40bb-8f1d-bb49cd9663e7,usa,country,news,routine,f,2026-06-11 08:36:11.758159,,,usa:2026-06-13:paraguay,,,,,USA's opener vs Paraguay,"June 13, at home. Paraguay are tough to break down. A win sets the tone."
1dc73291-dd4b-4a57-a961-edf5b44bf927,usa,country,news,routine,f,2026-06-11 08:36:11.758159,,,usa:group:overview,,,,,USA's group is set,"Group D: Paraguay, Australia, Türkiye. Three games to reach the last 32."
357cc7d5-704e-444f-8730-c8b6a448950f,usa,country,news,routine,f,2026-06-11 08:36:11.758159,,,usa:2026-06-26:türkiye,,,,,"USA vs Türkiye, the decider",June 26. Türkiye and Arda Güler are the group's classiest threat.
fed148ac-a47a-4f41-bf97-f4b3173a914b,usa,country,news,routine,f,2026-06-11 08:36:11.758159,,,usa:2026-06-19:australia,,,,,"USA vs Australia, game two","June 19, at home. Australia come in on a good run. Likely the swing game."
4a2ad0d5-08fe-4692-a352-729f1b68984d,england,country,news,routine,t,2026-06-11 08:45:59.692598,2026-06-11 08:46:02.711,08,,,,,,Crisis averted,"Tuchel says England are ""starting to click"" after a dominant warmup win. Good timing."
4435db4f-0e21-4ee2-9adf-c77b4f67d560,mexico,country,news,routine,t,2026-06-11 08:46:33.490014,2026-06-11 08:46:35.014,08,,,,,,This one lands at home,Mexico open the whole tournament at the Azteca. Aguirre called the pressure a 'privilege.'
4d4ad75a-ea3e-4f93-91f5-4d90f71904e2,mexico,country,news,routine,t,2026-06-11 08:47:10.509161,2026-06-11 08:47:12.014,08,,,,,,Write this name down,Mexico's 17-year-old Mora is tipped as the tournament's breakout star. Tell him the name.
1390f069-92c0-498c-a92c-8e9c2ce9a39c,norway,country,news,routine,t,2026-06-11 08:47:35.291347,2026-06-11 08:47:36.892,08,,,,,,The Liverpool reject,"Norway's Aasgaard: born in Liverpool, rejected by the Reds at 14. Now at the World Cup."
14f822be-e007-42de-8928-a1b94cbb3b0e,scotland,country,news,routine,t,2026-06-11 08:47:51.549103,2026-06-11 08:47:53.332,08,,,,,,He'll have thoughts on this,Wayne Rooney thinks Scotland can shock the world. His take is already out.
cc3e990f-eeb8-4ecf-8514-7bec2a095441,scotland,country,news,routine,t,2026-06-11 08:48:28.571023,2026-06-11 08:48:29.628,08,,,,,,Chaos before kickoff,Haiti had to bin their kit before Scotland's opener. War scene. FIFA said no.
aac3d295-9fa9-4429-9479-f7f7c2209108,south_africa,country,news,routine,t,2026-06-11 08:48:53.406619,2026-06-11 08:48:54.553,08,,,,,,He'll be moved by this,"South Africa's captain Williams plays the WC opener for his late brother. Mexico, today."
df42d6cd-559e-4dde-871b-5fbc3a7bcc9a,south_korea,country,news,routine,t,2026-06-11 08:49:14.558099,2026-06-11 08:49:15.619,08,,,,,,Giddy for a week,South Korea's Son says his fourth World Cup still feels like his first. Opener today.
f14b49f5-3e56-4bb2-bd9e-5067f7febb9f,south_korea,country,news,routine,t,2026-06-11 08:49:30.766644,2026-06-11 08:49:31.719,08,,,,,,He'll have a theory,South Korea haven't won a World Cup opener since 2010. Tonight's the test.
2ea53b98-543a-4b6b-bfee-4126505bf263,usa,country,news,routine,f,2026-06-11 08:50:32.189613,,,,,,,,Dressing room chat,USA midfielder Tillman did a Flaunt photoshoot. His teammates haven't let him forget it.
baad4ffe-e5b0-4132-bf72-923bae10fa3a,spain,country,news,routine,t,2026-06-11 08:51:40.202851,2026-06-11 08:51:42.588,08,,,,,,He'll have an opinion,Spain and France are the tournament's betting favorites. He's got a view on this.
3de7dfad-776f-4d1c-b59f-e17970700b6a,south_korea,country,news,edge_function,t,2026-06-11 23:05:07.763183,2026-06-11 23:15:04.94,23,,1489369,WC_RIVAL_RESULT,2026-06-11 21:00:00,135.0823333333333333,South Korea's group,Mexico beat South Africa 2-0 in South Korea's group.
ece3e876-9fff-4135-826e-b4770a0620ee,czech_republic,country,news,edge_function,t,2026-06-11 23:05:07.856796,2026-06-11 23:15:05.124,23,,1489369,WC_RIVAL_RESULT,2026-06-11 21:00:00,135.0854000000000000,Czech Republic's group,Mexico beat South Africa 2-0 in Czech Republic's group.
98015837-a66c-409e-8617-16ade2652de7,argentina,country,news,routine,t,2026-06-12 00:46:51.736792,2026-06-12 00:46:54.743,00,,,,,,He'll have clocked this,Argentina called up defender Senesi after Balerdi's injury. Roster change before game one.
43ae33b4-3448-40fd-9b37-bdc2e2141ffe,canada,country,news,routine,t,2026-06-12 00:47:30.461587,2026-06-12 00:47:31.786,00,,,,,,He'll have a theory on this,Canada's manager Marsch lost out on the USA coaching job. Now he's here to prove a point.
fdee0f57-d264-4c43-9930-8a5bb3941dda,egypt,country,news,routine,t,2026-06-12 00:48:00.609624,2026-06-12 00:48:02.372,00,,,,,,Interesting debut week,Barcelona signed Egypt World Cup striker Hamza Abdelkarim from Al Ahly for €1.5m today.
158066e5-52e9-4973-8605-cd4b53b37baf,england,country,news,routine,t,2026-06-12 00:48:32.841212,2026-06-12 00:48:34.356,00,,,,,,Tactical chat incoming,Kane's best season at Bayern came from dropping deep. Tuchel's taken notes for England.
548bf406-0d21-4d34-a9f8-9c9b1178a25e,england,country,news,routine,t,2026-06-12 00:48:54.49234,2026-06-12 00:48:56.075,00,,,,,,They needed a night out,England players organised a team dinner in Miami. Tuchel gave them the night off.
f449bd25-0e4a-48da-9339-bfbaf9955a28,mexico,country,matchday,edge_function,f,2026-06-12 00:49:02.96252,,,,1489369,,2026-06-11 21:00:00,,,
c1f1d28a-5be3-4d42-be2a-c467581a3ec6,south_africa,country,matchday,edge_function,f,2026-06-12 00:49:02.96252,,,,1489369,,2026-06-11 21:00:00,,,
c321e50b-1f5f-4112-aebf-f9b1be14cc63,germany,country,news,routine,t,2026-06-12 00:49:30.745736,2026-06-12 00:49:31.954,00,,,,,,"Good lads, actually",Germany's players are paying for 600 fans to travel to their group game. Proper gesture.
ef379b66-1c2e-41e0-9d73-02d9a8a548ac,japan,country,news,routine,t,2026-06-12 00:49:54.352756,2026-06-12 00:49:55.415,00,,,,,,Endo's curtain call,Japan's captain Endo is out injured and retiring from international football. Big loss.
3f5b375c-6b6e-4f28-b574-f823fe3cd289,mexico,country,news,routine,t,2026-06-12 00:50:46.354315,2026-06-12 00:50:48.895,00,,,,,,Stories incoming,Mexico beat South Africa 2-0 in the World Cup opener. Three red cards. Quinones first.
e588bce9-92cc-4e87-98dc-90a616296276,morocco,country,news,routine,t,2026-06-12 00:51:03.164545,2026-06-12 00:51:04.247,00,,,,,,Mild panic before Brazil,Morocco have lost two key players to injury ahead of their opener against Brazil.
fdf7cc98-f2e9-4f93-bc19-94c05ba1fec3,south_africa,country,news,routine,t,2026-06-12 00:51:28.651964,2026-06-12 00:51:30.512,00,,,,,,He'll take it personally,South Africa lost 0-2 to Mexico in the World Cup opener. Two players sent off.
ff028b49-578f-41c1-b5dc-1ea9d3592615,mexico,country,news,edge_function,t,2026-06-12 05:57:01.543952,2026-06-12 06:15:04.339,06,,1538999,WC_RIVAL_RESULT,2026-06-12 04:00:00,135.0723166666666667,Mexico's group,South Korea beat Czech Republic 2-1 in Mexico's group.
fef406b0-1e2e-4766-bb51-eb4def839c71,south_africa,country,news,edge_function,t,2026-06-12 05:57:01.663009,2026-06-12 06:15:05.242,06,,1538999,WC_RIVAL_RESULT,2026-06-12 04:00:00,135.0873666666666667,South Africa's group,South Korea beat Czech Republic 2-1 in South Africa's group.
1126a20a-d719-4065-b24d-6337061491ed,south_korea,country,matchday,edge_function,f,2026-06-12 05:57:01.833553,,,,1538999,,2026-06-12 04:00:00,,,
03507961-2964-4a20-bd9d-447fb2dd46de,czech_republic,country,matchday,edge_function,f,2026-06-12 05:57:01.9142,,,,1538999,,2026-06-12 04:00:00,,,
91acc2d7-e4bf-47cf-8a75-2602f07ef525,qatar,country,news,edge_function,t,2026-06-12 22:59:01.895241,2026-06-12 23:15:03.692,23,,1539000,WC_RIVAL_RESULT,2026-06-12 21:00:00,135.0615333333333333,Qatar's group,Bosnia & Herzegovina could only draw 1-1 at Canada in Qatar's group.
c333d3a2-8aad-4299-b392-922cc1d87be8,switzerland,country,news,edge_function,t,2026-06-12 22:59:01.970194,2026-06-12 23:15:03.824,23,,1539000,WC_RIVAL_RESULT,2026-06-12 21:00:00,135.0637333333333333,Switzerland's group,Bosnia & Herzegovina could only draw 1-1 at Canada in Switzerland's group.
e657819b-1116-4be5-a398-2e83d7e4a16f,canada,country,matchday,edge_function,f,2026-06-12 22:59:02.429286,,,,1539000,,2026-06-12 21:00:00,,,
e3c2cd77-a37b-4cae-a44e-6c3ee4863bae,bosnia_herzegovina,country,matchday,edge_function,f,2026-06-12 22:59:02.503273,,,,1539000,,2026-06-12 21:00:00,,,
3c8c2736-aea1-463f-814c-e01a6fcfc2f9,bosnia_herzegovina,country,news,routine,t,2026-06-13 00:47:20.191818,2026-06-13 00:47:22.684,00,,,,,,Could've been more,"Bosnia scored first through Lukic, but Canada equalized for a 1-1 draw."
b2ea12cb-1504-4aa5-9a61-d81f964cb38e,brazil,country,news,routine,t,2026-06-13 00:47:40.490452,2026-06-13 00:47:42.104,00,,,,,,He's smiling at his phone,Ancelotti calls his first WC game a 'beautiful moment.' Brazil play Morocco tomorrow.
3bb94100-72f7-4e67-b16d-95d8f3eea82b,canada,country,news,routine,t,2026-06-13 00:48:10.022629,2026-06-13 00:48:11.373,00,,,,,,Phone-his-dad moment,Canada's first ever World Cup point - Larin equalized for a 1-1 draw. Toronto erupted.
fa9a5b99-b58c-4a02-a3d7-2eb6e35ee9d8,england,country,news,routine,t,2026-06-13 00:48:25.750769,2026-06-13 00:48:27.446,00,,,,,,He'll have a whiteboard out,Bellingham starts for England vs Croatia next Wednesday. Guehi looks set for the bench.
d3d6d42e-7287-40ab-8140-8bf44fe5a6c0,england,country,news,routine,t,2026-06-13 00:48:51.49581,2026-06-13 00:48:52.701,00,,,,,,He'll have opinions,Pundit Richards says Tuchel's England squad is wrong. Palmer and Foden should be in.
2eec5f27-9730-4d74-ac32-74210bb1424c,france,country,news,routine,t,2026-06-13 00:49:08.258296,2026-06-13 00:49:09.567,00,,,,,,He'll quote this all week,Dembele says critics of France's Mbappe have gone 'too far.' He's defending his mate.
f76c2293-49b3-426f-a038-3eacc5b917ba,ghana,country,news,routine,t,2026-06-13 00:49:24.90383,2026-06-13 00:49:25.945,00,,,,,,He might need a minute,Ghana's key midfielder Partey was denied entry to Canada. He'll miss the opener vs Panama.
26183fe7-e1e9-40e5-9e60-33c3e8e82e7f,mexico,country,news,routine,t,2026-06-13 00:49:43.129903,2026-06-13 00:49:44.153,00,,,,,,He'll tear up at this,Jimenez scored for Mexico in their opener. BBC says he nearly died on a pitch before this.
b415ea55-5eaf-410b-a45a-3e3a3c52db68,morocco,country,news,routine,t,2026-06-13 00:49:59.68002,2026-06-13 00:50:00.746,00,,,,,,Tense one tomorrow,Hakimi says he's 'ready' to stop Vinicius in Morocco vs Brazil at MetLife tomorrow.
45c80005-f385-4ecb-a92a-fb18ef82466c,norway,country,news,routine,t,2026-06-13 00:50:13.845388,2026-06-13 00:50:15.032,00,,,,,,He's smiling at his phone,Haaland watched the Stanley Cup with Norway teammates before their World Cup debut.
be94d6a0-a615-49ad-ad48-59a63ae6f9a6,panama,country,news,routine,t,2026-06-13 00:50:28.444713,2026-06-13 00:50:29.48,00,,,,,,He'll have thoughts,Ghana midfielder Partey was denied entry to Canada. He'll miss the opener against Panama.
31a62e85-3754-4c1d-b7bf-482300020101,scotland,country,news,routine,t,2026-06-13 00:50:41.68025,2026-06-13 00:50:43.22,00,,,,,,Crisis averted,McTominay is fit for Scotland's opener against Haiti after a stomach bug this week.
99951656-10b7-4440-983a-d030d28ffc4c,south_korea,country,news,routine,t,2026-06-13 00:51:03.041679,2026-06-13 00:51:04.375,00,,,,,,Giddy for a week,South Korea won their World Cup opener - first time since 2010. He'll be thrilled.
71401903-ffe4-468a-a2dc-129619590214,australia,country,news,edge_function,t,2026-06-13 05:04:02.883792,2026-06-13 05:15:05.822,05,,1489370,WC_RIVAL_RESULT,2026-06-13 03:00:00,135.0970333333333333,Australia's group,USA beat Paraguay 4-1 in Australia's group.
97ea28a9-6e5b-45b5-9c9b-3732ec24e3da,turkiye,country,news,edge_function,t,2026-06-13 05:04:02.990814,2026-06-13 05:15:06.411,05,,1489370,WC_RIVAL_RESULT,2026-06-13 03:00:00,135.1068500000000000,Türkiye's group,USA beat Paraguay 4-1 in Türkiye's group.
f4c511d1-dc02-4a3f-9495-71afcf83848c,usa,country,matchday,edge_function,f,2026-06-13 05:04:03.137275,,,,1489370,,2026-06-13 03:00:00,,,
9e4751da-2a0c-4ac4-bc4f-2cab088210b4,paraguay,country,matchday,edge_function,f,2026-06-13 05:04:03.231857,,,,1489370,,2026-06-13 03:00:00,,,
9e524ba7-9755-4c1e-8a2e-d555aedd83d2,brazil,country,news,routine,t,2026-06-13 08:46:01.59474,2026-06-13 08:46:03.754,08,,,,,,He'll have theories,Neymar's out of Brazil's opener vs Morocco today. He'll have a whole analysis.
b73ef6c4-9da7-48d9-bc54-a03cc05ea520,england,country,news,routine,t,2026-06-13 08:46:19.402519,2026-06-13 08:46:20.702,08,,,,,,Someone's getting fired,England's training kit was stolen on the way to Kansas City today. Only in football.
590834a2-256a-4453-8ce7-69c242b69402,usa,country,news,routine,t,2026-06-13 08:47:10.257991,2026-06-13 08:47:11.779,08,,,,,,Giddy for a week,USA beat Paraguay 4-1. Balogun scored twice. He'll be flying tonight.
69d4a174-e52b-4881-80fb-eed59f00b736,canada,country,news,edge_function,t,2026-06-13 23:05:06.912456,2026-06-13 23:15:08.508,23,,1489373,WC_RIVAL_RESULT,2026-06-13 21:00:00,135.1418000000000000,Canada's group,Switzerland could only draw 1-1 at Qatar in Canada's group.
6415e474-7b30-4ad1-b189-261ff696ba9a,bosnia_herzegovina,country,news,edge_function,t,2026-06-13 23:05:07.036781,2026-06-13 23:15:08.675,23,,1489373,WC_RIVAL_RESULT,2026-06-13 21:00:00,135.1445833333333333,Bosnia & Herzegovina's group,Switzerland could only draw 1-1 at Qatar in Bosnia & Herzegovina's group.
a70040cb-4cb1-4f78-929a-8be2132395fb,qatar,country,matchday,edge_function,f,2026-06-13 23:05:07.230419,,,,1489373,,2026-06-13 21:00:00,,,
f88d47df-5044-455f-b5e1-de5c9c1c0d93,switzerland,country,matchday,edge_function,f,2026-06-13 23:05:07.368794,,,,1489373,,2026-06-13 21:00:00,,,
bc83bab7-afef-427e-a7ca-e19684f19e62,haiti,country,news,routine,t,2026-06-14 00:46:02.874628,2026-06-14 00:46:06.853,00,,,,,,He might tear up,Haiti at their first World Cup in 52 years. BBC says it's as much about hope as football.
4efa2fb6-840a-47dd-a721-daecb06ac18f,iran,country,news,routine,t,2026-06-14 00:46:20.681074,2026-06-14 00:46:22.215,00,,,,,,He'll have thoughts on this,"Iran have 11 World Cup staff banned from the USA. Four won visa appeals, 11 still out."
c9df9f3f-f000-47ba-9220-64d9a918914b,qatar,country,news,routine,t,2026-06-14 00:46:46.576623,2026-06-14 00:46:48.373,00,,,,,,T-shirt material,Qatar drew 1-1 with Switzerland. Khoukhi's header in stoppage time. First ever WC point.
785afb2d-1b5d-4d48-ac8a-c3743396b497,switzerland,country,news,routine,t,2026-06-14 00:47:04.980237,2026-06-14 00:47:06.092,00,,,,,,Twenty minutes of huffing,Switzerland led 1-0 but Qatar equalized in stoppage time. Final: 1-1. He'll need a minute.
81fa82ff-c9c0-487b-9e2c-051c2bd16ea0,haiti,country,news,edge_function,t,2026-06-14 02:11:02.809271,2026-06-14 03:15:02.753,03,,1489371,WC_RIVAL_RESULT,2026-06-14 00:00:00,195.0458833333333333,Haiti's group,Morocco could only draw 1-1 at Brazil in Haiti's group.
ff9d5c0e-f231-4cd3-aeb0-6b3edf4c0c33,scotland,country,news,edge_function,t,2026-06-14 02:11:02.916092,2026-06-14 03:15:02.989,03,,1489371,WC_RIVAL_RESULT,2026-06-14 00:00:00,195.0498166666666667,Scotland's group,Morocco could only draw 1-1 at Brazil in Scotland's group.
675c0f28-c13a-4068-ac68-9fd05374e81a,brazil,country,matchday,edge_function,f,2026-06-14 02:11:03.059311,,,,1489371,,2026-06-14 00:00:00,,,
4a747fcf-84ea-4414-8045-5d8ff2125ab8,morocco,country,matchday,edge_function,f,2026-06-14 02:11:03.131617,,,,1489371,,2026-06-14 00:00:00,,,
16eaa883-d89f-4624-bf43-2d57f061e53c,brazil,country,news,edge_function,t,2026-06-14 05:04:03.747962,2026-06-14 05:15:04.538,05,,1489372,WC_RIVAL_RESULT,2026-06-14 03:00:00,135.0756333333333333,Brazil's group,Scotland beat Haiti 1-0 in Brazil's group.
dcc0716b-73bd-40fd-a18d-849815b9e949,morocco,country,news,edge_function,t,2026-06-14 05:04:03.890777,2026-06-14 05:15:04.66,05,,1489372,WC_RIVAL_RESULT,2026-06-14 03:00:00,135.0776666666666667,Morocco's group,Scotland beat Haiti 1-0 in Morocco's group.
41e02aa0-289b-4cb6-a784-bbefb3eef473,haiti,country,matchday,edge_function,f,2026-06-14 05:04:04.077693,,,,1489372,,2026-06-14 03:00:00,,,
05a4d28e-c2f4-45f7-8cb9-a0bab9fa8cd3,scotland,country,matchday,edge_function,f,2026-06-14 05:04:04.518706,,,,1489372,,2026-06-14 03:00:00,,,
4f4a75f7-c674-4fc2-b2be-1159972c4537,usa,country,news,edge_function,t,2026-06-14 07:57:02.047943,2026-06-14 08:15:03.472,08,,1539001,WC_RIVAL_RESULT,2026-06-14 06:00:00,135.0578666666666667,USA's group,Australia beat Türkiye 2-0 in USA's group.
518ef281-7439-4095-b214-b14f9114ebe8,paraguay,country,news,edge_function,t,2026-06-14 07:57:02.179796,2026-06-14 08:15:03.605,08,,1539001,WC_RIVAL_RESULT,2026-06-14 06:00:00,135.0600833333333333,Paraguay's group,Australia beat Türkiye 2-0 in Paraguay's group.
58fded58-0033-4ba3-9650-88ebcc8a1068,australia,country,matchday,edge_function,f,2026-06-14 07:57:02.312655,,,,1539001,,2026-06-14 06:00:00,,,
767c6421-748b-4da0-b8e1-9d48f8eeacd0,turkiye,country,matchday,edge_function,f,2026-06-14 07:57:02.387741,,,,1539001,,2026-06-14 06:00:00,,,
dd59defc-f35d-4537-9547-b2a27a23f1e7,australia,country,news,routine,t,2026-06-14 08:44:19.753254,2026-06-14 08:44:22.241,08,,,,,,"Big result, that",Australia beat Turkey 2-0. Sharing the top of Group D with the USA already.
e1dba300-b679-4808-8adf-f4a77f76f3ed,brazil,country,news,routine,t,2026-06-14 08:45:07.374804,2026-06-14 08:45:08.538,08,,,,,,He will want to talk,Brazil drew 1-1 with Morocco. Vinicius Jr scored a wonder goal to save them.
bc491aa2-b231-4a31-9c7f-99cf9357ecdd,haiti,country,news,routine,t,2026-06-14 08:45:27.804856,2026-06-14 08:45:29.034,08,,,,,,He might be deflated,"Haiti lost 0-1 to Scotland. First World Cup game in 52 years, one goal apart."
a8ccb117-07d0-4d2b-802c-473702f30e5c,japan,country,news,routine,t,2026-06-14 08:45:47.428171,2026-06-14 08:45:49.823,08,,,,,,He will be watching,Japan's striker Ueda is set to lead the attack vs Netherlands today. No Endo.
8a06c424-80ac-42c7-be76-e03f94f3e5e3,morocco,country,news,routine,t,2026-06-14 08:46:07.234804,2026-06-14 08:46:08.543,08,,,,,,"Good result, that",Morocco held Brazil 1-1. Saibari scored first. A point against the five-time champions.
31b317fc-0aa2-45e2-a3b9-b1935ab353f0,netherlands,country,news,routine,t,2026-06-14 08:46:26.989458,2026-06-14 08:46:28.04,08,,,,,,He might relax now,Depay is fit and starts for the Netherlands vs Japan today. Verbruggen too.
4e6df601-cd9c-45ee-806b-137a29123ddf,paraguay,country,news,routine,t,2026-06-14 08:46:45.481273,2026-06-14 08:46:46.558,08,,,,,,He will be gutted,Paraguay lost 1-4 to the USA. Balogun scored twice for the co-hosts.
852f4d6f-74e4-44bd-aff8-82e40e3d77cd,scotland,country,news,routine,t,2026-06-14 08:47:25.745538,2026-06-14 08:47:27.273,08,,,,,,He will be emotional,Scotland beat Haiti 1-0. First World Cup win in 36 years. McGinn scored.
a89ea6a1-8a59-492d-aec4-fee36694bd6c,ivory_coast,country,news,edge_function,t,2026-06-14 21:00:06.003677,2026-06-14 21:15:06.636,21,,1489374,WC_RIVAL_RESULT,2026-06-14 19:00:00,135.1106000000000000,Ivory Coast's group,Germany beat Curaçao 7-1 in Ivory Coast's group.
bb485d1f-6276-4d7c-b07a-00450daf4e2b,ecuador,country,news,edge_function,t,2026-06-14 21:00:06.079248,2026-06-14 21:15:07.008,21,,1489374,WC_RIVAL_RESULT,2026-06-14 19:00:00,135.1168000000000000,Ecuador's group,Germany beat Curaçao 7-1 in Ecuador's group.
c1a24670-42f5-4812-b3a0-44ab254ae407,germany,country,matchday,edge_function,f,2026-06-14 21:00:06.211636,,,,1489374,,2026-06-14 19:00:00,,,
78b6a2ca-e2af-4af5-a001-6c81630f7524,curacao,country,matchday,edge_function,f,2026-06-14 21:00:06.289604,,,,1489374,,2026-06-14 19:00:00,,,
57d539ce-7b7a-4cbd-b05c-b6438970d585,sweden,country,news,edge_function,t,2026-06-14 23:56:04.963705,2026-06-15 00:15:56.291,00,,1489376,WC_RIVAL_RESULT,2026-06-14 22:00:00,135.9381833333333333,Sweden's group,Japan could only draw 2-2 at Netherlands in Sweden's group.
530a22e4-2381-4f8f-98ea-2f3d3a93e1b7,tunisia,country,news,edge_function,t,2026-06-14 23:56:05.095327,2026-06-15 00:15:56.641,00,,1489376,WC_RIVAL_RESULT,2026-06-14 22:00:00,135.9440166666666667,Tunisia's group,Japan could only draw 2-2 at Netherlands in Tunisia's group.
8a7d484e-362b-4b5d-abe6-586cea94ca3c,netherlands,country,matchday,edge_function,f,2026-06-14 23:56:05.299591,,,,1489376,,2026-06-14 22:00:00,,,
eefec7f9-6b94-49a0-8105-4cdee5d48ed7,japan,country,matchday,edge_function,f,2026-06-14 23:56:05.410814,,,,1489376,,2026-06-14 22:00:00,,,
bc2d7749-215e-469b-b77c-7c2b1b3c616c,argentina,country,news,routine,t,2026-06-15 00:46:48.503579,2026-06-15 00:46:51.413,00,,,,,,He has a take on this,"Argentina are the WC favourites, but back-to-back titles are rare. He will take a stance."
4e63522c-94cc-4820-b2cc-7c2ee48ab6fc,australia,country,news,routine,t,2026-06-15 00:47:07.781396,2026-06-15 00:47:09.605,00,,,,,,T-shirt material,Australia's Irankunda is their youngest WC scorer ever. Born a refugee in Tanzania.
0d2763d0-b7aa-4f3b-85d1-85ccb8b2d133,curacao,country,news,routine,t,2026-06-15 00:47:25.554822,2026-06-15 00:47:26.907,00,,,,,,Moment for the scrapbook,Curacao lost 7-1 to Germany but Comenencia scored their first-ever World Cup goal.
e6755a36-a188-4237-a662-c817585f9278,england,country,news,routine,t,2026-06-15 00:50:26.872784,2026-06-15 00:50:28.292,00,,,,,,Awkward one for Tuchel,England's WC ref on Wednesday was once called Grade E by Tuchel himself.
1130bf05-511b-4030-9de9-13768f1ca363,germany,country,news,routine,t,2026-06-15 00:50:38.63241,2026-06-15 00:50:39.812,00,,,,,,He'll be delighted,Germany beat Curacao 7-1. Havertz scored twice. He'll take that as a statement.
a901ff1a-72c6-4747-b649-4b3a90b87ec9,japan,country,news,routine,t,2026-06-15 00:52:17.67582,2026-06-15 00:52:19.257,00,,,,,,Late equaliser magic,Japan drew 2-2 with Netherlands. Kamada equalised late. He'll replay this one all night.
83f77d58-45e7-4c8d-8164-f3bbca1d927c,netherlands,country,news,routine,t,2026-06-15 00:53:54.773543,2026-06-15 00:53:57.003,00,,,,,,He will be a bit frustrated,Netherlands drew 2-2 with Japan. Summerville scored a sizzler but Japan equalised late.
449690e0-577e-49ef-89dc-1f41608b73e6,qatar,country,news,routine,t,2026-06-15 00:56:06.216947,2026-06-15 00:56:07.54,00,,,,,,FIFA has explaining to do,FIFA admitted a tech outage meant offside tech failed in Qatar vs Switzerland.
a49ef2a7-189c-46f1-9a68-3a4777ac2f09,scotland,country,news,routine,t,2026-06-15 00:56:21.819914,2026-06-15 00:56:22.889,00,,,,,,Scotland have a new star,Gannon-Doak was Scotland's standout vs Haiti. He wasn't born when they last played the WC.
e37645a2-1f52-4a1e-814d-5cebbf870332,spain,country,news,routine,t,2026-06-15 00:58:44.221442,2026-06-15 00:58:46.041,00,,,,,,He'll have an opinion on this,Spain boss confirmed Yamal is fit but will start on the bench vs Cape Verde tomorrow.
f7c02b38-486a-4a86-9e46-44614bb9c7a9,turkiye,country,news,routine,t,2026-06-15 00:58:56.945271,2026-06-15 00:58:58.021,00,,,,,,Twenty four years for this,Turkiye lost 0-2 to Australia in their first WC game in 24 years. He'll sit with this one.
d8f83119-69dc-451d-aa32-6850bc388641,germany,country,news,edge_function,t,2026-06-15 03:05:09.549901,2026-06-15 03:15:07.218,03,,1489375,WC_RIVAL_RESULT,2026-06-15 01:00:00,135.1203000000000000,Germany's group,Ivory Coast beat Ecuador 1-0 in Germany's group.
51ab00de-57f4-404e-b2d0-bf89260bde32,curacao,country,news,edge_function,t,2026-06-15 03:05:09.656445,2026-06-15 03:15:07.776,03,,1489375,WC_RIVAL_RESULT,2026-06-15 01:00:00,135.1296000000000000,Curaçao's group,Ivory Coast beat Ecuador 1-0 in Curaçao's group.
d66f805d-bd48-4129-a0ef-7db670f23a37,ivory_coast,country,matchday,edge_function,f,2026-06-15 03:05:09.859965,,,,1489375,,2026-06-15 01:00:00,,,
355a8147-2685-4a37-b5a2-d7a2155aaf11,ecuador,country,matchday,edge_function,f,2026-06-15 03:05:09.963678,,,,1489375,,2026-06-15 01:00:00,,,
dd24f193-2bfc-439d-bfb0-6f30ac332439,japan,country,news,edge_function,t,2026-06-15 05:58:05.353853,2026-06-15 06:15:07.43,06,,1539002,WC_RIVAL_RESULT,2026-06-15 04:00:00,135.1238333333333333,Japan's group,Sweden beat Tunisia 5-1 in Japan's group.
7153d094-f8df-43b6-973b-43506356869e,netherlands,country,news,edge_function,t,2026-06-15 05:58:05.541663,2026-06-15 06:15:07.7,06,,1539002,WC_RIVAL_RESULT,2026-06-15 04:00:00,135.1283333333333333,Netherlands's group,Sweden beat Tunisia 5-1 in Netherlands's group.
47e6dd17-8d75-49d2-920c-89272fe4e3fd,sweden,country,matchday,edge_function,f,2026-06-15 05:58:05.755069,,,,1539002,,2026-06-15 04:00:00,,,
ffc7b73d-be79-4e1a-bcb7-85da672793c9,tunisia,country,matchday,edge_function,f,2026-06-15 05:58:05.857868,,,,1539002,,2026-06-15 04:00:00,,,
e2630683-3a24-4809-aa65-5fba4b917037,ecuador,country,news,routine,t,2026-06-15 08:46:58.439075,2026-06-15 08:47:01.864,08,,,,,,Brutal one,"Ecuador lost 0-1 to Ivory Coast. Amad scored the winner in the 90th, right at the death."
300ffe8e-4a9e-4bd4-99ce-f59252c821c8,england,country,news,routine,t,2026-06-15 08:47:18.089517,2026-06-15 08:47:19.278,08,,,,,,He'll pick a side,"Henderson defended Bellingham from critics, called him England's World Cup 'X-factor.'"
9fa6e576-1360-49a8-aa57-d8f16ef1741c,ivory_coast,country,news,routine,t,2026-06-15 08:47:33.496244,2026-06-15 08:47:34.515,08,,,,,,Phone-his-dad moment,Ivory Coast beat Ecuador 1-0. Amad Diallo scored in the 90th minute in Philadelphia.
73836b9e-a18a-4b1d-96de-83ea56dc8d06,sweden,country,news,routine,t,2026-06-15 08:48:17.336315,2026-06-15 08:49:10.57,08,,,,,,Giddy for a week,Sweden put five past Tunisia. Gyokeres and Isak scored. He'll be walking on air.
2a1cbdda-e63c-4380-a03c-224c3a6849ae,tunisia,country,news,routine,t,2026-06-15 13:21:44.229364,2026-06-15 13:21:46.547,13,,,,,,He might need a hug,Tunisia lost 1-5 to Sweden. Comfort-food night.
78b5b749-679a-4552-8b50-4206f3fb86f7,saudi_arabia,country,news,edge_function,t,2026-06-15 19:57:03.872646,2026-06-15 20:15:03.56,20,,1489380,WC_RIVAL_RESULT,2026-06-15 18:00:00,135.0593333333333333,Saudi Arabia's group,Cape Verde Islands could only draw 0-0 at Spain in Saudi Arabia's group.
75a570e9-21c8-4e81-9a3f-525a6e6fc84a,uruguay,country,news,edge_function,t,2026-06-15 19:57:03.990757,2026-06-15 20:15:04.128,20,,1489380,WC_RIVAL_RESULT,2026-06-15 18:00:00,135.0688000000000000,Uruguay's group,Cape Verde Islands could only draw 0-0 at Spain in Uruguay's group.
e7038a24-a232-4517-bffa-73ede9e28990,spain,country,matchday,edge_function,f,2026-06-15 19:57:04.181489,,,,1489380,,2026-06-15 18:00:00,,,
87a0680d-e7a9-4ec7-8fe7-93d78f82e531,cape_verde,country,matchday,edge_function,f,2026-06-15 19:57:04.286977,,,,1489380,,2026-06-15 18:00:00,,,
e965cd93-27f7-45f0-bc5c-2ce0c1c27be3,iran,country,news,edge_function,t,2026-06-15 22:58:05.300443,2026-06-15 23:15:04.533,23,,1489377,WC_RIVAL_RESULT,2026-06-15 21:00:00,135.0755500000000000,Iran's group,Egypt could only draw 1-1 at Belgium in Iran's group.
2898d969-2080-406e-b4fd-9086825dda6b,new_zealand,country,news,edge_function,t,2026-06-15 22:58:05.447422,2026-06-15 23:15:04.658,23,,1489377,WC_RIVAL_RESULT,2026-06-15 21:00:00,135.0776333333333333,New Zealand's group,Egypt could only draw 1-1 at Belgium in New Zealand's group.
40ab8efb-8193-44ef-9965-752629de828a,belgium,country,matchday,edge_function,f,2026-06-15 22:58:05.679122,,,,1489377,,2026-06-15 21:00:00,,,
34e72d72-a99a-4959-93f4-3d3062c44941,egypt,country,matchday,edge_function,f,2026-06-15 22:58:05.794769,,,,1489377,,2026-06-15 21:00:00,,,
1d8b51ab-02ca-4471-bc5f-8dd0604076a2,belgium,country,news,routine,f,2026-06-16 00:39:29.772378,,,,,,,,He'll have thoughts,"Belgium drew 1-1 with Egypt. Lukaku off the bench, equaliser in 22 seconds."
53d3c254-661b-407e-8328-9f9a8661f4ac,cape_verde,country,news,routine,f,2026-06-16 00:41:06.260703,,,,,,,,T-shirt material,Cape Verde held Spain 0-0 in their World Cup debut. Their goalkeeper is 40 and went viral.
9a12b595-e1c1-4787-9e92-34dfb225f4ea,egypt,country,news,routine,t,2026-06-16 00:43:30.645354,2026-06-16 00:43:32.389,00,,,,,,He'll be gutted,Egypt led Belgium and nearly got their first ever World Cup win. 22 seconds ended it.
22b6b6e7-11bf-4147-a15b-750d02588673,england,country,news,routine,t,2026-06-16 00:43:50.339304,2026-06-16 00:43:53.592,00,,,,,,He'll be relieved,Saka says he's ready for England's opener vs Croatia on Wednesday. Fitness concerns aside.
bc8f9c0d-13ef-4448-bf31-b020b0605bfd,france,country,news,routine,t,2026-06-16 00:44:04.771088,2026-06-16 00:44:06.236,00,,,,,,Whiteboard material,Mbappe vows to step up his defensive work. France vs Senegal is tomorrow.
51103adc-19fb-4d91-b03e-1bd60130d2d9,scotland,country,news,routine,t,2026-06-16 00:47:22.705031,2026-06-16 00:47:24.327,00,,,,,,Glowing,Steve Clarke doing cartwheels at breakfast. Scotland camp is buzzing ahead of Morocco.
afdb18a2-cc6f-4c17-8448-f28be6d7333c,spain,country,news,routine,f,2026-06-16 00:47:47.772622,,,,,,,,Twenty minutes of huffing,"Spain drew 0-0 with Cape Verde in their WC opener. European champions, zero goals."
c31608ad-8c74-4326-b15a-c56bce75350b,spain,country,news,edge_function,t,2026-06-16 02:06:04.685213,2026-06-16 02:15:06.578,02,,1489379,WC_RIVAL_RESULT,2026-06-16 00:00:00,135.1096333333333333,Spain's group,Uruguay could only draw 1-1 at Saudi Arabia in Spain's group.
89694445-e586-4070-9d8a-b64972e3cb23,cape_verde,country,news,edge_function,t,2026-06-16 02:06:04.822978,2026-06-16 02:15:07.049,02,,1489379,WC_RIVAL_RESULT,2026-06-16 00:00:00,135.1174833333333333,Cape Verde Islands's group,Uruguay could only draw 1-1 at Saudi Arabia in Cape Verde Islands's group.
2b0f7670-1497-4bd7-b2f1-4bad75c2e957,saudi_arabia,country,matchday,edge_function,f,2026-06-16 02:06:05.007298,,,,1489379,,2026-06-16 00:00:00,,,
becc45ce-5186-4f7a-ac3e-da77522a4fa6,uruguay,country,matchday,edge_function,f,2026-06-16 02:06:05.157096,,,,1489379,,2026-06-16 00:00:00,,,
5c507375-ba7b-439c-bdfb-bba1054eabc8,belgium,country,news,edge_function,t,2026-06-16 05:04:03.172035,2026-06-16 05:15:02.85,05,,1489378,WC_RIVAL_RESULT,2026-06-16 03:00:00,135.0475000000000000,Belgium's group,New Zealand could only draw 2-2 at Iran in Belgium's group.
d91c1422-4590-45e0-b6f1-4266d69dfd2f,egypt,country,news,edge_function,t,2026-06-16 05:04:03.284973,2026-06-16 05:15:02.964,05,,1489378,WC_RIVAL_RESULT,2026-06-16 03:00:00,135.0494000000000000,Egypt's group,New Zealand could only draw 2-2 at Iran in Egypt's group.
6bbac27f-8ac7-4721-a4ad-e651e908fc86,iran,country,matchday,edge_function,f,2026-06-16 05:04:03.432861,,,,1489378,,2026-06-16 03:00:00,,,
2883e740-772d-417b-945d-89e7a90b08f5,new_zealand,country,matchday,edge_function,f,2026-06-16 05:04:03.549938,,,,1489378,,2026-06-16 03:00:00,,,
a934081a-b3e3-41d1-bb96-237bf50ef0a8,france,country,news,routine,t,2026-06-16 08:49:50.117261,2026-06-16 08:49:52.738,08,,,,,,Tense one tonight,France face Senegal at 7pm. Giroud says Kante is still key for France.
69e99c7e-9e7d-4524-84bc-6682fd886471,iran,country,news,routine,f,2026-06-16 08:50:09.629474,,,,,,,,Came from behind twice,Iran drew 2-2 with New Zealand. They trailed twice and levelled twice. Open group.
d566486e-6f1a-40f3-b1bf-63ada5078201,new_zealand,country,news,routine,f,2026-06-16 08:50:23.429402,,,,,,,,"So close, twice",New Zealand drew 2-2 with Iran. Forward Just scored twice but Iran came back twice.
558e1926-ab68-4adc-9f0a-f590d3f7cd5d,saudi_arabia,country,news,routine,f,2026-06-16 08:50:38.795796,,,,,,,,Held the champions,"Saudi Arabia drew 1-1 with Uruguay. Led at half-time, held firm. Not a bad evening."
7b0ba109-b84b-4b56-8f9b-65d979f4d425,scotland,country,news,routine,t,2026-06-16 08:50:55.756928,2026-06-16 08:50:57.056,08,,,,,,Tense one on Friday,Scotland face Morocco on Friday night. Top of Group C. He'll have it in the diary.
509d3129-f66d-4d22-930e-9466d307f5da,uruguay,country,news,routine,f,2026-06-16 08:51:17.976458,,,,,,,,"Fell behind, hit back",Uruguay drew 1-1 with Saudi Arabia. They were relentless. Still only one point.
7b9bcce7-f653-49f8-9193-bd09593ba23f,portugal,country,news,edge_function,f,2026-06-16 21:41:34.943532,,,,buildup-1781715600000,,,,,
efc84bbc-3517-4d67-8a70-ec8a5ccd4f4d,iraq,country,news,edge_function,f,2026-06-16 21:41:35.094363,,,,buildup-1781647200000,,,,,
e28d5583-abbb-486b-af8f-7ce03e976a73,argentina,country,news,edge_function,f,2026-06-16 21:41:35.20262,,,,buildup-1781658000000,,,,,
743ca5c3-4a64-465b-946a-6a9a977cae38,norway,country,news,edge_function,f,2026-06-16 21:41:35.322337,,,,buildup-1781647200000,,,,,
785aa45b-62de-4aec-b96c-a98aa76b620e,austria,country,news,edge_function,f,2026-06-16 21:41:35.429017,,,,buildup-1781668800000,,,,,
16979cc3-c8ae-4c78-a3e5-600ed837df9c,congo_dr,country,news,edge_function,f,2026-06-16 21:41:35.543722,,,,buildup-1781715600000,,,,,
d1a249ae-2849-4351-bdac-e38ff6241cd2,algeria,country,news,edge_function,f,2026-06-16 21:41:35.659605,,,,buildup-1781658000000,,,,,
164cf6b2-d96e-4f63-b3a2-c9caf241186c,iraq,country,news,edge_function,t,2026-06-16 23:05:03.222987,2026-06-16 23:15:02.863,23,,1489383,WC_RIVAL_RESULT,2026-06-16 21:00:00,135.0477166666666667,Iraq's group,France beat Senegal 3-1 in Iraq's group.
57e09e32-fe0d-492c-882b-ebc153fa2973,norway,country,news,edge_function,t,2026-06-16 23:05:03.362659,2026-06-16 23:15:02.999,23,,1489383,WC_RIVAL_RESULT,2026-06-16 21:00:00,135.0499833333333333,Norway's group,France beat Senegal 3-1 in Norway's group.
44bf4fd1-7f0f-4716-be2b-2919886b6a42,france,country,matchday,edge_function,f,2026-06-16 23:05:03.576908,,,,1489383,,2026-06-16 21:00:00,,,
265893c9-3706-4ade-8aad-e280f27f4459,senegal,country,matchday,edge_function,f,2026-06-16 23:05:03.724047,,,,1489383,,2026-06-16 21:00:00,,,
4eecbf11-9f6c-4ee1-8694-d7a20ecab738,algeria,country,news,routine,t,2026-06-17 00:55:44.536435,2026-06-17 00:55:47.11,00,,,,,,He will smile at this,A Kansas city has gone full Algeria for the World Cup. Local love story.
0a599351-dd2e-454d-9ec7-0a84a1b95afd,cape_verde,country,news,routine,t,2026-06-17 00:56:27.481884,2026-06-17 00:56:28.571,00,,,,,,"Quiet respect, incoming",Cape Verde held Spain 0-0 and Scotland are now copying their homework for Morocco.
dee11615-181f-4595-b89a-9ecc96b98f62,england,country,news,routine,t,2026-06-17 00:59:18.102636,2026-06-17 00:59:19.853,00,,,,,,Last-minute swap,Livramento's calf rules him out of the whole tournament. Chalobah's in.
7a648a65-6bfb-4994-97ab-4d8f4f97a44e,england,country,news,routine,t,2026-06-17 00:59:20.924558,2026-06-17 00:59:21.773,00,,,,,,He'll have thoughts,"England's Tuchel has a performance clause baked into his deal. Results count, officially."
778ca292-3e8b-44e2-bc53-4c67e12eab48,france,country,news,routine,f,2026-06-17 00:59:25.104786,,,,,,,,T-shirt material,Mbappe scored twice to become France's all-time record scorer. France beat Senegal 3-1.
2793f20c-9abc-4470-905f-4429930cfcc4,ghana,country,news,routine,t,2026-06-17 00:59:26.067332,2026-06-17 00:59:27.071,00,,,,,,He'll be gutted,Ghana's star midfielder Partey won't play the opener. Visa denied after appeal.
ccef2c0a-237b-488f-a52e-4730b52874d3,iraq,country,news,routine,t,2026-06-17 00:59:40.821603,2026-06-17 00:59:42.128,00,,,,,,He'll want to Google him,Iraq's Zidane Iqbal becomes the first player of Pakistani heritage at a men's World Cup.
1259b1c7-8afb-4d01-810f-7d5a9af0773c,jordan,country,news,routine,t,2026-06-17 00:59:42.494669,2026-06-17 00:59:43.501,00,,,,,,He'll find this sweet,"Jordan play Argentina on June 27. For a small nation, their own World Cup final."
7f00b1ec-faa0-4846-b5d1-6aa0cdf40521,netherlands,country,news,routine,t,2026-06-17 00:59:46.598643,2026-06-17 00:59:47.604,00,,,,,,He'll want to discuss,Netherlands World Cup defender Van Hecke moves to Spurs for £52m. Deal agreed.
197b8ce7-e205-438a-94f7-c6d2bf81a1d0,new_zealand,country,news,routine,t,2026-06-17 01:00:01.154034,2026-06-17 01:00:03.389,01,,,,,,He'll want to Google him,Just scored twice for NZ vs Iran. Six months ago he was in the Austrian second tier.
13a7d51b-15e0-4d10-816f-85f9c54fca27,saudi_arabia,country,news,routine,t,2026-06-17 01:00:06.58873,2026-06-17 01:00:07.611,01,,,,,,He'll have a take,Saudi held Uruguay 1-1. Now: is all that Saudi Pro League money actually working?
d29e844a-a795-46b9-bc0e-2f9bfbc2a5c7,senegal,country,news,routine,f,2026-06-17 01:00:08.190719,,,,,,,,He might need a hug,Senegal lost 3-1 to France in their opener. Mbappe broke a record doing it. Tough night.
8dc9b022-7cd6-48c5-b6c7-de2bf0fa6202,tunisia,country,news,routine,t,2026-06-17 01:00:11.802792,2026-06-17 01:00:13.719,01,,,,,,One game. Gone.,Tunisia sacked their manager after one World Cup loss. Herve Renard takes over.
3ad8171e-58d5-4427-88ec-a33e89402ac1,uruguay,country,news,routine,t,2026-06-17 01:00:14.392102,2026-06-17 01:00:15.83,01,,,,,,Bielsa quote of the year,Uruguay's Bielsa refused to do the World Cup photoshoot. Said he's 'not a model'.
ae8e6dde-6c5b-4d08-a3fd-7f4afd21dbcf,france,country,news,edge_function,t,2026-06-17 02:05:05.13207,2026-06-17 02:15:02.726,02,,1539016,WC_RIVAL_RESULT,2026-06-17 00:00:00,135.0454333333333333,France's group,Norway beat Iraq 4-1 in France's group.
7103607c-407e-4bad-be15-15d3fce03331,senegal,country,news,edge_function,t,2026-06-17 02:05:05.264851,2026-06-17 02:15:02.997,02,,1539016,WC_RIVAL_RESULT,2026-06-17 00:00:00,135.0499500000000000,Senegal's group,Norway beat Iraq 4-1 in Senegal's group.
0e26215f-ac54-4935-aeae-df0c0abc694d,iraq,country,matchday,edge_function,f,2026-06-17 02:05:05.59261,,,,1539016,,2026-06-17 00:00:00,,,
4f909769-38cc-4352-be4e-09d371c325c3,norway,country,matchday,edge_function,f,2026-06-17 02:05:05.722639,,,,1539016,,2026-06-17 00:00:00,,,
5c8a81cf-c44e-493a-80ef-ffcbc46bdf0b,austria,country,news,edge_function,t,2026-06-17 05:01:05.684205,2026-06-17 05:15:12.372,05,,1489381,WC_RIVAL_RESULT,2026-06-17 03:00:00,135.2062000000000000,Austria's group,Argentina beat Algeria 3-0 in Austria's group.
369c2436-a21c-4d1f-8986-28850717b392,jordan,country,news,edge_function,t,2026-06-17 05:01:05.863902,2026-06-17 05:15:12.841,05,,1489381,WC_RIVAL_RESULT,2026-06-17 03:00:00,135.2140166666666667,Jordan's group,Argentina beat Algeria 3-0 in Jordan's group.
df077545-c420-4a52-8850-8a7e4746a091,argentina,country,matchday,edge_function,f,2026-06-17 05:01:06.123656,,,,1489381,,2026-06-17 03:00:00,,,
0dadfbc5-d2c9-4f42-9513-cba03560be1f,algeria,country,matchday,edge_function,f,2026-06-17 05:01:06.221637,,,,1489381,,2026-06-17 03:00:00,,,
235b2270-627c-48ac-840a-c6b0409d1bf6,argentina,country,news,edge_function,t,2026-06-17 08:09:03.492201,2026-06-17 08:15:03.442,08,,1489382,WC_RIVAL_RESULT,2026-06-17 06:00:00,135.0573666666666667,Argentina's group,Austria beat Jordan 3-1 in Argentina's group.
b4bf9f69-8c62-4597-a3a9-39ca8774a00b,algeria,country,news,edge_function,t,2026-06-17 08:09:03.631685,2026-06-17 08:15:03.626,08,,1489382,WC_RIVAL_RESULT,2026-06-17 06:00:00,135.0604333333333333,Algeria's group,Austria beat Jordan 3-1 in Algeria's group.
e7a111ec-8cef-4480-be8b-377eb79e4a74,austria,country,matchday,edge_function,f,2026-06-17 08:09:03.869669,,,,1489382,,2026-06-17 06:00:00,,,
cb3aaf81-d8b6-418e-b7d0-e6930b2362b0,jordan,country,matchday,edge_function,f,2026-06-17 08:09:03.982478,,,,1489382,,2026-06-17 06:00:00,,,
471d1f32-fb52-40d9-800e-870fa09b2387,algeria,country,news,routine,f,2026-06-17 08:40:07.781652,,,,,,,,He might need a hug,Algeria lost 3-0 to Argentina. Messi hat-trick in the World Cup opener.
4dfa2681-8ad7-41e1-86c0-dbb76aef9ed6,argentina,country,news,routine,f,2026-06-17 08:41:02.94569,,,,,,,,Phone-his-dad moment,Argentina beat Algeria 3-0. Messi hat-trick opens the World Cup defence.
78757eb2-a59e-4fae-9213-36026b60ad11,england,country,news,routine,t,2026-06-17 08:46:33.968872,2026-06-17 08:46:35.916,08,,,,,,He might have opinions,Barcelona passed on their £26m option to buy Rashford. His future is up in the air.
70d42d3e-0124-4c85-8b37-3d234fe153b6,france,country,news,routine,t,2026-06-17 08:48:17.276843,2026-06-17 08:48:19.227,08,,,,,,He'll rewind this one,The VAR call that denied Mbappe a penalty v Senegal has baffled referee experts.
c633944b-b2b2-4c11-9b98-e445e2cf0453,iraq,country,news,routine,f,2026-06-17 08:51:08.13348,,,,,,,,He might need a hug,Iraq lost 1-4 to Norway. Their scorer Aymen Hussein has a story worth knowing.
4f067318-9b44-4ec0-9a13-05b3a658aac4,norway,country,news,routine,f,2026-06-17 08:54:16.195454,,,,,,,,Giddy for a week,Norway beat Iraq 4-1. Haaland scored twice on his World Cup debut. He'll be buzzing.
6a5c450c-5c4d-4351-89de-a2b93ddbbb50,portugal,country,news,routine,t,2026-06-17 08:55:59.21281,2026-06-17 08:56:01.6,08,,,,,,He'll be watching,Portugal play Congo DR today. Their set-piece coach helped Aston Villa win in Europe.
f3706eda-7fa8-4639-9531-e453a002fb60,scotland,country,news,routine,t,2026-06-17 08:57:33.66742,2026-06-17 08:57:35.424,08,,,,,,He might have opinions,Scotland's striker Dykes doesn't score much. But Scotland win when he does.
4f90bd82-bde8-4e6f-838b-8a03a152dd78,panama,country,news,edge_function,f,2026-06-17 09:00:18.860648,,,,buildup-1781737200000,,,,,
dd168e1a-70f4-4f29-bfd6-bbcb39c7cc43,uzbekistan,country,news,edge_function,f,2026-06-17 09:00:18.963688,,,,buildup-1781748000000,,,,,
b0063a5d-c8d4-474a-a725-65f2d29dacc6,croatia,country,news,edge_function,f,2026-06-17 09:00:19.169208,,,,buildup-1781726400000,,,,,
f588d183-6996-47d8-a7b4-2def6a5284cb,colombia,country,news,edge_function,f,2026-06-17 09:00:19.263426,,,,buildup-1781748000000,,,,,
4712688e-1718-4583-9495-72474c92ebb8,england,country,news,edge_function,f,2026-06-17 09:00:19.372252,,,,buildup-1781726400000,,,,,
80cac853-198d-440b-8e60-3aa506f8674a,ghana,country,news,edge_function,f,2026-06-17 09:00:19.449886,,,,buildup-1781737200000,,,,,
b3029c4e-620a-4707-ae1a-c61e9125eba4,uzbekistan,country,news,edge_function,t,2026-06-17 21:00:11.571153,2026-06-17 21:15:06.005,21,,1539003,WC_RIVAL_RESULT,2026-06-17 19:00:00,135.1000833333333333,Uzbekistan's group,Congo DR could only draw 1-1 at Portugal in Uzbekistan's group.
84b7d137-c1ff-4d11-9e10-6541e1e9d7da,colombia,country,news,edge_function,t,2026-06-17 21:00:11.72328,2026-06-17 21:15:06.135,21,,1539003,WC_RIVAL_RESULT,2026-06-17 19:00:00,135.1022500000000000,Colombia's group,Congo DR could only draw 1-1 at Portugal in Colombia's group.
f73ce48c-6801-4ee4-8e7b-94c9bdd4bc9a,portugal,country,matchday,edge_function,f,2026-06-17 21:00:11.927663,,,,1539003,,2026-06-17 19:00:00,,,
b7193c8e-2625-411c-9775-6e0ef879c5eb,congo_dr,country,matchday,edge_function,f,2026-06-17 21:00:12.02882,,,,1539003,,2026-06-17 19:00:00,,,
a6872d77-a185-499f-b97f-81119b0bf5a8,ghana,country,news,edge_function,t,2026-06-18 00:01:03.202377,2026-06-18 00:15:03.614,00,,1489384,WC_RIVAL_RESULT,2026-06-17 22:00:00,135.0602333333333333,Ghana's group,England beat Croatia 4-2 in Ghana's group.
c76b76fd-37fc-4c46-b0d2-306e3f7ffd8a,panama,country,news,edge_function,t,2026-06-18 00:01:03.390923,2026-06-18 00:15:03.803,00,,1489384,WC_RIVAL_RESULT,2026-06-17 22:00:00,135.0633833333333333,Panama's group,England beat Croatia 4-2 in Panama's group.
639d4caf-76ed-4602-aab3-1ef895c785ac,england,country,matchday,edge_function,f,2026-06-18 00:01:03.668725,,,,1489384,,2026-06-17 22:00:00,,,
cf984d4c-1440-47be-87c4-d55c78cd1b26,croatia,country,matchday,edge_function,f,2026-06-18 00:01:03.843715,,,,1489384,,2026-06-17 22:00:00,,,
a648f8f8-a40d-4090-9432-d74d2a1e28c3,argentina,country,news,routine,t,2026-06-18 00:45:25.492472,2026-06-18 00:45:27.826,00,,,,,,He will want answers,Messi cried mid-match. Said it had nothing to do with football. He will not explain.
e8b2dc78-a71d-4970-85e9-a9a0b6271e59,austria,country,news,routine,f,2026-06-18 00:45:51.662718,,,,,,,,Solid start,Austria beat Jordan 3-1 in their World Cup opener. Arnautovic scored a penalty.
9bdeb54b-c832-4046-b44b-54d9e616e9f2,cape_verde,country,news,routine,t,2026-06-18 00:46:12.583569,2026-06-18 00:46:14.392,00,,,,,,This is sweet,Vozinha went viral at the World Cup. Now his mum has a visa and is flying over to watch.
5d501e79-3627-4c51-959f-90e3555c8220,croatia,country,news,routine,f,2026-06-18 00:46:33.209584,,,,,,,,Give him a minute,Croatia lost 4-2 to England. Were level twice. England pulled away in the second half.
033afb6b-606d-4b39-a8e2-3e2fd3257035,england,country,news,routine,f,2026-06-18 00:47:06.697239,,,,,,,,Stories incoming,"England beat Croatia 4-2. Kane twice, Bellingham, Rashford. He will narrate every goal."
e4afa1db-80ef-4f79-9861-b3a120b728d7,portugal,country,news,routine,f,2026-06-18 00:48:02.65744,,,,,,,,He will have thoughts,Portugal drew 1-1 with DR Congo. Ronaldo struggled. Messi scored three on the same night.
ce3ffd8e-30ad-4641-9bfa-e4e573e51aca,uzbekistan,country,news,routine,t,2026-06-18 00:48:33.463237,2026-06-18 00:48:35.22,00,,,,,,History tonight,Uzbekistan play their first World Cup game tonight. First Central Asian nation ever here.
825ee1c5-5b2a-4f27-b273-b4feb7446864,jordan,country,news,routine,f,2026-06-18 00:50:49.595983,,,,,,,,Tough debut,Jordan lost their first World Cup game 3-1 to Austria. They scored and gave it a real go.
5c558654-5c5f-4f6c-b927-ffdb5888d637,england,country,news,edge_function,t,2026-06-18 03:06:03.464176,2026-06-18 03:15:09.691,03,,1489385,WC_RIVAL_RESULT,2026-06-18 01:00:00,135.1615166666666667,England's group,Ghana beat Panama 1-0 in England's group.
e267e99d-4822-48cb-9d7a-d0ed23a1ee6f,croatia,country,news,edge_function,t,2026-06-18 03:06:03.588784,2026-06-18 03:15:09.944,03,,1489385,WC_RIVAL_RESULT,2026-06-18 01:00:00,135.1657333333333333,Croatia's group,Ghana beat Panama 1-0 in Croatia's group.
2c44fa77-5ded-4ceb-8a50-a0af9af798a0,ghana,country,matchday,edge_function,f,2026-06-18 03:06:03.805741,,,,1489385,,2026-06-18 01:00:00,,,
e07242c2-6a66-4be1-8062-9436257f63a1,panama,country,matchday,edge_function,f,2026-06-18 03:06:03.891161,,,,1489385,,2026-06-18 01:00:00,,,
e82a1f37-f210-48f1-a484-c81cba6b65d5,congo_dr,country,news,edge_function,t,2026-06-18 06:03:03.790717,2026-06-18 06:15:06.52,06,,1489386,WC_RIVAL_RESULT,2026-06-18 04:00:00,135.1086666666666667,Congo DR's group,Colombia beat Uzbekistan 3-1 in Congo DR's group.
15c1923f-64fb-46fc-8c15-ecf1e93c0693,portugal,country,news,edge_function,t,2026-06-18 06:03:03.989696,2026-06-18 06:15:06.765,06,,1489386,WC_RIVAL_RESULT,2026-06-18 04:00:00,135.1127500000000000,Portugal's group,Colombia beat Uzbekistan 3-1 in Portugal's group.
beb87716-11d6-4075-90fe-dd7d54596a1f,uzbekistan,country,matchday,edge_function,f,2026-06-18 06:03:04.966912,,,,1489386,,2026-06-18 04:00:00,,,
dca5cd74-82f2-4503-b37a-6ef6699dc3cb,colombia,country,matchday,edge_function,f,2026-06-18 06:03:05.110099,,,,1489386,,2026-06-18 04:00:00,,,
c86aa502-23b7-405f-b85d-18ca198765f4,brazil,country,news,routine,t,2026-06-18 08:55:57.874754,2026-06-18 08:56:00.809,08,,,,,,He'll want to discuss this,Brazil drew 1-1 with Morocco. Vinicius Jr scored one of round one's best goals.
8214cdc0-7d99-4ddc-9c69-923b4c1112e7,colombia,country,news,routine,f,2026-06-18 08:56:14.491538,,,,,,,,He'll be tracking this,Colombia beat debutants Uzbekistan 3-1. Diaz scored. Winning return to the World Cup.
f2cfa8ae-5ba7-43fb-9c78-5dcab22eabe9,congo_dr,country,news,routine,f,2026-06-18 08:56:33.823869,,,,,,,,He'll have plenty to say,DR Congo held Portugal 1-1 from behind. A surprise result. Ronaldo struggled.
ee076cb5-a4ec-473e-9648-4cee188d66c4,england,country,news,routine,f,2026-06-18 08:56:49.062322,,,,,,,,He'll be talking about this,"Tuchel told his team at half-time: 'If we lose, we lose in our way.' England won 4-2."
673d0567-857c-471b-88b5-0854cd08440c,ghana,country,news,routine,f,2026-06-18 08:57:05.653713,,,,,,,,Giddy for a week,Ghana beat Panama 1-0. Caleb Yirenkyi scored in the 95th minute. He'll love this.
9c45ada0-5770-4b91-af20-5d7f015b4e1a,panama,country,news,routine,t,2026-06-18 08:57:45.047203,2026-06-18 08:57:46.537,08,,,,,,Brutal one,Panama were 90 minutes from their first World Cup point. Ghana scored in the 95th.
08a7a7a2-b85d-466b-89c2-c9df0bca04ed,scotland,country,news,routine,f,2026-06-18 08:58:02.191681,,,,,,,,This is wholesome,"Scotland's Ryan Christie made his WC debut. Playing on the same stage as Messi, he said."
6bd32058-ab8b-4f5d-8ec0-b3622994d969,south_korea,country,news,routine,t,2026-06-18 08:58:23.191911,2026-06-18 08:58:24.514,08,,,,,,He'll have theories,A drone was downed near South Korea's training base before Friday's match vs Mexico.
8716cae1-a895-41b2-b12e-642d9af8e38e,uzbekistan,country,news,routine,f,2026-06-18 08:58:50.79473,,,,,,,,He'll know this name,Fayzullaev scored Uzbekistan's first WC goal vs Colombia. They lost 3-1. Still historic.
a028ab1d-4049-44d6-b1ff-95bb7bc53517,bosnia_herzegovina,country,news,edge_function,f,2026-06-18 09:00:31.269605,,,,buildup-1781809200000,,,,,
52afab20-65dd-431e-8d6a-5e3b0bb2eb52,switzerland,country,news,edge_function,f,2026-06-18 09:00:31.357833,,,,buildup-1781809200000,,,,,
aa5a2009-4559-4cfd-9e2c-b44cbd062667,south_africa,country,news,edge_function,f,2026-06-18 09:00:31.432505,,,,buildup-1781798400000,,,,,
2e960f1e-5083-4756-af2b-dfa4e4a64f39,mexico,country,news,edge_function,f,2026-06-18 09:00:32.232426,,,,buildup-1781830800000,,,,,
376f7723-7aaa-42d8-86a7-64a243f14eaf,south_korea,country,news,edge_function,f,2026-06-18 09:00:32.294335,,,,buildup-1781830800000,,,,,
5aecf01a-4a20-4c24-bcec-2533c95b4e9e,czech_republic,country,news,edge_function,f,2026-06-18 09:00:32.676558,,,,buildup-1781798400000,,,,,
a7745bfe-fd42-40d9-80ae-9a5eec22464d,canada,country,news,edge_function,f,2026-06-18 09:00:32.814149,,,,buildup-1781820000000,,,,,
0ae04597-bda5-4c0a-968e-146ba3e20616,mexico,country,news,edge_function,t,2026-06-18 19:59:03.095104,2026-06-18 20:15:03.877,20,,1539004,WC_RIVAL_RESULT,2026-06-18 18:00:00,135.0646166666666667,Mexico's group,South Africa could only draw 1-1 at Czechia in Mexico's group.
040abdba-492e-466c-a0a4-343a82a82545,south_korea,country,news,edge_function,t,2026-06-18 19:59:03.237294,2026-06-18 20:15:04.121,20,,1539004,WC_RIVAL_RESULT,2026-06-18 18:00:00,135.0686833333333333,South Korea's group,South Africa could only draw 1-1 at Czechia in South Korea's group.
41f37327-56f7-4ad1-8371-952862d7d138,czech_republic,country,matchday,edge_function,f,2026-06-18 19:59:03.465316,,,,1539004,,2026-06-18 18:00:00,,,
a5b9dcf3-f7a0-4fc0-bfe4-06733193e8fb,south_africa,country,matchday,edge_function,f,2026-06-18 19:59:03.576641,,,,1539004,,2026-06-18 18:00:00,,,
f4ab1061-7d02-4c87-b11c-3e85ec15520d,canada,country,news,edge_function,t,2026-06-18 22:58:04.444167,2026-06-18 23:15:05.162,23,,1539005,WC_RIVAL_RESULT,2026-06-18 21:00:00,135.0860333333333333,Canada's group,Switzerland beat Bosnia & Herzegovina 4-1 in Canada's group.
fc10be08-31ca-4046-aa46-f701d3572710,qatar,country,news,edge_function,t,2026-06-18 22:58:04.604937,2026-06-18 23:15:05.385,23,,1539005,WC_RIVAL_RESULT,2026-06-18 21:00:00,135.0897500000000000,Qatar's group,Switzerland beat Bosnia & Herzegovina 4-1 in Qatar's group.
b01566a5-36b4-46de-b02e-5bad6f1e065c,switzerland,country,matchday,edge_function,f,2026-06-18 22:58:04.870572,,,,1539005,,2026-06-18 21:00:00,,,
a84728f6-8d02-4ef1-8959-abcd9583d766,bosnia_herzegovina,country,matchday,edge_function,f,2026-06-18 22:58:05.019901,,,,1539005,,2026-06-18 21:00:00,,,
75f861eb-e0eb-41c7-84aa-852a2c582350,bosnia_herzegovina,country,news,routine,f,2026-06-19 00:44:48.934051,,,,,,,,He'll need the sofa,Bosnia lost 4-1 to Switzerland. A sub scored twice late. They need Qatar now.
92ad0a27-42f0-44dd-bd84-517883d94b21,czech_republic,country,news,routine,f,2026-06-19 00:45:45.101315,,,,,,,,Twenty minutes of huffing,Czech Republic drew 1-1 with South Africa. A late penalty took it. One point from two.
01fa6904-8bb4-44a7-a62b-3973a6ed838c,england,country,news,routine,t,2026-06-19 00:46:09.940126,2026-06-19 00:46:13.053,00,,,,,,Crisis averted,Rice should be fit for England's Ghana game despite back pain. Good news.
10d1cc31-6cb1-46ea-b983-9e930ee9fd15,ivory_coast,country,news,routine,t,2026-06-19 00:46:36.692095,2026-06-19 00:46:37.924,00,,,,,,Crisis averted,Ivory Coast's Wahi was denied entry to Canada. It's sorted. He'll play.
def0171b-b35e-448c-8570-2781013becac,japan,country,news,routine,t,2026-06-19 00:47:09.768088,2026-06-19 00:47:10.922,00,,,,,,He'll have strong opinions,Dutch pundit Van der Vaart said Japan players 'all look alike' on TV. He's apologised.
87a0ecaf-28db-4b38-8d21-4a7097f0089b,new_zealand,country,news,routine,t,2026-06-19 00:47:53.324491,2026-06-19 00:47:55.712,00,,,,,,T-shirt material,New Zealand's Tyler and Jenny Bindon are the first mother-son pair to play at a World Cup.
8906148a-59bf-47c0-b6ff-cfebd9efb7d4,south_africa,country,news,routine,f,2026-06-19 00:48:29.062981,,,,,,,,Giddy for a week,South Africa drew 1-1 with Czech Republic. Late penalty. Still alive.
a35481d6-7245-4096-abca-0fb1ec38b533,switzerland,country,news,routine,f,2026-06-19 00:49:05.57951,,,,,,,,Stories incoming,Switzerland beat Bosnia 4-1. Sub Manzambi scored twice late on. He'll want to discuss.
4c7caf9f-b4c6-4a50-b515-76d96298f8da,switzerland,country,news,edge_function,t,2026-06-19 02:03:04.023188,2026-06-19 02:15:08.371,02,,1489387,WC_RIVAL_RESULT,2026-06-19 00:00:00,135.1395166666666667,Switzerland's group,Canada beat Qatar 6-0 in Switzerland's group.
ddd52188-8cf7-445a-9b6b-b661705d3d74,bosnia_herzegovina,country,news,edge_function,t,2026-06-19 02:03:04.173427,2026-06-19 02:15:09.079,02,,1489387,WC_RIVAL_RESULT,2026-06-19 00:00:00,135.1513166666666667,Bosnia & Herzegovina's group,Canada beat Qatar 6-0 in Bosnia & Herzegovina's group.
e3f19d62-379b-4cb2-9600-51c095391f4b,canada,country,matchday,edge_function,f,2026-06-19 02:03:04.422462,,,,1489387,,2026-06-19 00:00:00,,,
5986394a-8e1d-492a-a7bc-6e025994d02a,qatar,country,matchday,edge_function,f,2026-06-19 02:03:04.526571,,,,1489387,,2026-06-19 00:00:00,,,
3cd32e54-5de5-41a0-8d7c-010e85d55d5f,czech_republic,country,news,edge_function,t,2026-06-19 04:57:03.129253,2026-06-19 05:15:11.223,05,,1489388,WC_RIVAL_RESULT,2026-06-19 03:00:00,135.1870500000000000,Czech Republic's group,Mexico beat South Korea 1-0 in Czech Republic's group.
f257ccb1-8e8a-43b1-b544-6d573018f525,south_africa,country,news,edge_function,t,2026-06-19 04:57:03.257927,2026-06-19 05:15:12.302,05,,1489388,WC_RIVAL_RESULT,2026-06-19 03:00:00,135.2050333333333333,South Africa's group,Mexico beat South Korea 1-0 in South Africa's group.
6d50d192-3932-44de-9966-4e98b1147f4a,mexico,country,matchday,edge_function,f,2026-06-19 04:57:03.424932,,,,1489388,,2026-06-19 03:00:00,,,
75449180-51b5-4224-9356-42c9fa5c360a,south_korea,country,matchday,edge_function,f,2026-06-19 04:57:03.503779,,,,1489388,,2026-06-19 03:00:00,,,
739db1b2-59d1-4f94-a04c-2741b76745e7,canada,country,news,routine,f,2026-06-19 08:49:02.985243,,,,,,,,Phone-his-dad moment,"Canada won their first World Cup match ever, beating Qatar 6-0. But Kone got hurt badly."
2890cf07-d75a-4f0f-9507-241e1c2d6ef7,qatar,country,news,routine,f,2026-06-19 08:49:21.223007,,,,,,,,Quiet and chips,Qatar lost 6-0 to Canada after two red cards left them nine men on the pitch.
c67b3956-2efb-435b-b333-1994405b95b1,england,country,news,routine,t,2026-06-19 08:49:40.544395,2026-06-19 08:49:43.317,08,,,,,,T-shirt material,"Kane's at 10 WC goals, level with Lineker. Gary just called him England's greatest ever."
59989d68-c791-4df0-82cf-f0efb0a6c8dd,france,country,news,routine,t,2026-06-19 08:49:57.738934,2026-06-19 08:49:59.018,08,,,,,,He'll have opinions,France's Giroud says Mbappe isn't as arrogant as people think. He'll have thoughts.
3203852a-4c1c-471a-8573-77b89a15b202,scotland,country,news,routine,f,2026-06-19 08:50:12.858737,,,,,,,,Stories incoming,Scotland's McGinn explained the personal story behind his famous goggles celebration.
fd79eb23-df6a-4600-8411-fb3c51b83573,brazil,country,news,edge_function,f,2026-06-19 09:00:58.275321,,,,buildup-1781915400000,,,,,
7df6a49e-7ab4-49e5-bcc5-3235abf1816d,australia,country,news,edge_function,f,2026-06-19 09:00:58.439079,,,,buildup-1781895600000,,,,,
7c57a21c-0950-4eb0-890e-ac5686473cc1,morocco,country,news,edge_function,f,2026-06-19 09:00:58.573445,,,,buildup-1781906400000,,,,,
b6389017-05b4-48b9-bfba-d6abe6afa1ca,scotland,country,news,edge_function,f,2026-06-19 09:00:58.695646,,,,buildup-1781906400000,,,,,
0d42e24b-678f-4a83-99f7-91cc88eadc32,turkiye,country,news,edge_function,f,2026-06-19 09:00:58.774355,,,,buildup-1781924400000,,,,,
3f8eae0f-89a1-4219-9e5b-db04170b48e5,haiti,country,news,edge_function,f,2026-06-19 09:00:58.858807,,,,buildup-1781915400000,,,,,
b83c9f68-cbe3-4bf5-a554-0578a18ac02a,usa,country,news,edge_function,f,2026-06-19 09:00:58.929488,,,,buildup-1781895600000,,,,,
134b3c12-031f-42d6-8d21-98e9991fb317,turkiye,country,news,edge_function,t,2026-06-19 23:05:06.356363,2026-06-19 23:15:03.954,23,,1489391,WC_RIVAL_RESULT,2026-06-19 21:00:00,135.0659000000000000,Türkiye's group,USA beat Australia 2-0 in Türkiye's group.
e730b54a-7328-4503-95ac-ea9016139a10,paraguay,country,news,edge_function,t,2026-06-19 23:05:06.515401,2026-06-19 23:15:04.213,23,,1489391,WC_RIVAL_RESULT,2026-06-19 21:00:00,135.0702166666666667,Paraguay's group,USA beat Australia 2-0 in Paraguay's group.
92c319f8-dc29-4ad7-9ef0-ad13e9727287,usa,country,matchday,edge_function,f,2026-06-19 23:05:07.097757,,,,1489391,,2026-06-19 21:00:00,,,
4c9f5d18-bec1-40e7-915a-09fde8332844,australia,country,matchday,edge_function,f,2026-06-19 23:05:07.207592,,,,1489391,,2026-06-19 21:00:00,,,
2ded5e9e-69fb-4532-ad0a-4d148e56668f,australia,country,news,routine,f,2026-06-20 00:50:43.330131,,,,,,,,He'll be a bit gutted,Australia lost 2-0 to the USA in Seattle. Still second in the group. Paraguay on June 26.
4f4bcea1-9c74-4f05-9b6b-cbf961dcad91,australia,country,news,routine,t,2026-06-20 00:50:58.918852,2026-06-20 00:51:00.955,00,,,,,,He's going to love this,Australia's Bos is officially the fastest player at the 2026 World Cup. Blistering.
f7d45c9b-e0eb-4db7-bf8a-f5e3ebde2dea,canada,country,news,routine,t,2026-06-20 00:51:23.700552,2026-06-20 00:51:24.899,00,,,,,,He's going to be moved,Kone had surgery on a broken leg. He thanked Canada's fans and team-mates. Heartfelt.
df9daace-8207-425d-b011-9fd726eb9fcb,canada,country,news,routine,f,2026-06-20 00:51:43.126758,,,,,,,,He might have thoughts,Jonathan David is being linked with PL clubs after his hat-trick. Nothing confirmed yet.
0590810d-232b-4194-8532-7e765b59d713,england,country,news,routine,t,2026-06-20 00:52:14.13391,2026-06-20 00:52:17.162,00,,,,,,He'll be on edge,Saka is unlikely to start England's World Cup match against Ghana on Tuesday. Big call.
f15be421-13ff-4583-8ee8-d5e0fd1b2330,england,country,news,routine,t,2026-06-20 00:52:29.862857,2026-06-20 00:52:31.045,00,,,,,,He'll clock this,Ivan Toney scored a hat-trick for England in a practice friendly. Ghana on Tuesday.
a89f3131-46f0-47c1-a9cc-6e1f0fb05558,ghana,country,news,routine,t,2026-06-20 00:52:45.8855,2026-06-20 00:52:47.322,00,,,,,,He'll like this one,England's Saka is unlikely to start against Ghana on Tuesday. Ghana's big chance.
202b0e98-03f0-4351-b5b5-beb3d54d317c,iran,country,news,routine,t,2026-06-20 00:53:00.685328,2026-06-20 00:53:01.778,00,,,,,,Off the pitch,Iran are filing an official complaint to Fifa about travel restrictions at the World Cup.
476e41f8-9734-4443-ab2a-39691364ef99,morocco,country,news,routine,t,2026-06-20 00:53:24.333932,2026-06-20 00:53:25.387,00,,,,,,Morocco found their new star,Ayyoub Bouaddi chose Morocco over France. He is the name to know at this World Cup.
31b57aee-c872-4a12-834d-f5b42c80a43c,tunisia,country,news,routine,t,2026-06-20 00:53:49.165344,2026-06-20 00:53:50.739,00,,,,,,"New boss, big task",Tunisia appointed Herve Renard. Two-time Africa Cup winner. Japan on Sunday.
2c4d1c5d-1bdc-46af-9463-6ec93776ee91,usa,country,news,routine,f,2026-06-20 00:54:08.252848,,,,,,,,He'll be calling people,USA beat Australia 2-0. Balogun scored twice on debut. One step closer to the last 32.
2e023351-19aa-474b-a66c-4ec85154500a,switzerland,country,news,routine,f,2026-06-20 00:55:14.738625,,,,,,,,He might have thoughts,Switzerland midfielder Manzambi is linked with Premier League clubs. Nothing confirmed.
53d11373-8f58-4926-8238-ef049d93bdfd,brazil,country,news,edge_function,t,2026-06-20 02:00:31.629552,2026-06-20 02:15:04.962,02,,1489390,WC_RIVAL_RESULT,2026-06-20 00:00:00,135.0827000000000000,Brazil's group,Morocco beat Scotland 1-0 in Brazil's group.
7c7cb79f-f0d5-4527-8faf-372a119d530d,haiti,country,news,edge_function,t,2026-06-20 02:00:31.773513,2026-06-20 02:15:05.198,02,,1489390,WC_RIVAL_RESULT,2026-06-20 00:00:00,135.0866333333333333,Haiti's group,Morocco beat Scotland 1-0 in Haiti's group.
89098d35-fb21-4d4e-a865-248661eb69f4,scotland,country,matchday,edge_function,f,2026-06-20 02:00:32.024065,,,,1489390,,2026-06-20 00:00:00,,,
fb1630b5-93d5-42bf-a9d4-f3532b8d9d2a,morocco,country,matchday,edge_function,f,2026-06-20 02:00:32.138806,,,,1489390,,2026-06-20 00:00:00,,,
33b7ad8d-d707-468f-b616-367c4cf35d55,scotland,country,news,edge_function,t,2026-06-20 04:32:07.197617,2026-06-20 05:15:08.878,05,,1489389,WC_RIVAL_RESULT,2026-06-20 02:30:00,165.1479666666666667,Scotland's group,Brazil beat Haiti 3-0 in Scotland's group.
3ed0d050-c60a-4f81-8a7b-086a3aa97b20,morocco,country,news,edge_function,t,2026-06-20 04:32:07.4534,2026-06-20 05:15:13.744,05,,1489389,WC_RIVAL_RESULT,2026-06-20 02:30:00,165.2290666666666667,Morocco's group,Brazil beat Haiti 3-0 in Morocco's group.
fcce4d36-1717-40a1-841d-615c594187bd,brazil,country,matchday,edge_function,f,2026-06-20 04:32:07.957025,,,,1489389,,2026-06-20 02:30:00,,,
c43c0dd1-e5ab-45de-bd0a-3ef81ff212a3,haiti,country,matchday,edge_function,f,2026-06-20 04:32:08.067879,,,,1489389,,2026-06-20 02:30:00,,,
8b8d75d9-681e-444f-baf0-b40489cbe186,usa,country,news,edge_function,t,2026-06-20 07:07:02.460456,2026-06-20 07:15:05.195,07,,1539006,WC_RIVAL_RESULT,2026-06-20 05:00:00,135.0865833333333333,USA's group,Paraguay beat Türkiye 1-0 in USA's group.
9ca8aebb-bfdc-4882-b5c2-a6be36db4d05,australia,country,news,edge_function,t,2026-06-20 07:07:02.610322,2026-06-20 07:15:05.699,07,,1539006,WC_RIVAL_RESULT,2026-06-20 05:00:00,135.0949833333333333,Australia's group,Paraguay beat Türkiye 1-0 in Australia's group.
6ff8bd4d-1e75-46c2-9949-22b033800ea0,turkiye,country,matchday,edge_function,f,2026-06-20 07:07:02.790664,,,,1539006,,2026-06-20 05:00:00,,,
afebe97e-5811-41dc-92b8-be60a869f053,paraguay,country,matchday,edge_function,f,2026-06-20 07:07:02.876144,,,,1539006,,2026-06-20 05:00:00,,,
17be096d-a3d9-40bd-b937-dcac66db3c90,brazil,country,news,routine,f,2026-06-20 08:40:34.643701,,,,,,,,He will have opinions,"Brazil beat Haiti 3-0. Cunha scored twice. Through, but not looking like winners yet."
fc6e613a-d218-4491-94be-eb17b53a319f,haiti,country,news,routine,f,2026-06-20 08:44:35.045422,,,,,,,,He might need a hug,Haiti lost 3-0 to Brazil and are the first team knocked out of the World Cup.
72662db3-dfd4-4b27-a1f2-bce5c1563d03,morocco,country,news,routine,f,2026-06-20 08:46:57.475552,,,,,,,,Stories incoming,Morocco beat Scotland 1-0. Saibari scored in 71 seconds. Scotland want two penalties.
fa4b9d3b-1ce7-41c8-8dbd-500cb250b3e0,paraguay,country,news,routine,f,2026-06-20 08:48:34.544722,,,,,,,,He will love this one,Paraguay beat Turkey 1-0 with 10 men. Almiron got a red card for covering his mouth.
336a6ad7-9ce1-418a-9576-f3ed7e8c810f,scotland,country,news,routine,f,2026-06-20 08:50:05.661458,,,,,,,,Give him a minute,Scotland lost 1-0 to Morocco. Still in it but need results to go their way.
788ced75-83b6-478c-9d38-63d9b9acd30f,turkiye,country,news,routine,f,2026-06-20 08:52:09.283914,,,,,,,,Brutal one,Turkey are out. Lost 1-0 to 10-man Paraguay last night. The tournament is over.
8208259d-d58c-4e5e-99d5-ed0ca659a012,usa,country,news,routine,t,2026-06-20 08:53:31.212271,2026-06-20 08:53:34.57,08,,,,,,He will have context,One of the USA's World Cup squad is the son of a Super Bowl-winning NFL star.
4689d460-4237-49e1-8578-22ba5f4b3caf,sweden,country,news,edge_function,f,2026-06-20 09:00:05.025703,,,,buildup-1781974800000,,,,,
25554e08-ac2f-4c59-aa9e-68ddcf80a1f8,japan,country,news,edge_function,f,2026-06-20 09:00:06.184364,,,,buildup-1782014400000,,,,,
65a41702-628a-42d2-8322-d0258ce5d2ce,tunisia,country,news,edge_function,f,2026-06-20 09:00:06.27163,,,,buildup-1782014400000,,,,,
f45df382-3407-4531-be18-50328d4d5a7d,netherlands,country,news,edge_function,f,2026-06-20 09:00:06.414795,,,,buildup-1781974800000,,,,,
00b94be8-2956-47af-80d6-36123f3c773d,germany,country,news,edge_function,f,2026-06-20 09:00:06.498374,,,,buildup-1781985600000,,,,,
9a0cbd3b-2860-4d66-9d48-581cd27b2503,ivory_coast,country,news,edge_function,f,2026-06-20 09:00:06.56796,,,,buildup-1781985600000,,,,,
9a0d83e9-6ac8-48ac-9198-4080f7ce0d46,ecuador,country,news,edge_function,f,2026-06-20 09:00:06.641452,,,,buildup-1782000000000,,,,,
ba3755ca-417a-4875-a1bb-df034915c8f1,curacao,country,news,edge_function,f,2026-06-20 09:00:06.720099,,,,buildup-1782000000000,,,,,
d213d9fa-2065-4291-ac46-d014058d0c57,japan,country,news,edge_function,t,2026-06-20 20:58:04.144331,2026-06-20 21:15:06.414,21,,1539007,WC_RIVAL_RESULT,2026-06-20 19:00:00,135.1069000000000000,Japan's group,Netherlands beat Sweden 5-1 in Japan's group.
cba0f2d7-d0be-49b2-8cc3-c8d0ecb26c17,tunisia,country,news,edge_function,t,2026-06-20 20:58:04.291403,2026-06-20 21:15:06.592,21,,1539007,WC_RIVAL_RESULT,2026-06-20 19:00:00,135.1098666666666667,Tunisia's group,Netherlands beat Sweden 5-1 in Tunisia's group.
3990fe63-8e06-4684-b965-13826e80ddc3,netherlands,country,matchday,edge_function,f,2026-06-20 20:58:04.564256,,,,1539007,,2026-06-20 19:00:00,,,
af235e02-58f7-4f80-bf62-20efd1f099ce,sweden,country,matchday,edge_function,f,2026-06-20 20:58:04.704612,,,,1539007,,2026-06-20 19:00:00,,,
250dfd7f-db48-432e-b98f-79911cb63894,ecuador,country,news,edge_function,t,2026-06-21 00:01:03.66033,2026-06-21 00:15:07.564,00,,1489393,WC_RIVAL_RESULT,2026-06-20 22:00:00,135.1260666666666667,Ecuador's group,Germany beat Ivory Coast 2-1 in Ecuador's group.
c5a87107-b2d1-4772-aa6d-907ab723e483,curacao,country,news,edge_function,t,2026-06-21 00:01:03.77546,2026-06-21 00:15:07.862,00,,1489393,WC_RIVAL_RESULT,2026-06-20 22:00:00,135.1310333333333333,Curaçao's group,Germany beat Ivory Coast 2-1 in Curaçao's group.
d6e29a18-5eed-4c46-ad0e-7d0cd91506c1,germany,country,matchday,edge_function,f,2026-06-21 00:01:03.983338,,,,1489393,,2026-06-20 22:00:00,,,
c784fce5-9972-432e-9993-d0d774e087aa,ivory_coast,country,matchday,edge_function,f,2026-06-21 00:01:04.078148,,,,1489393,,2026-06-20 22:00:00,,,
b369a394-a860-4601-98ab-47fac7ce7b37,england,country,news,routine,t,2026-06-21 00:45:32.62218,2026-06-21 00:45:37.531,00,,,,,,He'll have a take,Shearer says Kane is a different player at this World Cup vs Qatar 2022. He'll agree.
76a21dbc-df43-4795-82c3-731a2c4a3cf8,england,country,news,routine,f,2026-06-21 00:46:24.389493,,,,,,,,England's downtime,Kane went to an Ella Langley concert during the World Cup but left for team curfew.
39aa8440-63ac-4052-b4e1-8df1a83f446b,netherlands,country,news,routine,f,2026-06-21 00:47:23.926577,,,,,,,,Giddy for a week,"Netherlands 5-1 Sweden. Gakpo scored twice, one was the 100th goal of this World Cup."
a8bd2c0e-a907-470a-8fde-f0fe54eb50a8,scotland,country,news,routine,t,2026-06-21 00:48:05.137297,2026-06-21 00:48:06.381,00,,,,,,He's been muttering,Has McTominay underdelivered for Scotland? BBC Sport is asking the question.
06ae17f6-4c04-4240-a6e3-7c70a56eb92d,sweden,country,news,routine,f,2026-06-21 00:48:32.546069,,,,,,,,He might need a hug,Sweden lost 5-1 to Netherlands. Brobbey and Gakpo each scored twice. Tough one.
f410add4-9fab-4b05-8053-52c705dee0f6,germany,country,news,edge_function,t,2026-06-21 03:56:03.875328,2026-06-21 04:15:03.977,04,,1489392,WC_RIVAL_RESULT,2026-06-21 02:00:00,135.0662833333333333,Germany's group,Curaçao could only draw 0-0 at Ecuador in Germany's group.
1b90fdb0-8a49-4653-b33f-51e726338104,ivory_coast,country,news,edge_function,t,2026-06-21 03:56:04.018695,2026-06-21 04:15:04.19,04,,1489392,WC_RIVAL_RESULT,2026-06-21 02:00:00,135.0698333333333333,Ivory Coast's group,Curaçao could only draw 0-0 at Ecuador in Ivory Coast's group.
dcf1eab9-f399-4c36-85b5-a545af342ce2,ecuador,country,matchday,edge_function,f,2026-06-21 03:56:04.239782,,,,1489392,,2026-06-21 02:00:00,,,
ff9df4f6-7375-4f30-9265-39e98da1c577,curacao,country,matchday,edge_function,f,2026-06-21 03:56:04.322988,,,,1489392,,2026-06-21 02:00:00,,,
223e5943-db73-4d5c-a68a-d449f524660e,sweden,country,news,edge_function,t,2026-06-21 07:57:03.86979,2026-06-21 08:15:15.144,08,,1489394,WC_RIVAL_RESULT,2026-06-21 06:00:00,135.2524000000000000,Sweden's group,Japan beat Tunisia 4-0 in Sweden's group.
dca58590-08a5-4e09-b720-cce719e612ee,netherlands,country,news,edge_function,t,2026-06-21 07:57:04.000175,2026-06-21 08:15:15.337,08,,1489394,WC_RIVAL_RESULT,2026-06-21 06:00:00,135.2556166666666667,Netherlands's group,Japan beat Tunisia 4-0 in Netherlands's group.
1c71e4c0-1f16-4d2f-9e7f-11cf5e23fa86,tunisia,country,matchday,edge_function,f,2026-06-21 07:57:04.239408,,,,1489394,,2026-06-21 06:00:00,,,
49a1465f-bef8-459e-bd09-5ccf858e22a1,japan,country,matchday,edge_function,f,2026-06-21 07:57:04.348175,,,,1489394,,2026-06-21 06:00:00,,,
d411ff2f-b323-4937-8114-96621b1b4307,germany,country,news,routine,t,2026-06-21 08:44:17.133545,2026-06-21 08:44:19.566,08,,,,,,He'll be chuffed,Germany came from behind to beat Ivory Coast 2-1. Undav scored twice in the second half.
5ab5e8fd-60f0-46da-bd78-0d349a2a5f05,curacao,country,news,routine,f,2026-06-21 08:44:37.988538,,,,,,,,Stories incoming,Curacao got their first World Cup point. Goalkeeper Room made 15 saves. 0-0 with Ecuador.
acd0c904-db09-4b38-a395-daac9fe285db,japan,country,news,routine,f,2026-06-21 08:44:56.117429,,,,,,,,He'll be beaming,Japan beat Tunisia 4-0. Ueda scored twice. Japan are heading to the last 32.
2f8731df-f993-4c08-a9a3-ba5366dcd325,tunisia,country,news,routine,f,2026-06-21 08:45:18.845697,,,,,,,,Brutal first day,Tunisia out. Lost 4-0 to Japan. It was Renard's first game in charge.
a8698d70-f6d0-46fc-8692-15521ecbf52a,uruguay,country,news,edge_function,f,2026-06-21 09:00:14.38073,,,,buildup-1782079200000,,,,,
6904c184-8d2a-44ed-88dd-06f5dedba081,spain,country,news,edge_function,f,2026-06-21 09:00:20.225744,,,,buildup-1782057600000,,,,,
543b7e96-74c8-4c91-abc0-966068c059fa,belgium,country,news,edge_function,f,2026-06-21 09:00:37.666361,,,,buildup-1782068400000,,,,,
4cf207e8-06a1-450d-9eaf-d25de528faaa,iran,country,news,edge_function,f,2026-06-21 09:00:38.423401,,,,buildup-1782068400000,,,,,
a8aba3e0-25ad-474a-80c7-2c79a032f3b5,cape_verde,country,news,edge_function,f,2026-06-21 09:00:38.775246,,,,buildup-1782079200000,,,,,
f66daa82-c87c-43a4-a018-32f9b76fe6d3,saudi_arabia,country,news,edge_function,f,2026-06-21 09:00:38.977712,,,,buildup-1782057600000,,,,,
d8931f91-4d36-40f4-806a-b8f721bfb9d8,new_zealand,country,news,edge_function,f,2026-06-21 09:00:39.130914,,,,buildup-1782090000000,,,,,
a8c0ef46-7733-4a16-9594-3814b033a50b,egypt,country,news,edge_function,f,2026-06-21 09:00:39.198494,,,,buildup-1782090000000,,,,,
65555736-4d9b-4578-b260-d6bcb271797d,uruguay,country,news,edge_function,t,2026-06-21 20:02:02.378252,2026-06-21 20:15:04.535,20,,1489397,WC_RIVAL_RESULT,2026-06-21 18:00:00,135.0755833333333333,Uruguay's group,Spain beat Saudi Arabia 4-0 in Uruguay's group.
58e1deb6-7ae5-489e-aa81-a4da17353e71,cape_verde,country,news,edge_function,t,2026-06-21 20:02:02.490411,2026-06-21 20:15:04.66,20,,1489397,WC_RIVAL_RESULT,2026-06-21 18:00:00,135.0776666666666667,Cape Verde Islands's group,Spain beat Saudi Arabia 4-0 in Cape Verde Islands's group.
bacfbe60-c358-4ce3-afd8-8d2f388b5c4b,spain,country,matchday,edge_function,f,2026-06-21 20:02:02.646281,,,,1489397,,2026-06-21 18:00:00,,,
8956b385-860e-4988-8c94-c103696cc069,saudi_arabia,country,matchday,edge_function,f,2026-06-21 20:02:02.706543,,,,1489397,,2026-06-21 18:00:00,,,
0a422e59-8549-4bec-92cf-bdf34b0e6be0,new_zealand,country,news,edge_function,t,2026-06-21 23:02:05.96193,2026-06-21 23:15:05.065,23,,1489395,WC_RIVAL_RESULT,2026-06-21 21:00:00,135.0844166666666667,New Zealand's group,Iran could only draw 0-0 at Belgium in New Zealand's group.
dd6b9e2e-1a75-4e1e-abbd-aaf674eefa6c,egypt,country,news,edge_function,t,2026-06-21 23:02:06.119839,2026-06-21 23:15:05.378,23,,1489395,WC_RIVAL_RESULT,2026-06-21 21:00:00,135.0896333333333333,Egypt's group,Iran could only draw 0-0 at Belgium in Egypt's group.
3647b120-f576-4643-baaa-04758e242cf7,belgium,country,matchday,edge_function,f,2026-06-21 23:02:06.361845,,,,1489395,,2026-06-21 21:00:00,,,
a0eaa7aa-3cb8-403d-b4bd-dca08b3acc75,iran,country,matchday,edge_function,f,2026-06-21 23:02:06.474066,,,,1489395,,2026-06-21 21:00:00,,,
4e77814e-2a04-4ff4-b223-608c853d4b20,belgium,country,news,routine,t,2026-06-22 00:47:00.576711,2026-06-22 00:47:02.825,00,,,,,,He'll be frustrated,"Belgium drew 0-0 with Iran while down to 10 men. Two games, no wins. Trouble."
c2842cfe-aea6-4867-8884-f80b8f3486d8,england,country,news,routine,t,2026-06-22 00:47:39.002532,2026-06-22 00:47:42.328,00,,,,,,He'll have predictions,Rice says he'll get an assist at every corner. Ghana game is Tuesday. He's backing it.
acdc5ec4-61c2-4d5b-af84-3215d9812cd7,scotland,country,news,routine,t,2026-06-22 00:48:11.086875,2026-06-22 00:48:12.57,00,,,,,,He's going to be tense,Scotland face Brazil on Wednesday night. Even a loss might not end their run. Huge game.
98449b8e-eebe-48b3-839b-2dbb17cb40cf,spain,country,news,routine,f,2026-06-22 00:49:02.525382,,,,,,,,He'll be giddy about this,"Spain put four past Saudi Arabia. Yamal, 18, scored on his first WC start. He's arrived."
4866b4ee-a7a9-4a14-a500-c9afa7235579,iran,country,news,routine,f,2026-06-22 00:52:04.429333,,,,,,,,He'll be talking about VAR,Iran drew 0-0 with Belgium. A goal was ruled out by VAR. Still alive in the tournament.
8e30af86-4a94-4fb6-82d9-70e059e46d4a,saudi_arabia,country,news,edge_function,t,2026-06-22 02:05:07.940569,2026-06-22 02:15:05.239,02,,1489398,WC_RIVAL_RESULT,2026-06-22 00:00:00,135.0873166666666667,Saudi Arabia's group,Cape Verde Islands could only draw 2-2 at Uruguay in Saudi Arabia's group.
43a73c7a-1499-4bd4-b48c-f0f8a42dbbb3,spain,country,news,edge_function,t,2026-06-22 02:05:08.129382,2026-06-22 02:15:05.701,02,,1489398,WC_RIVAL_RESULT,2026-06-22 00:00:00,135.0950166666666667,Spain's group,Cape Verde Islands could only draw 2-2 at Uruguay in Spain's group.
a7c27f77-3eef-458e-b51e-3cc584136e57,uruguay,country,matchday,edge_function,f,2026-06-22 02:05:08.37195,,,,1489398,,2026-06-22 00:00:00,,,
a2db0adf-34cd-4f82-8f89-c80708ef2ba3,cape_verde,country,matchday,edge_function,f,2026-06-22 02:05:08.526719,,,,1489398,,2026-06-22 00:00:00,,,
0b851ca9-c533-482b-a3de-90263309a945,iran,country,news,edge_function,t,2026-06-22 05:02:04.626086,2026-06-22 05:15:02.965,05,,1489396,WC_RIVAL_RESULT,2026-06-22 03:00:00,135.0494166666666667,Iran's group,Egypt beat New Zealand 3-1 in Iran's group.
5e83e2ac-83cf-4fd1-a7ea-584cd358f2d8,belgium,country,news,edge_function,t,2026-06-22 05:02:04.763109,2026-06-22 05:15:03.792,05,,1489396,WC_RIVAL_RESULT,2026-06-22 03:00:00,135.0632000000000000,Belgium's group,Egypt beat New Zealand 3-1 in Belgium's group.
7edfb799-5796-4003-9aff-e5bdfe7b6854,new_zealand,country,matchday,edge_function,f,2026-06-22 05:02:05.007667,,,,1489396,,2026-06-22 03:00:00,,,
bf5400fd-d9d4-4764-b624-14646cafc26a,egypt,country,matchday,edge_function,f,2026-06-22 05:02:05.116383,,,,1489396,,2026-06-22 03:00:00,,,
e6475965-e629-44e8-bb9e-34cad7056bbb,austria,country,news,routine,t,2026-06-22 08:41:25.971738,2026-06-22 08:41:28.561,08,,,,,,He'll want the highlights,Austria's Just went from second-tier football to World Cup breakout star.
2bb6aaf4-84e9-4409-b4b2-f3070b4affc5,cape_verde,country,news,routine,f,2026-06-22 08:44:14.020331,,,,,,,,T-shirt material,Cape Verde 2-2 Uruguay on their debut. First World Cup goal in the history books.
469b60f2-49e0-43d6-a115-376e0a363580,egypt,country,news,routine,f,2026-06-22 08:48:08.177268,,,,,,,,Phone-his-dad moment,Egypt 3-1 New Zealand. Salah scored. First ever World Cup win. 92 years in the making.
d42d9c49-d667-43f1-967d-9bd10f85288f,england,country,news,routine,t,2026-06-22 08:48:43.876971,2026-06-22 08:48:46.475,08,,,,,,Crisis averted,Saka is back in training with England before Tuesday's Ghana match. Tuchel has a boost.
ace03fe0-810d-414b-935f-e952f0476a4a,iran,country,news,routine,t,2026-06-22 08:51:08.352263,2026-06-22 08:51:10.568,08,,,,,,He might root for them,Iran are unbeaten at this World Cup. Their coach says it'll go down in history.
909f86c9-ac8d-44eb-8905-6550663faeea,portugal,country,news,routine,t,2026-06-22 08:53:23.77421,2026-06-22 08:53:26.54,08,,,,,,He'll have opinions,Portugal's Conceição says the team doesn't have to always feed the ball to Ronaldo.
653a5d08-dffa-478b-b0f2-2b1030bc9097,uruguay,country,news,routine,f,2026-06-22 08:56:19.226204,,,,,,,,Twenty minutes of huffing,"Uruguay drew 2-2 with Cape Verde, who are on their World Cup debut. Dropped points."
57a28c19-07cf-4cb3-9aae-b83f65c78727,iraq,country,news,edge_function,f,2026-06-22 09:00:08.574644,,,,buildup-1782162000000,,,,,
8dd33f05-20ac-4c2b-a823-1c6395bb9fc1,argentina,country,news,edge_function,f,2026-06-22 09:00:08.888433,,,,buildup-1782147600000,,,,,
75642104-96f2-437e-bc19-040735a3e373,norway,country,news,edge_function,f,2026-06-22 09:00:09.026301,,,,buildup-1782172800000,,,,,
1fb368ad-cd46-4af3-a9d8-f348b605a981,senegal,country,news,edge_function,f,2026-06-22 09:00:09.256319,,,,buildup-1782172800000,,,,,
52134703-5637-435d-902e-2d8d66b7d573,austria,country,news,edge_function,f,2026-06-22 09:00:09.502566,,,,buildup-1782147600000,,,,,
6f6dc1f0-61ec-4409-b2ed-311db8767cdf,algeria,country,news,edge_function,f,2026-06-22 09:00:09.683556,,,,buildup-1782183600000,,,,,
18656caa-f86a-4ccc-b1d7-9b840b0b1ccb,france,country,news,edge_function,f,2026-06-22 09:00:09.867776,,,,buildup-1782162000000,,,,,
223c21f2-2329-4ba5-931f-2cf0a1789ed3,jordan,country,news,edge_function,t,2026-06-22 21:03:04.453064,2026-06-22 21:15:04.718,21,,1489399,WC_RIVAL_RESULT,2026-06-22 19:00:00,135.0786333333333333,Jordan's group,Argentina beat Austria 2-0 in Jordan's group.
f03e7928-887e-499d-aa64-5dcf0d6c367c,algeria,country,news,edge_function,t,2026-06-22 21:03:04.623818,2026-06-22 21:15:06.603,21,,1489399,WC_RIVAL_RESULT,2026-06-22 19:00:00,135.1100500000000000,Algeria's group,Argentina beat Austria 2-0 in Algeria's group.
8966ec83-80b9-4e18-82a6-12aa43d05730,argentina,country,matchday,edge_function,f,2026-06-22 21:03:04.876829,,,,1489399,,2026-06-22 19:00:00,,,
45e57324-3ac7-4efe-bb73-18e227972164,austria,country,matchday,edge_function,f,2026-06-22 21:03:04.985076,,,,1489399,,2026-06-22 19:00:00,,,
e72ebf16-446b-4a1c-9b63-1dc987bf38de,argentina,country,news,routine,f,2026-06-23 00:39:20.550417,,,,,,,,Phone-his-dad moment,"Messi broke the all-time World Cup scoring record. Two goals, Argentina 2-0 Austria."
4b85dd4d-d5d1-48f9-a157-a2c392b050e3,england,country,news,routine,t,2026-06-23 00:43:42.081606,2026-06-23 00:43:45.44,00,,,,,,He'll have opinions,England's Madueke went from fan protests to World Cup starter. Ghana tomorrow.
63386437-9b20-4b90-89b0-d5eaccd67116,germany,country,news,routine,t,2026-06-23 00:45:05.731792,2026-06-23 00:45:07.034,00,,,,,,He'll be gutted,Germany's Schlotterbeck is out of the World Cup with an ankle injury.
20fbde57-2e07-4aa0-9805-f39c0ed3e00e,ghana,country,news,routine,t,2026-06-23 00:45:50.091244,2026-06-23 00:45:52.307,00,,,,,,Ghana's got their player back,Partey missed Ghana's opener but says he's ready for England tomorrow.
e4c54dc4-de7a-43e4-96fc-9886b61b1273,scotland,country,news,routine,t,2026-06-23 00:48:10.463238,2026-06-23 00:48:13.2,00,,,,,,Scotland's key man,Ferguson is Scotland's most influential World Cup player. Brazil awaits Wednesday.
b0dc9f49-fde8-482b-9ffa-a882ebb052df,norway,country,news,edge_function,t,2026-06-23 02:49:04.343546,2026-06-23 03:15:04.782,03,,1539017,WC_RIVAL_RESULT,2026-06-22 23:00:00,255.0797000000000000,Norway's group,France beat Iraq 3-0 in Norway's group.
2eac84b9-caa4-482f-8d11-92044bd31f06,senegal,country,news,edge_function,t,2026-06-23 02:49:04.454755,2026-06-23 03:15:05.254,03,,1539017,WC_RIVAL_RESULT,2026-06-22 23:00:00,255.0875666666666667,Senegal's group,France beat Iraq 3-0 in Senegal's group.
3b6389ee-7e0c-47de-ad04-35f7a18db72e,france,country,matchday,edge_function,f,2026-06-23 02:49:04.677364,,,,1539017,,2026-06-22 23:00:00,,,
e9c7abce-fd06-4d69-ae34-c7fe338781f9,iraq,country,matchday,edge_function,f,2026-06-23 02:49:04.7742,,,,1539017,,2026-06-22 23:00:00,,,
00ea6b1f-5948-40ff-9753-48d89d4cb9c4,france,country,news,edge_function,t,2026-06-23 04:01:05.550271,2026-06-23 04:15:04.689,04,,1489401,WC_RIVAL_RESULT,2026-06-23 02:00:00,135.0781500000000000,France's group,Norway beat Senegal 3-2 in France's group.
fb2ac3df-7326-445b-9447-7657aeecaf7b,iraq,country,news,edge_function,t,2026-06-23 04:01:05.684466,2026-06-23 04:15:04.958,04,,1489401,WC_RIVAL_RESULT,2026-06-23 02:00:00,135.0826333333333333,Iraq's group,Norway beat Senegal 3-2 in Iraq's group.
5bb3b0dc-a250-4910-bc8f-fd40404a9d5c,norway,country,matchday,edge_function,f,2026-06-23 04:01:05.935249,,,,1489401,,2026-06-23 02:00:00,,,
a8a6adfd-bd3d-4168-b6e2-7382253cce02,senegal,country,matchday,edge_function,f,2026-06-23 04:01:06.044883,,,,1489401,,2026-06-23 02:00:00,,,
c0f30ac0-1464-4c34-a7cd-c6e4b484b928,argentina,country,news,edge_function,t,2026-06-23 07:01:04.085409,2026-06-23 07:15:05.374,07,,1489400,WC_RIVAL_RESULT,2026-06-23 05:00:00,135.0895666666666667,Argentina's group,Algeria beat Jordan 2-1 in Argentina's group.
7cd515bf-c4fc-4db4-be35-e36ac8d29c57,austria,country,news,edge_function,t,2026-06-23 07:01:04.601143,2026-06-23 07:15:05.765,07,,1489400,WC_RIVAL_RESULT,2026-06-23 05:00:00,135.0960833333333333,Austria's group,Algeria beat Jordan 2-1 in Austria's group.
7d187cad-2066-4041-9817-09bbc309b473,jordan,country,matchday,edge_function,f,2026-06-23 07:01:04.782954,,,,1489400,,2026-06-23 05:00:00,,,
47431076-73d4-4bf8-b0cf-d3b0654fc4af,algeria,country,matchday,edge_function,f,2026-06-23 07:01:04.850779,,,,1489400,,2026-06-23 05:00:00,,,
96dcff15-1c55-4110-aeb0-6b1a959163ec,algeria,country,news,routine,f,2026-06-23 08:44:49.655481,,,,,,,,He'll be buzzing,Algeria came back from 1-0 down to beat Jordan 2-1. Jordan go home. They're still in it.
0c23adef-15a5-4cb2-956f-280a531adadd,argentina,country,news,routine,f,2026-06-23 08:45:24.009922,,,,,,,,He might have thoughts,Alvarez wants out of Atletico. Nothing confirmed. Big summer for Argentina's striker.
abd50b3e-71c6-40f0-a880-651cfdeff8b5,austria,country,news,routine,f,2026-06-23 08:46:26.47719,,,,,,,,He'll come round,Austria lost 2-0 to Argentina. Messi scored both goals to break the WC scoring record.
47303e4d-9493-4b4c-a1a7-1fd1ce647b98,france,country,news,routine,f,2026-06-23 08:46:53.976364,,,,,,,,Giddy for a week,France beat Iraq 3-0 after a 2-hour weather delay. Mbappe scored twice on his 100th cap.
4527d375-68e6-4bad-89f8-583a42d9f76c,iraq,country,news,routine,f,2026-06-23 08:47:10.861619,,,,,,,,Give him a minute,Iraq lost 3-0 to France after a 2-hour rain delay. Mbappe scored twice. Tough night.
b9505cf5-9ac9-4e3d-b380-3178df5d9070,jordan,country,news,routine,t,2026-06-23 08:47:44.19268,2026-06-23 08:47:46.205,08,,,,,,He might need a hug,Jordan are out. First World Cup. Two losses. Led at half-time tonight and still lost.
c36e2207-7a07-432f-940f-56a16792870b,norway,country,news,routine,f,2026-06-23 08:48:07.885699,,,,,,,,Stories incoming,Norway beat Senegal 3-2. Haaland scored twice. Again. Five goals. They're through.
50f8226f-4040-4e93-b607-e529de6ee8ad,senegal,country,news,routine,f,2026-06-23 08:48:24.981027,,,,,,,,He'll be gutted for them,Senegal lost 2-3 to Norway. Two goals but still lost to Haaland's double. Tight one.
75f687df-6636-4e8f-950e-091dd902a388,panama,country,news,edge_function,f,2026-06-23 09:00:03.154672,,,,buildup-1782255600000,,,,,
428883f6-c806-4b43-b7b0-7a51a12586c9,uzbekistan,country,news,edge_function,f,2026-06-23 09:00:03.317183,,,,buildup-1782234000000,,,,,
7fa69d72-3346-4a2a-9bca-497e3e44bd4b,portugal,country,news,edge_function,f,2026-06-23 09:00:03.471159,,,,buildup-1782234000000,,,,,
75a1804a-8981-4631-b2e0-5643f484e688,congo_dr,country,news,edge_function,f,2026-06-23 09:00:03.524913,,,,buildup-1782266400000,,,,,
10dfc750-a3ad-4bc1-83dd-18a61ec72c19,croatia,country,news,edge_function,f,2026-06-23 09:00:03.614689,,,,buildup-1782255600000,,,,,
14dda54e-194e-4b99-9d43-c100555fc600,colombia,country,news,edge_function,f,2026-06-23 09:00:03.660529,,,,buildup-1782266400000,,,,,
2d700de3-6370-4166-bf72-35e4006bbdfc,england,country,news,edge_function,f,2026-06-23 09:00:03.727093,,,,buildup-1782244800000,,,,,
20e462bb-16a4-41e8-b193-ee7495dc81b0,ghana,country,news,edge_function,f,2026-06-23 09:00:04.525063,,,,buildup-1782244800000,,,,,
c7c141c7-9ba6-4376-95bd-f5cca55c2ee0,colombia,country,news,edge_function,t,2026-06-23 21:00:05.380704,2026-06-23 21:15:03.603,21,,1489404,WC_RIVAL_RESULT,2026-06-23 19:00:00,135.0600500000000000,Colombia's group,Portugal beat Uzbekistan 5-0 in Colombia's group.
bf5ffd50-83e1-4b03-9ad6-03bc2f6ed689,congo_dr,country,news,edge_function,t,2026-06-23 21:00:05.528519,2026-06-23 21:15:04.087,21,,1489404,WC_RIVAL_RESULT,2026-06-23 19:00:00,135.0681166666666667,Congo DR's group,Portugal beat Uzbekistan 5-0 in Congo DR's group.
3ebd7030-d0fe-4028-a0ae-baaad3d8efd9,portugal,country,matchday,edge_function,f,2026-06-23 21:00:05.712363,,,,1489404,,2026-06-23 19:00:00,,,
68b2167b-d3b1-4461-8564-a3464eb704b0,uzbekistan,country,matchday,edge_function,f,2026-06-23 21:00:05.788892,,,,1489404,,2026-06-23 19:00:00,,,
90000ea5-3cd1-41a9-91da-68ac11ee9427,panama,country,news,edge_function,t,2026-06-24 00:01:04.717414,2026-06-24 00:15:05.778,00,,1489402,WC_RIVAL_RESULT,2026-06-23 22:00:00,135.0963000000000000,Panama's group,Ghana could only draw 0-0 at England in Panama's group.
849d0894-c658-4602-b76b-c5addf3ec5af,croatia,country,news,edge_function,t,2026-06-24 00:01:05.067775,2026-06-24 00:15:05.958,00,,1489402,WC_RIVAL_RESULT,2026-06-23 22:00:00,135.0993000000000000,Croatia's group,Ghana could only draw 0-0 at England in Croatia's group.
619bc7cf-7e8f-4a4a-abef-20bb53cd46fa,england,country,matchday,edge_function,f,2026-06-24 00:01:05.380451,,,,1489402,,2026-06-23 22:00:00,,,
943b2ae6-0cd3-4324-b3e9-5fd0ea9ccda3,ghana,country,matchday,edge_function,f,2026-06-24 00:01:05.551465,,,,1489402,,2026-06-23 22:00:00,,,
a7735f2c-d93b-4495-ab7e-a9e02b74d128,england,country,news,edge_function,t,2026-06-24 02:55:07.329024,2026-06-24 03:15:05.667,03,,1489403,WC_RIVAL_RESULT,2026-06-24 01:00:00,135.0944500000000000,England's group,Croatia beat Panama 1-0 in England's group.
cb9ab9fe-f43d-4066-af35-a1804b1037a5,ghana,country,news,edge_function,t,2026-06-24 02:55:07.436264,2026-06-24 03:15:05.81,03,,1489403,WC_RIVAL_RESULT,2026-06-24 01:00:00,135.0968333333333333,Ghana's group,Croatia beat Panama 1-0 in Ghana's group.
2b4cba6e-85de-488f-9b3e-255e711f54c2,panama,country,matchday,edge_function,f,2026-06-24 02:55:07.622205,,,,1489403,,2026-06-24 01:00:00,,,
d1a0dbd0-0b75-4644-b663-51921735a1ad,croatia,country,matchday,edge_function,f,2026-06-24 02:55:07.70141,,,,1489403,,2026-06-24 01:00:00,,,
97e8a55f-2298-4f8b-af59-a5e8df2f666d,portugal,country,news,edge_function,t,2026-06-24 05:58:03.756368,2026-06-24 06:15:03.776,06,,1539008,WC_RIVAL_RESULT,2026-06-24 04:00:00,135.0629333333333333,Portugal's group,Colombia beat Congo DR 1-0 in Portugal's group.
99549633-561a-42dc-a0eb-4c69c5b6c835,uzbekistan,country,news,edge_function,t,2026-06-24 05:58:03.889866,2026-06-24 06:15:04.072,06,,1539008,WC_RIVAL_RESULT,2026-06-24 04:00:00,135.0678666666666667,Uzbekistan's group,Colombia beat Congo DR 1-0 in Uzbekistan's group.
799163e1-8c34-439d-937c-8961d4809da7,colombia,country,matchday,edge_function,f,2026-06-24 05:58:04.128479,,,,1539008,,2026-06-24 04:00:00,,,
7d3881fa-91cd-4ecd-9fd8-9ea2816fee28,congo_dr,country,matchday,edge_function,f,2026-06-24 05:58:04.545686,,,,1539008,,2026-06-24 04:00:00,,,
e2b1d06d-904c-4a4f-ac26-d537c0762654,argentina,country,news,routine,f,2026-06-24 08:48:22.771345,,,,,,,,Barca stirring the pot,Atletico's CEO blames Barca for nudging Alvarez to go public. Messy.
56096193-d41d-49c2-bd0a-11cc6a997838,australia,country,news,routine,t,2026-06-24 08:50:50.721712,2026-06-24 08:50:53.666,08,,,,,,"Their chaos, your chance",Paraguay's camp is in disarray. Australia face them in a must-win decider in 36 hours.
e79ce2cb-86fc-4c01-b452-15b10d500c78,brazil,country,news,routine,f,2026-06-24 08:52:47.445591,,,,,,,,History's on the menu,Brazil top Group C. Tonight's Scotland game is Ancelotti's shot at history.
0185c517-b024-485d-afbd-a94cf070b69c,bosnia_herzegovina,country,news,routine,t,2026-06-24 08:53:04.464532,2026-06-24 08:53:07.05,08,,,,,,"Win or go home, today",Bosnia take on Qatar at 7pm tonight. Win and stay alive. Anything less and it's done.
0535bbb1-856e-4cba-9f77-81c0e60092d0,colombia,country,news,routine,f,2026-06-24 08:55:36.523133,,,,,,,,He's at it again,Munoz scores again. Colombia are through to the knockout stage.
7ca6953d-5177-4d6c-afd5-2ab43309c74e,congo_dr,country,news,routine,f,2026-06-24 08:56:07.698738,,,,,,,,Keeper kept them in it,Colombia sneak a 1-0 win. Mpasi was outstanding but Munoz's deflected strike got through.
e2210dc5-2dc6-4500-9e78-26acc64f86aa,croatia,country,news,routine,t,2026-06-24 08:57:20.065197,2026-06-24 08:57:22.624,08,,,,,,"Still in it, barely",Ante Budimir's lone goal beat Panama 1-0. Croatia stay in contention for the last 32.
cce329cc-6688-4d77-a581-47693b08d926,congo_dr,country,news,routine,t,2026-06-24 08:57:34.197652,2026-06-24 08:57:36.567,08,,,,,,They broke Ronaldo,DR Congo's draw left Ronaldo saying it felt like he'd already retired from football.
78a1704c-ddfc-4abb-abd2-0f230182e760,mexico,country,news,edge_function,f,2026-06-24 09:00:06.473391,,,,buildup-1782349200000,,,,,
ca54a6b6-e920-473d-8b54-06ee8318c808,brazil,country,news,edge_function,f,2026-06-24 09:00:06.607165,,,,buildup-1782338400000,,,,,
487fd31c-5cb1-4998-b0ea-cac6a3d61088,morocco,country,news,edge_function,f,2026-06-24 09:00:06.760548,,,,buildup-1782338400000,,,,,
c9aa2cf5-d8f4-4b4d-a184-4e4c52d7fabf,scotland,country,news,edge_function,f,2026-06-24 09:00:06.928139,,,,buildup-1782338400000,,,,,
ddc22393-648c-4a60-a552-20395ef2e926,south_africa,country,news,edge_function,f,2026-06-24 09:00:06.980777,,,,buildup-1782349200000,,,,,
f58a3ad2-d171-478c-91d2-32e3735d7ec5,haiti,country,news,edge_function,f,2026-06-24 09:00:07.652022,,,,buildup-1782338400000,,,,,
8ee93226-62d3-4af3-a404-f7bc978ab749,czech_republic,country,news,edge_function,f,2026-06-24 09:00:07.718254,,,,buildup-1782349200000,,,,,
78934d75-b9c2-475b-b7b9-aff26861b3fe,south_korea,country,news,edge_function,f,2026-06-24 09:00:07.799129,,,,buildup-1782349200000,,,,,
0e4157c3-8e88-48a1-a072-7dc26a6ff8d7,canada,country,news,edge_function,f,2026-06-24 09:00:07.862348,,,,buildup-1782327600000,,,,,
f13512e1-7daa-4be5-8615-07f88c157b47,switzerland,country,news,edge_function,f,2026-06-24 09:00:07.913762,,,,buildup-1782327600000,,,,,
41cc982c-d6d4-4438-b4a0-2b25fc171532,bosnia_herzegovina,country,news,edge_function,f,2026-06-24 09:00:07.956316,,,,buildup-1782327600000,,,,,
922216b5-c117-48d9-aa08-4e0e788cb624,czech_republic,country,news,routine,t,2026-06-24 09:00:13.297317,2026-06-24 09:00:16.182,09,,,,,,Last chance at the Azteca,"Win or go home vs Mexico tomorrow. One point from two games, it's all on this."
f06da943-3428-467c-9e38-5c7b2bac847b,egypt,country,news,routine,t,2026-06-24 09:02:13.788855,2026-06-24 09:02:16.271,09,,,,,,Iran are sorted. You're next.,Egypt sit on 4 points. Beat Iran on June 27 and the knockouts are done.
e9906613-88ed-44e8-86a9-ab68b158cad2,england,country,news,routine,f,2026-06-24 09:03:22.289048,,,,,,,,Flat night in Boston,England drew 0-0 with Ghana. Kane missed a golden late chance. Panama next on Saturday.
7556c040-4338-43a0-86ce-8bb7ee1a34d8,england,country,news,routine,f,2026-06-24 09:03:37.795954,,,,,,,,Bellingham had words,Bellingham rowed with Ghana boss Queiroz after the draw. Tuchel called it a silly tackle.
34532884-7003-4827-8254-fbf68d0152a4,france,country,news,routine,t,2026-06-24 09:04:05.403696,2026-06-24 09:04:07.995,09,,,,,,16 goals in 16 WC games,Mbappe hit two on his 100th cap. Sixteen goals in sixteen World Cup games now.
d78d5297-864f-4d57-a637-d2d3577a60b0,france,country,news,routine,t,2026-06-24 09:04:58.13354,2026-06-24 09:05:00.946,09,,,,,,Norway vs France is next,"Norway beat Senegal and now it's them vs France for top spot. Friday, 26 June."
10416be2-ea57-444f-bf35-e5a0dad05b72,ghana,country,news,routine,f,2026-06-24 09:07:03.305052,,,,,,,,"Robbed, or lucky? Ghana reckon both",Ghana drew 0-0 with England. Manager Queiroz says VAR missed a clear penalty call.
177bc509-bb54-4fb8-ae56-7550e27d7e1d,haiti,country,news,routine,t,2026-06-24 09:07:57.708553,2026-06-24 09:07:59.93,09,,,,,,Last dance in Atlanta,Haiti kick off vs Morocco at 22:00 UTC. Win needed plus Brazil to beat Scotland.
13109598-5002-4136-a05f-3b6720505b41,ghana,country,news,routine,f,2026-06-24 09:08:35.959079,,,,,,,,The full-time tunnel chaos,Queiroz rowed with Bellingham after the draw. Tuchel called it a 'bad reaction'.
02bae9ff-3d8e-4d92-9b2d-c68e1ed3bb24,iran,country,news,routine,t,2026-06-24 09:10:26.20229,2026-06-24 09:10:29.774,09,,,,,,America let them stay,Iran get extra prep time in the US for their Egypt decider on Friday.
d145eca9-bc8f-4c38-835d-7d2fd0928055,iraq,country,news,routine,t,2026-06-24 09:11:15.099323,2026-06-24 09:11:17.521,09,,,,,,Their next opponent is a mess,Senegal have unpaid bonuses and food chaos in camp. Iraq play them Friday.
545efc1d-ed2e-423d-a691-bec4c4a3e180,mexico,country,news,routine,t,2026-06-24 09:15:40.556364,2026-06-24 09:15:43.795,09,,,,,,His mates are lobbying for him,Mexico's squad want Ochoa to start tomorrow. Could be a historic appearance.
956576ff-fa10-4eb5-bc7d-ce1c6ec3a83e,morocco,country,news,routine,t,2026-06-24 09:16:27.302989,2026-06-24 09:16:30.34,09,,,,,,"They're already in, but...",Morocco face Haiti tonight at 22:00 UTC. Win and the group title is in reach.
b9923b39-5ad5-47ad-ba7c-f8bd4fe55699,new_zealand,country,news,routine,t,2026-06-24 09:20:48.114261,2026-06-24 09:20:51.339,09,,,,,,Saturday is everything,One point from two games. Beat Belgium on Saturday or the flight home is booked.
0356e43d-09d2-4d45-af89-3c1ab55c9e71,norway,country,news,routine,t,2026-06-24 09:21:17.951751,2026-06-24 09:21:19.733,09,,,,,,"Two giants, one spot",Norway play France on Thursday. Haaland vs Mbappe in Group I. Book the telly.
f86fbb46-c205-4780-8eda-40cfbd54c515,panama,country,news,routine,f,2026-06-24 09:22:26.061051,,,,,,,,"End of the road, lads",Panama are eliminated. Croatia's Ante Budimir scored the only goal to knock them out 0-1.
94d32b34-32d4-44ed-b4a7-cfefead43363,paraguay,country,news,routine,t,2026-06-24 09:23:12.723373,2026-06-24 09:23:15.17,09,,,,,,"Mic drop, literally",Commentator axed by FIFA after going off on air during Paraguay's win over Turkey.
a6487996-2736-4568-bf07-183d4b15180a,portugal,country,news,routine,f,2026-06-24 09:24:32.561029,,,,,,,,He silenced every single one,Portugal 5-0. Ronaldo bagged two and made history: first to score at six World Cups.
5ead3b99-6fbc-496a-aa7a-ed7669b537fa,portugal,country,news,routine,t,2026-06-24 09:25:47.018108,2026-06-24 09:25:49.828,09,,,,,,Phone his dad right now,"He called it a difficult dark week. Then he scored twice and shouted ""I am back""."
da932831-67e6-4721-9ef4-49df242f7eda,scotland,country,news,routine,t,2026-06-24 09:27:02.781771,2026-06-24 09:27:05.174,09,,,,,,History or heartbreak tonight,"Scotland vs Brazil kicks off at 10pm. Improve on the group stage so far, or go home."
96f254f3-0026-43ee-adc9-2eb704a313b6,scotland,country,news,routine,t,2026-06-24 09:27:20.882455,2026-06-24 09:27:22.958,09,,,,,,Clarke's team sheet headache,Scotland's biggest game ever. Steve Clarke picks his XI for Brazil tonight.
7156c459-c5f3-4ca3-aa1c-8d94ba9c7b08,senegal,country,news,routine,t,2026-06-24 09:28:04.644238,2026-06-24 09:28:06.867,09,,,,,,Off-pitch chaos,"Unpaid bonuses, food issues. Senegal need a win vs Iraq on Friday to stay alive."
7132f276-dd4b-47a6-8fac-65b9220c1e3a,south_africa,country,news,routine,t,2026-06-24 09:29:25.432564,2026-06-24 09:29:29.366,09,,,,,,This one actually matters,Beat South Korea tonight or face the third-place lottery. Three points seals it.
ab0759b3-4459-4c6c-9642-2920b781a69d,south_korea,country,news,routine,t,2026-06-24 09:29:59.746474,2026-06-24 09:30:01.929,09,,,,,,One point and they're through,Draw and South Korea progress. Lose and it's third-place lottery or out.
5acb0f66-e271-4c52-828b-2dc2c118cf20,switzerland,country,news,routine,t,2026-06-24 09:33:39.691321,2026-06-24 09:33:42.202,09,,,,,,Tonight's the one,"Switzerland vs Canada kicks off at 7pm UTC. Equal on points, everything to play for."
982c0a5a-68a6-4053-abcc-4a97eb486922,turkiye,country,news,routine,t,2026-06-24 09:34:07.151057,2026-06-24 09:34:09.943,09,,,,,,He said what on air?,FIFA pulled his credentials for ranting live at officials. Turkey lost that game 0-1.
3f33401b-b6e1-4ca2-83da-d035573645cb,uzbekistan,country,news,routine,f,2026-06-24 09:36:50.837453,,,,,,,,Phone-his-mum moment,Thrashed 5-0 by Portugal. Beat DR Congo on Friday or their World Cup is done.
6f49cc99-4c3b-4224-91dd-2bcdbf7167dc,usa,country,news,routine,t,2026-06-24 09:38:11.961878,2026-06-24 09:38:14.427,09,,,,,,He'd rather risk it,Adams is pushing to start vs Turkey. A booking would rule him out of the last 32.
ba9f8235-bc17-4cdc-93ee-397c687499b4,bosnia_herzegovina,country,news,edge_function,t,2026-06-24 22:57:03.283921,2026-06-24 23:15:05.095,23,,1489408,WC_RIVAL_RESULT,2026-06-24 21:00:00,135.0849166666666667,Bosnia & Herzegovina's group,Switzerland beat Canada 2-1 in Bosnia & Herzegovina's group.
1534beb1-dd4e-477e-8655-721910aa0630,qatar,country,news,edge_function,t,2026-06-24 22:57:03.395283,2026-06-24 23:15:05.29,23,,1489408,WC_RIVAL_RESULT,2026-06-24 21:00:00,135.0881666666666667,Qatar's group,Switzerland beat Canada 2-1 in Qatar's group.
d1fcd81d-969f-4cad-8ab6-05d7f9bd1e12,switzerland,country,matchday,edge_function,f,2026-06-24 22:57:03.59366,,,,1489408,,2026-06-24 21:00:00,,,
2f4a0d79-44b6-48ff-8e33-0cf83d1e7648,canada,country,matchday,edge_function,f,2026-06-24 22:57:03.67249,,,,1489408,,2026-06-24 21:00:00,,,
61588a2c-903f-4cf7-be19-a29e338f6864,canada,country,news,edge_function,t,2026-06-24 23:00:06.189057,2026-06-24 23:15:05.437,23,,1539009,WC_RIVAL_RESULT,2026-06-24 21:00:00,135.0906166666666667,Canada's group,Bosnia & Herzegovina beat Qatar 3-1 in Canada's group.
8cffe63e-00f9-4d21-8d39-0602c7d3ba5b,switzerland,country,news,edge_function,t,2026-06-24 23:00:06.298771,2026-06-24 23:15:05.521,23,,1539009,WC_RIVAL_RESULT,2026-06-24 21:00:00,135.0920166666666667,Switzerland's group,Bosnia & Herzegovina beat Qatar 3-1 in Switzerland's group.
97853cc8-cd88-43cd-8afb-1e86bb09f934,bosnia_herzegovina,country,matchday,edge_function,f,2026-06-24 23:00:06.465915,,,,1539009,,2026-06-24 21:00:00,,,
23126e4b-7927-4e43-95bd-a3ccfa2d7eaf,qatar,country,matchday,edge_function,f,2026-06-24 23:00:06.545319,,,,1539009,,2026-06-24 21:00:00,,,
026a3d0f-223e-41a1-82c5-48ba808f74b2,england,country,news,routine,t,2026-06-25 00:48:05.7154,2026-06-25 00:48:09.6,00,,,,,,He's checking the injury news,England assessing James and Rice for Panama. Tuchel hopes Saka could start too.
d350e197-eb30-4625-b1de-bbaac4f7d972,bosnia_herzegovina,country,news,routine,f,2026-06-25 00:48:28.856666,,,,,,,,Phone-his-dad moment,Bosnia beat Qatar 3-1. Their first-ever World Cup knockout round is within reach.
af82796f-e426-4d9f-8dc4-d3f7f72e7353,canada,country,news,routine,f,2026-06-25 00:48:49.000211,,,,,,,,He'll come round,Canada lost 2-1 to Switzerland but both advance. They'll play away in the knockouts now.
6614ded9-78c4-4ebd-88c8-a395c531fc3a,curacao,country,news,routine,t,2026-06-25 00:49:07.943116,2026-06-25 00:49:10.492,00,,,,,,Stories incoming,Curacao forward Kastaneer: he was crying long before the anthems even started.
6e715cd8-5fd1-4ed6-9ddf-5b7d12974c74,brazil,country,news,edge_function,t,2026-06-25 02:02:04.051473,2026-06-25 02:15:05.319,02,,1489405,WC_RIVAL_RESULT,2026-06-25 00:00:00,135.0886500000000000,Brazil's group,Morocco beat Haiti 4-2 in Brazil's group.
eb637bf3-1a6d-432e-b365-1b1aea544d2f,scotland,country,news,edge_function,t,2026-06-25 02:02:04.163679,2026-06-25 02:15:05.46,02,,1489405,WC_RIVAL_RESULT,2026-06-25 00:00:00,135.0910000000000000,Scotland's group,Morocco beat Haiti 4-2 in Scotland's group.
491e5a2c-34d6-48ad-b0fe-90a6c0e12a0b,morocco,country,matchday,edge_function,f,2026-06-25 02:02:04.349654,,,,1489405,,2026-06-25 00:00:00,,,
475d42be-1211-4212-a403-62a4290d780b,haiti,country,matchday,edge_function,f,2026-06-25 02:02:04.44947,,,,1489405,,2026-06-25 00:00:00,,,
3ef3f132-41a4-4446-bdee-54fec276a8a9,morocco,country,news,edge_function,t,2026-06-25 02:02:04.674611,2026-06-25 02:15:05.62,02,,1489406,WC_RIVAL_RESULT,2026-06-25 00:00:00,135.0936666666666667,Morocco's group,Brazil beat Scotland 3-0 in Morocco's group.
78847278-2aeb-4fd4-9549-42b6fa26d0f8,haiti,country,news,edge_function,t,2026-06-25 02:02:04.723817,2026-06-25 02:15:05.692,02,,1489406,WC_RIVAL_RESULT,2026-06-25 00:00:00,135.0948666666666667,Haiti's group,Brazil beat Scotland 3-0 in Haiti's group.
1cf615a7-1d58-4133-9454-58b95c326f2c,scotland,country,matchday,edge_function,f,2026-06-25 02:02:04.863865,,,,1489406,,2026-06-25 00:00:00,,,
43b4fc09-3b6f-47c9-96ff-78547a835d58,brazil,country,matchday,edge_function,f,2026-06-25 02:02:04.928412,,,,1489406,,2026-06-25 00:00:00,,,
1d2acc3e-ad2d-454c-8c60-b498ac5f91f8,south_korea,country,news,edge_function,t,2026-06-25 04:58:04.311288,2026-06-25 05:15:07.036,05,,1539010,WC_RIVAL_RESULT,2026-06-25 03:00:00,135.1172666666666667,South Korea's group,Mexico beat Czechia 3-0 in South Korea's group.
3c01f273-f489-432c-b00d-2e9e2ec644c2,south_africa,country,news,edge_function,t,2026-06-25 04:58:04.514892,2026-06-25 05:15:07.908,05,,1539010,WC_RIVAL_RESULT,2026-06-25 03:00:00,135.1318000000000000,South Africa's group,Mexico beat Czechia 3-0 in South Africa's group.
f31bc704-7e7c-4f65-acac-7432857dc811,czech_republic,country,matchday,edge_function,f,2026-06-25 04:58:04.682575,,,,1539010,,2026-06-25 03:00:00,,,
bec36183-1d80-4c4e-bde4-b9264fdb0644,mexico,country,matchday,edge_function,f,2026-06-25 04:58:04.765709,,,,1539010,,2026-06-25 03:00:00,,,
4549202b-aebd-44f4-b04d-62e4f478a5d7,mexico,country,news,edge_function,t,2026-06-25 04:58:04.986351,2026-06-25 05:15:08.08,05,,1489407,WC_RIVAL_RESULT,2026-06-25 03:00:00,135.1346666666666667,Mexico's group,South Africa beat South Korea 1-0 in Mexico's group.
c79ce00a-1651-4302-a38f-8213d4805c2d,czech_republic,country,news,edge_function,t,2026-06-25 04:58:05.03682,2026-06-25 05:15:08.143,05,,1489407,WC_RIVAL_RESULT,2026-06-25 03:00:00,135.1357166666666667,Czech Republic's group,South Africa beat South Korea 1-0 in Czech Republic's group.
d6390dce-6985-46c0-9be4-6a437dff76ff,south_africa,country,matchday,edge_function,f,2026-06-25 04:58:05.166514,,,,1489407,,2026-06-25 03:00:00,,,
8d6dff84-7674-4d5b-8c6d-62615cfae9fe,south_korea,country,matchday,edge_function,f,2026-06-25 04:58:05.298758,,,,1489407,,2026-06-25 03:00:00,,,
f49167fc-957c-4b36-a23f-5c26f5d68bbe,argentina,country,news,routine,t,2026-06-25 08:49:03.7836,2026-06-25 08:49:06.54,08,,,,,,He's 39 today,Messi turns 39 today. Still the best player at this World Cup.
b6b782d1-55cd-4717-b74c-a539e8fd4cc7,australia,country,news,routine,t,2026-06-25 08:49:24.970165,2026-06-25 08:49:27.29,08,,,,,,Two players out,Australia face Paraguay tomorrow with two starters injured. A draw gets them through.
7ef042fa-4125-4765-88b1-8e6b818cd9b8,brazil,country,news,routine,f,2026-06-25 08:49:44.722621,,,,,,,,He'll be giddy,Brazil beat Scotland 3-0 in Miami. Vinicius Jr sparked it from the start.
378f8d10-a29d-42cf-b374-f62cbb243fa7,germany,country,news,routine,t,2026-06-25 08:50:14.04841,2026-06-25 08:50:16.701,08,,,,,,From heartbreak to this,Germany's Havertz on losing the CL final with Arsenal: 'it was tough.' Now he's flying.
b8c21758-462d-4430-b701-3de2d348e94c,haiti,country,news,routine,f,2026-06-25 08:50:49.835691,,,,,,,,Phenomenal goal,Haiti's Isidor scored an extraordinary goal vs Morocco. They still lost 4-2.
947ff671-0ca6-4cf2-9a86-a5eee3d26c53,mexico,country,news,routine,f,2026-06-25 08:51:17.71958,,,,,,,,Perfect group stage,"Mexico beat Czechia 3-0. Three wins, first ever perfect WC group stage. He'll love this."
16f2f87f-b2ff-4aef-9a8f-67cd5bad290c,morocco,country,news,routine,f,2026-06-25 08:51:40.37267,,,,,,,,What a comeback,Morocco beat Haiti 4-2. Came from behind twice in a thriller. They're in the last 32.
3d8e21f0-e5f4-4f63-8189-f87f8760faee,qatar,country,news,routine,t,2026-06-25 08:52:03.178941,2026-06-25 08:52:04.985,08,,,,,,Five-game ban,Qatar's Madibo got a five-match ban for the tackle that broke Canada's Kone's leg.
e608dd24-7cde-4ee9-b39d-4a5b21a0afb2,scotland,country,news,routine,f,2026-06-25 08:52:44.328504,,,,,,,,They think they're out,Scotland lost 3-0 to Brazil. Clarke and McGinn both think they're going home.
2db51d04-e42b-40e2-b5e8-03b21f2d66f5,south_africa,country,news,routine,t,2026-06-25 08:55:12.875706,2026-06-25 08:55:16.161,08,,,,,,Historic night,South Africa in the World Cup knockouts for the first time ever. Maseko's goal did it.
be938f9f-4fc6-40c9-a740-b9927ba850f9,south_korea,country,news,routine,t,2026-06-25 08:55:32.562277,2026-06-25 08:55:34.988,08,,,,,,Son on the bench,Coach Hong left Son out of the XI vs South Africa. First time since 2010. They lost 1-0.
7157fd3f-72cb-4026-9468-2e6cf449e951,switzerland,country,news,routine,f,2026-06-25 08:56:17.486435,,,,,,,,Switzerland top the group,Switzerland beat Canada 2-1 in Vancouver. Both through. The Swiss keep home advantage.
a94a3884-0ea0-45d5-af08-e32c42787dc0,germany,country,news,edge_function,f,2026-06-25 09:00:11.87198,,,,buildup-1782417600000,,,,,
f065879e-1555-4d30-9aeb-b6791918a6e4,sweden,country,news,edge_function,f,2026-06-25 09:00:12.253017,,,,buildup-1782428400000,,,,,
77e54635-bb6f-4daa-9f37-4bebd43ffdbd,japan,country,news,edge_function,f,2026-06-25 09:00:13.199162,,,,buildup-1782428400000,,,,,
d5bd96a6-ba98-425e-bfb4-22a4423ed3f9,australia,country,news,edge_function,f,2026-06-25 09:00:13.256332,,,,buildup-1782439200000,,,,,
302295c2-eebd-4ed8-bbbb-135576fdee68,netherlands,country,news,edge_function,f,2026-06-25 09:00:13.33634,,,,buildup-1782428400000,,,,,
1e01fb67-2596-4ff2-b6e4-b7bb965884a3,tunisia,country,news,edge_function,f,2026-06-25 09:00:13.411276,,,,buildup-1782428400000,,,,,
d8646970-9c14-4d59-af03-68d676fd358a,turkiye,country,news,edge_function,f,2026-06-25 09:00:13.462722,,,,buildup-1782439200000,,,,,
adc003ab-e2d5-4383-81f7-21fb7740a095,ivory_coast,country,news,edge_function,f,2026-06-25 09:00:13.499217,,,,buildup-1782417600000,,,,,
ee49b539-83b5-429c-a986-ce0994008435,usa,country,news,edge_function,f,2026-06-25 09:00:13.59633,,,,buildup-1782439200000,,,,,
e5bef615-8fc1-4508-b3e2-913bbed69330,ecuador,country,news,edge_function,f,2026-06-25 09:00:13.63232,,,,buildup-1782417600000,,,,,
59597769-46b3-4cd8-837e-71f8beef8f01,curacao,country,news,edge_function,f,2026-06-25 09:00:13.670834,,,,buildup-1782417600000,,,,,
8e89632e-074f-4e4f-bcc4-e4461c27ac59,germany,country,news,edge_function,t,2026-06-25 23:59:02.022126,2026-06-26 00:15:02.938,00,,1489409,WC_RIVAL_RESULT,2026-06-25 22:00:00,135.0489666666666667,Germany's group,Ivory Coast beat Curaçao 2-0 in Germany's group.
e1e9f2fd-2527-4496-9bce-bca1b435a680,ecuador,country,news,edge_function,t,2026-06-25 23:59:02.141789,2026-06-26 00:15:03.194,00,,1489409,WC_RIVAL_RESULT,2026-06-25 22:00:00,135.0532333333333333,Ecuador's group,Ivory Coast beat Curaçao 2-0 in Ecuador's group.
51992206-5b21-49e9-943d-37670ad106b5,curacao,country,matchday,edge_function,f,2026-06-25 23:59:02.298395,,,,1489409,,2026-06-25 22:00:00,,,
0f42e6bd-5211-42ab-9226-1ed807c9ac10,ivory_coast,country,matchday,edge_function,f,2026-06-25 23:59:02.418248,,,,1489409,,2026-06-25 22:00:00,,,
90974e88-6a26-4f15-9896-93ecda3cc33b,ivory_coast,country,news,edge_function,t,2026-06-26 00:00:08.024672,2026-06-26 00:15:03.297,00,,1489410,WC_RIVAL_RESULT,2026-06-25 22:00:00,135.0549500000000000,Ivory Coast's group,Ecuador beat Germany 2-1 in Ivory Coast's group.
32530359-af31-4dab-9580-bc5c897cad48,curacao,country,news,edge_function,t,2026-06-26 00:00:08.135276,2026-06-26 00:15:03.387,00,,1489410,WC_RIVAL_RESULT,2026-06-25 22:00:00,135.0564500000000000,Curaçao's group,Ecuador beat Germany 2-1 in Curaçao's group.
0bd9b7a0-310e-4c3a-894a-1ba6bcce38d1,ecuador,country,matchday,edge_function,f,2026-06-26 00:00:08.428152,,,,1489410,,2026-06-25 22:00:00,,,
777970cd-32ac-4a5f-a0bd-fbcafcbcac9b,germany,country,matchday,edge_function,f,2026-06-26 00:00:08.529873,,,,1489410,,2026-06-25 22:00:00,,,
7b7e70f6-9b37-483e-9c64-74484bd235fb,ecuador,country,news,routine,f,2026-06-26 00:48:34.997999,,,,,,,,New York moment,Ecuador beat Germany 2-1 in New York. Plata scored the winner. They are through.
b2bad92f-e7cc-4eed-b27f-97e76bf4cc98,germany,country,news,routine,f,2026-06-26 00:49:09.935449,,,,,,,,He will stew on this,"Germany lost 2-1 to Ecuador. Scored first, lost anyway. Pundits say the goal was dodgy."
dc4dcd59-79fb-4e27-b40a-6119cc4ae2a1,ivory_coast,country,news,routine,f,2026-06-26 00:49:55.326442,,,,,,,,He will love this one,Ivory Coast beat Curacao 2-0. Pepe scored twice. They are through to the knockouts.
581ff71d-606f-4b37-91bc-767656e2b887,england,country,news,routine,t,2026-06-26 00:50:59.522315,2026-06-26 00:51:02.712,00,,,,,,Stories incoming,Man City agreed a British-record deal for Anderson. His England form wrote the fee.
9f78c68a-5355-4552-baf9-c03108f0c0f8,netherlands,country,news,routine,t,2026-06-26 00:51:46.39945,2026-06-26 00:51:49.356,00,,,,,,He's smiling at his phone,Gakpo is thriving for the Netherlands. His Liverpool future is uncertain.
51b04cc5-c8b5-4804-8d28-3b9d7b6c4940,spain,country,news,routine,t,2026-06-26 00:52:17.384938,2026-06-26 00:52:19.478,00,,,,,,Cancel Friday plans,Williams says he is ready to start alongside Yamal for Spain vs Uruguay on Friday.
dcccd6a8-b058-4001-9c7b-813f971431c6,usa,country,news,routine,t,2026-06-26 00:53:00.729096,2026-06-26 00:53:03.061,00,,,,,,He'll have the flag out,Pochettino has the USA believing they can win the World Cup. The mood has shifted.
910b17d5-e5a7-41fe-93f6-b216d4d143bd,czech_republic,country,news,routine,t,2026-06-26 00:53:25.596594,2026-06-26 00:53:29.261,00,,,,,,He might need a hug,Czech Republic lost 0-3 to Mexico. All three came in the second half. They're out.
c888b14a-b7ae-44fe-a19c-c5cc35198031,japan,country,news,edge_function,t,2026-06-26 02:55:06.756497,2026-06-26 03:15:06.465,03,,1489412,WC_RIVAL_RESULT,2026-06-26 01:00:00,135.1077500000000000,Japan's group,Netherlands beat Tunisia 3-1 in Japan's group.
548ffe77-34ca-4782-86b6-235e9599afb3,sweden,country,news,edge_function,t,2026-06-26 02:55:06.875676,2026-06-26 03:15:15.525,03,,1489412,WC_RIVAL_RESULT,2026-06-26 01:00:00,135.2587500000000000,Sweden's group,Netherlands beat Tunisia 3-1 in Sweden's group.
67067f42-b961-473e-8358-551b399bc165,tunisia,country,matchday,edge_function,f,2026-06-26 02:55:07.111711,,,,1489412,,2026-06-26 01:00:00,,,
56be174f-d45e-4c13-a8b6-a5e5f6a518e9,netherlands,country,matchday,edge_function,f,2026-06-26 02:55:07.191426,,,,1489412,,2026-06-26 01:00:00,,,
5dceaed3-1501-4c90-888d-674979f6966c,netherlands,country,news,edge_function,t,2026-06-26 02:59:03.457161,2026-06-26 03:15:15.683,03,,1539011,WC_RIVAL_RESULT,2026-06-26 01:00:00,135.2613833333333333,Netherlands's group,Sweden could only draw 1-1 at Japan in Netherlands's group.
748fbac9-de14-4800-9db2-919b4e6c54ce,tunisia,country,news,edge_function,t,2026-06-26 02:59:03.571805,2026-06-26 03:15:15.766,03,,1539011,WC_RIVAL_RESULT,2026-06-26 01:00:00,135.2627666666666667,Tunisia's group,Sweden could only draw 1-1 at Japan in Tunisia's group.
b8814a54-1312-4267-b61e-26ca25b1bb1a,japan,country,matchday,edge_function,f,2026-06-26 02:59:03.757574,,,,1539011,,2026-06-26 01:00:00,,,
c3c78bd1-66e6-41be-a5f4-b67f3798815e,sweden,country,matchday,edge_function,f,2026-06-26 02:59:03.832326,,,,1539011,,2026-06-26 01:00:00,,,
f803854d-5a5d-44f6-8079-ebe77e85ba4b,usa,country,news,edge_function,t,2026-06-26 05:59:02.184739,2026-06-26 06:15:04.038,06,,1489411,WC_RIVAL_RESULT,2026-06-26 04:00:00,135.0673000000000000,USA's group,Australia could only draw 0-0 at Paraguay in USA's group.
bee39df1-3c91-4eab-ad87-e785c458f217,turkiye,country,news,edge_function,t,2026-06-26 05:59:02.374689,2026-06-26 06:15:04.258,06,,1489411,WC_RIVAL_RESULT,2026-06-26 04:00:00,135.0709666666666667,Türkiye's group,Australia could only draw 0-0 at Paraguay in Türkiye's group.
9bd527ca-efea-4ac8-b8c8-85eca287c76c,paraguay,country,matchday,edge_function,f,2026-06-26 05:59:02.54655,,,,1489411,,2026-06-26 04:00:00,,,
dc0488c0-1492-4a34-9bb4-ebf5e3c28e1c,australia,country,matchday,edge_function,f,2026-06-26 05:59:02.624869,,,,1489411,,2026-06-26 04:00:00,,,
152dce67-8cf8-480e-971a-3f7dcda1a547,australia,country,news,edge_function,t,2026-06-26 06:03:02.045327,2026-06-26 06:15:04.482,06,,1539012,WC_RIVAL_RESULT,2026-06-26 04:00:00,135.0747000000000000,Australia's group,Türkiye beat USA 3-2 in Australia's group.
413f281b-3362-40d1-aeaf-bc5653dc630c,paraguay,country,news,edge_function,t,2026-06-26 06:03:02.22203,2026-06-26 06:15:04.608,06,,1539012,WC_RIVAL_RESULT,2026-06-26 04:00:00,135.0768000000000000,Paraguay's group,Türkiye beat USA 3-2 in Paraguay's group.
e1560e5f-a834-48a0-943e-97961d10f4e1,turkiye,country,matchday,edge_function,f,2026-06-26 06:03:02.460273,,,,1539012,,2026-06-26 04:00:00,,,
bff50d1d-57db-473e-bbbe-8f269df638d1,usa,country,matchday,edge_function,f,2026-06-26 06:03:02.538472,,,,1539012,,2026-06-26 04:00:00,,,
a6eb6e1e-9fc2-4d60-bb1a-fbdf221988e3,australia,country,news,routine,f,2026-06-26 08:47:38.441634,,,,,,,,Crisis averted,Australia drew 0-0 with Paraguay and are through to the World Cup last 32.
be543069-0463-4687-ba4b-469185fc9990,belgium,country,news,routine,t,2026-06-26 08:48:29.995047,2026-06-26 08:48:32.976,08,,,,,,Cancel Saturday plans,"Belgium need to beat New Zealand tomorrow or risk going home. Two draws, no wins yet."
366c0d0d-1d9f-4770-a504-c868f33a4f6c,bosnia_herzegovina,country,news,routine,t,2026-06-26 08:49:21.554857,2026-06-26 08:49:23.862,08,,,,,,He's going to have opinions,Bosnia face USA in the World Cup last 32 on 2 July. A first-ever knockout game.
f222071a-ee05-4eea-b6d7-eac8b0ee4e6d,england,country,news,routine,t,2026-06-26 08:51:27.530517,2026-06-26 08:51:32.272,08,,,,,,He'll have a whiteboard out,Shearer says England need to start Saka and Rashford against Panama on Friday.
2576f58e-4b41-4b94-a347-e9eb2b81305a,ivory_coast,country,news,routine,t,2026-06-26 08:52:30.430203,2026-06-26 08:52:34.002,08,,,,,,He's going to have opinions,Ivory Coast's manager says Schweinsteiger's comments about their style could be racist.
63de27ac-a6f7-423b-98e2-89b2c0d8d13c,japan,country,news,routine,f,2026-06-26 08:53:49.426693,,,,,,,,Phone-his-dad moment,Japan drew 1-1 with Sweden and are through to the World Cup last 32. Facing Brazil next.
c55e1fbe-6069-44e8-8241-ad1eaf112bb9,netherlands,country,news,routine,f,2026-06-26 08:54:48.967074,,,,,,,,Giddy for a week,Netherlands beat Tunisia 3-1 to win their group. They face Morocco in the last 32.
d8612a1e-6696-48e2-9aeb-6727b74f2472,scotland,country,news,routine,t,2026-06-26 08:55:53.7851,2026-06-26 08:55:56.47,08,,,,,,Give him a minute,Scotland's World Cup survival odds dropped to 5.26% after their loss to Brazil.
f881a495-e430-41aa-9e80-b85f47897292,sweden,country,news,routine,f,2026-06-26 08:57:12.366784,,,,,,,,Stories incoming,Elanga's stunning long-range effort rescued a 1-1 draw with Japan. Sweden are through.
c8d6cd95-0ef9-4843-aeb1-e6f3c06f4d5a,uruguay,country,news,edge_function,f,2026-06-26 09:00:04.010031,,,,buildup-1782518400000,,,,,
f43a73fc-76a7-4416-bd86-c7fdf9b5b4d9,belgium,country,news,edge_function,f,2026-06-26 09:00:04.122014,,,,buildup-1782529200000,,,,,
eb60d02d-ad40-4bce-a2b4-3518458d0b45,iraq,country,news,edge_function,f,2026-06-26 09:00:04.218263,,,,buildup-1782500400000,,,,,
4623fd60-e4a3-4f08-9c6b-4dca9e4a8397,norway,country,news,edge_function,f,2026-06-26 09:00:04.307514,,,,buildup-1782500400000,,,,,
3025c9c8-6fa3-46b6-a3ce-6c520036b47f,senegal,country,news,edge_function,f,2026-06-26 09:00:04.355834,,,,buildup-1782500400000,,,,,
e11202b0-d2b4-4391-9b87-a6d89467edbc,cape_verde,country,news,edge_function,f,2026-06-26 09:00:04.399376,,,,buildup-1782518400000,,,,,
19ce7042-8d39-4ccc-a8e8-c7b687a574d3,france,country,news,edge_function,f,2026-06-26 09:00:04.451826,,,,buildup-1782500400000,,,,,
83214791-5ea1-4358-b3da-3c9118435e7c,egypt,country,news,edge_function,f,2026-06-26 09:00:04.500092,,,,buildup-1782529200000,,,,,
3b18a3d6-99e7-40d9-9454-8748f9b39f3a,spain,country,news,edge_function,f,2026-06-26 09:00:04.545795,,,,buildup-1782518400000,,,,,
b8607c6a-3c3e-431c-9736-1095840809ef,iran,country,news,edge_function,f,2026-06-26 09:00:04.58558,,,,buildup-1782529200000,,,,,
750882d4-44b5-451d-a461-068443e36b56,new_zealand,country,news,edge_function,f,2026-06-26 09:00:04.620465,,,,buildup-1782529200000,,,,,
bd0237dc-ffbd-49fb-a249-6524e5564a76,saudi_arabia,country,news,edge_function,f,2026-06-26 09:00:04.658066,,,,buildup-1782518400000,,,,,
741892e1-9840-48e0-b085-64c775711325,tunisia,country,news,routine,f,2026-06-26 09:09:49.129571,,,,,,,,Tunisia's World Cup is over,Tunisia lost 1-3 to Netherlands and exit at the group stage.
8df84e64-c79e-4050-a543-b2a26d8b361f,turkiye,country,news,routine,f,2026-06-26 09:09:55.125363,,,,,,,,Turkey end on a high,"Turkey beat USA 3-2 with a last-minute goal, but they're out. He'll know it's over."
8bcad4ac-85d7-42ca-ae82-9ed56f3b7a4f,usa,country,news,routine,f,2026-06-26 09:10:00.999285,,,,,,,,USA lose but they're in the last 32,USA lost 3-2 to Turkey but they're through to the last 32. Bosnia on 2 July.
1591ac02-7b15-417f-b782-49e08542af81,senegal,country,news,edge_function,t,2026-06-26 23:00:12.779635,2026-06-26 23:15:05.639,23,,1489416,WC_RIVAL_RESULT,2026-06-26 21:00:00,135.0939833333333333,Senegal's group,France beat Norway 4-1 in Senegal's group.
d42ee8c7-1011-4fdc-a9a5-9ae1b22dde0d,iraq,country,news,edge_function,t,2026-06-26 23:00:12.899076,2026-06-26 23:15:05.986,23,,1489416,WC_RIVAL_RESULT,2026-06-26 21:00:00,135.0997666666666667,Iraq's group,France beat Norway 4-1 in Iraq's group.
029c3696-a2f9-4846-9c45-899e582b0b41,norway,country,matchday,edge_function,f,2026-06-26 23:00:13.16947,,,,1489416,,2026-06-26 21:00:00,,,
73beb513-a06d-4715-8bdc-a4507d6709de,france,country,matchday,edge_function,f,2026-06-26 23:00:13.26682,,,,1489416,,2026-06-26 21:00:00,,,
4ad2979f-f3dd-4001-92bd-7310070d85ba,france,country,news,edge_function,t,2026-06-26 23:05:05.53944,2026-06-26 23:15:06.22,23,,1539074,WC_RIVAL_RESULT,2026-06-26 21:00:00,135.1036666666666667,France's group,Senegal beat Iraq 5-0 in France's group.
7e07214a-4b3b-4342-8be0-32b48a89e5f0,norway,country,news,edge_function,t,2026-06-26 23:05:05.659941,2026-06-26 23:15:06.378,23,,1539074,WC_RIVAL_RESULT,2026-06-26 21:00:00,135.1063000000000000,Norway's group,Senegal beat Iraq 5-0 in Norway's group.
30c0d50f-6356-4589-8dd2-2555bea0caa3,senegal,country,matchday,edge_function,f,2026-06-26 23:05:05.843661,,,,1539074,,2026-06-26 21:00:00,,,
9093073e-fc76-45fa-8a84-e255f57f6154,iraq,country,matchday,edge_function,f,2026-06-26 23:05:05.923041,,,,1539074,,2026-06-26 21:00:00,,,
acca59a4-2bea-429a-af8b-c0413896f557,algeria,country,news,routine,t,2026-06-27 00:47:15.078941,2026-06-27 00:47:17.269,00,,,,,,He'll know this one,"Algeria vs Austria on Saturday. 44 years of World Cup grudge, finally getting its rematch."
fe791d4c-182b-4c60-8370-1b7de4b7edec,austria,country,news,routine,t,2026-06-27 00:47:51.014037,2026-06-27 00:47:54.341,00,,,,,,Historic match tomorrow,Austria vs Algeria on Saturday: win or go home. 44 years of World Cup grudge in one game.
fef93268-4736-4ad9-a427-48c57e93109c,cape_verde,country,news,routine,t,2026-06-27 00:48:20.280066,2026-06-27 00:48:22.342,00,,,,,,Anything's possible tonight,Cape Verde play Saudi Arabia tonight. Win and they could make the World Cup last 32.
0025f606-0d8a-4c05-a305-4c1bab2f24dc,ecuador,country,news,routine,t,2026-06-27 00:48:54.723813,2026-06-27 00:48:56.816,00,,,,,,Whole country's off today,Ecuador's president declared a public holiday after the Germany win. National party.
8e285d34-b48d-4587-b5ec-d3b89ab043be,england,country,news,routine,t,2026-06-27 00:49:14.930077,2026-06-27 00:49:17.553,00,,,,,,He'll be a bit gutted,England's Reece James is out for at least two games with a hamstring injury.
6b5ab767-ec03-4e30-8005-5813bd7d7f0b,france,country,news,routine,f,2026-06-27 00:49:54.138012,,,,,,,,France are flying,France beat Norway 4-1. Dembele hat-trick in 32 minutes. Perfect group stage.
a705bc9c-f2b3-48fa-beeb-a33464fb40d2,iraq,country,news,routine,f,2026-06-27 00:50:13.151852,,,,,,,,Hard one to take,"Iraq are out of the World Cup after a 5-0 loss to Senegal. Three games, no points."
b872b660-0dba-4c55-830e-5dac0ad38c0f,norway,country,news,routine,f,2026-06-27 00:50:32.737775,,,,,,,,Give him a minute,"Norway lost 4-1 to France without Haaland. Still through to the last 32, but it stings."
d77afb90-8c01-4f4c-a07c-e5252f4ac867,paraguay,country,news,routine,t,2026-06-27 00:50:49.96886,2026-06-27 00:50:52.183,00,,,,,,He'll be watching the table,Paraguay drew 0-0 with Australia. Almost certain to make the World Cup last 32 on points.
81c9e0da-d65a-4f75-8fc3-d0bda59d9426,senegal,country,news,routine,f,2026-06-27 00:51:20.63352,,,,,,,,Comeback story incoming,Senegal beat 10-man Iraq 5-0. Pape Gueye twice off the bench. Knockout hopes alive.
9800dec8-210d-4a8c-9e85-e01c26b5e444,spain,country,news,routine,t,2026-06-27 00:58:15.130881,2026-06-27 00:58:17.251,00,,,,,,He'll be glued to this,Spain vs Uruguay tonight. Ex-captain Azpilicueta: there's more to Spain than just Yamal.
57339499-a1b7-499f-a54b-fe8fd135812c,uruguay,country,news,routine,t,2026-06-27 00:58:29.859906,2026-06-27 00:58:32.697,00,,,,,,It's crunch time for Uruguay,On the brink of elimination. BBC Sport asks what's gone wrong for Bielsa's Uruguay.
ac8c2793-289c-4129-bc80-7295d9582b7b,spain,country,news,edge_function,t,2026-06-27 04:00:09.419554,2026-06-27 04:15:05.516,04,,1489413,WC_RIVAL_RESULT,2026-06-27 02:00:00,135.0919333333333333,Spain's group,Saudi Arabia could only draw 0-0 at Cape Verde Islands in Spain's group.
51a590fd-a1c5-447c-814f-d4f73a839a43,uruguay,country,news,edge_function,t,2026-06-27 04:00:09.523563,2026-06-27 04:15:05.74,04,,1489413,WC_RIVAL_RESULT,2026-06-27 02:00:00,135.0956666666666667,Uruguay's group,Saudi Arabia could only draw 0-0 at Cape Verde Islands in Uruguay's group.
1869fc00-58c5-4c15-8933-c8fe6891e783,cape_verde,country,matchday,edge_function,f,2026-06-27 04:00:09.763769,,,,1489413,,2026-06-27 02:00:00,,,
694fbb11-343e-43a1-9864-9276f741e3b5,saudi_arabia,country,matchday,edge_function,f,2026-06-27 04:00:09.854836,,,,1489413,,2026-06-27 02:00:00,,,
62d79345-1988-407e-962f-2854c05ee0c7,cape_verde,country,news,edge_function,t,2026-06-27 04:02:04.273738,2026-06-27 04:15:05.822,04,,1489417,WC_RIVAL_RESULT,2026-06-27 02:00:00,135.0970333333333333,Cape Verde Islands's group,Spain beat Uruguay 1-0 in Cape Verde Islands's group.
b98972b2-6328-4cd6-805b-7ffa808d5259,saudi_arabia,country,news,edge_function,t,2026-06-27 04:02:04.571036,2026-06-27 04:15:05.891,04,,1489417,WC_RIVAL_RESULT,2026-06-27 02:00:00,135.0981833333333333,Saudi Arabia's group,Spain beat Uruguay 1-0 in Saudi Arabia's group.
fa87f84c-3dd5-42ac-9f40-c692be2352c9,uruguay,country,matchday,edge_function,f,2026-06-27 04:02:04.793524,,,,1489417,,2026-06-27 02:00:00,,,
1ad56185-6b40-4e79-852c-8c87d01d7f59,spain,country,matchday,edge_function,f,2026-06-27 04:02:04.990114,,,,1489417,,2026-06-27 02:00:00,,,
c523badf-365e-4da8-aa22-a910712b0f82,egypt,country,news,edge_function,t,2026-06-27 06:58:02.419372,2026-06-27 07:15:03.19,07,,1489415,WC_RIVAL_RESULT,2026-06-27 05:00:00,135.0531666666666667,Egypt's group,Belgium beat New Zealand 5-1 in Egypt's group.
8a3d75f4-c3d5-465e-92b4-f005a5f56f92,iran,country,news,edge_function,t,2026-06-27 06:58:02.537809,2026-06-27 07:15:03.577,07,,1489415,WC_RIVAL_RESULT,2026-06-27 05:00:00,135.0596166666666667,Iran's group,Belgium beat New Zealand 5-1 in Iran's group.
48131113-899a-4271-9040-5527a305f2c1,new_zealand,country,matchday,edge_function,f,2026-06-27 06:58:02.72087,,,,1489415,,2026-06-27 05:00:00,,,
238e6db8-4786-47c2-8edb-e75be7bfcaca,belgium,country,matchday,edge_function,f,2026-06-27 06:58:02.820872,,,,1489415,,2026-06-27 05:00:00,,,
11113b82-c908-4718-862a-407d959e8c70,belgium,country,news,edge_function,t,2026-06-27 07:04:06.241793,2026-06-27 07:15:03.715,07,,1489414,WC_RIVAL_RESULT,2026-06-27 05:00:00,135.0619166666666667,Belgium's group,Iran could only draw 1-1 at Egypt in Belgium's group.
0972f0c6-fa7a-40f4-853a-4a0ad244366a,new_zealand,country,news,edge_function,t,2026-06-27 07:04:06.410851,2026-06-27 07:15:03.827,07,,1489414,WC_RIVAL_RESULT,2026-06-27 05:00:00,135.0637833333333333,New Zealand's group,Iran could only draw 1-1 at Egypt in New Zealand's group.
07d2d422-c717-4ada-a3d6-4e531c6b7752,egypt,country,matchday,edge_function,f,2026-06-27 07:04:06.604692,,,,1489414,,2026-06-27 05:00:00,,,
658a40f8-7acf-4611-8944-c0f7d9ebb19e,iran,country,matchday,edge_function,f,2026-06-27 07:04:06.696186,,,,1489414,,2026-06-27 05:00:00,,,
3c242b32-b4b1-40b7-ae5a-3046b5f24666,argentina,country,news,routine,t,2026-06-27 08:42:43.569271,2026-06-27 08:42:47.509,08,,,,,,He'll have opinions,Messi on the bench vs Jordan today. Scaloni's saving him for when it counts.
45a94ab6-63db-4c3f-99f9-3d8570ef126b,australia,country,news,routine,t,2026-06-27 08:43:20.681504,2026-06-27 08:43:23.021,08,,,,,,Mark the calendar,Australia's last-32 opponent is Egypt. They play on 3 July. [his name] will want to know.
784c77e2-1459-4e32-9752-c843748cbcd8,belgium,country,news,routine,f,2026-06-27 08:44:38.866784,,,,,,,,They found their form,Belgium thrash New Zealand 5-1. De Bruyne gets his first World Cup goal. They top Group G.
37748512-fabf-4b25-adbd-a638494fd3ae,cape_verde,country,news,routine,f,2026-06-27 08:45:48.572289,,,,,,,,Stories incoming,"Cape Verde drew with Saudi, first World Cup, straight into the last 32. A proper story."
5efcdc5f-5f72-4fba-a95f-a3c2eb33aba2,egypt,country,news,routine,f,2026-06-27 08:47:21.646373,,,,,,,,Crisis averted,Egypt drew 1-1 with Iran. VAR ruled out Iran's late winner. Egypt are in the last 32.
1329cbcc-7787-4c6d-a96e-4caca3857321,england,country,news,routine,t,2026-06-27 08:48:31.679814,2026-06-27 08:48:35.891,08,,,,,,Phone-his-dad moment,England are through to the World Cup knockouts before they even play Panama today.
05e078e7-7c06-4fc0-936b-40f6c17eedde,iran,country,news,routine,f,2026-06-27 08:49:38.45487,,,,,,,,VAR always wins,Iran drew 1-1 with Egypt. Late winner ruled out by VAR. Their World Cup fate is on hold.
454ee5cb-2d9d-47af-9ec5-de4d1933f93e,new_zealand,country,news,routine,f,2026-06-27 08:50:21.161033,,,,,,,,He'll be a bit gutted,New Zealand lost 5-1 to Belgium and are out of the World Cup. Their tournament is done.
6fc219b6-4202-48e7-a249-81f22c89e1f2,saudi_arabia,country,news,routine,f,2026-06-27 08:51:25.578195,,,,,,,,Early flight home,Saudi Arabia drew 0-0 with Cape Verde and crashed out of the World Cup.
38df432a-92d5-4f00-a15e-f974478d331d,spain,country,news,routine,f,2026-06-27 08:52:41.059726,,,,,,,,Stories incoming,Spain beat Uruguay 1-0. Muslera's mistake gifted Alex Baena the winner. Spain are through.
e3bd95eb-ef4f-48d6-98de-865e6621d997,spain,country,news,routine,t,2026-06-27 08:52:52.934015,2026-06-27 08:52:55.183,08,,,,,,Anxious wait,Spain winger Pino may miss the rest of the World Cup. Suspected broken collarbone.
e5b17946-9cf4-4407-a3bf-ba182b3f5474,uruguay,country,news,routine,f,2026-06-27 08:54:08.525799,,,,,,,,Six weeks of moping,"Uruguay are out. Spain beat them 1-0, Muslera's mistake sealed it. Red card and a row."
9bde40f3-b18d-4cf5-95c0-b0c87c89c9d7,panama,country,news,edge_function,f,2026-06-27 09:00:06.090776,,,,buildup-1782594000000,,,,,
2d971dec-3f7e-4d2b-a4d4-42f05c3ed45b,uzbekistan,country,news,edge_function,f,2026-06-27 09:00:06.258266,,,,buildup-1782603000000,,,,,
a336c849-4ef8-4ee4-856f-44b0813db9eb,portugal,country,news,edge_function,f,2026-06-27 09:00:06.320693,,,,buildup-1782603000000,,,,,
00c6f903-58d0-493f-b887-b972fe0410bd,algeria,country,news,edge_function,f,2026-06-27 09:00:06.431105,,,,buildup-1782612000000,,,,,
d8eea34e-083c-4ca2-b779-9d27a752493e,austria,country,news,edge_function,f,2026-06-27 09:00:06.486261,,,,buildup-1782612000000,,,,,
3867d238-dc2a-4134-bf38-455e369d3b7e,congo_dr,country,news,edge_function,f,2026-06-27 09:00:06.535717,,,,buildup-1782603000000,,,,,
b1b60eb2-07c0-4934-adac-2a4e0a4d27fa,colombia,country,news,edge_function,f,2026-06-27 09:00:06.584767,,,,buildup-1782603000000,,,,,
8c8108e4-0a28-4eee-b35b-52b597f8e9fa,croatia,country,news,edge_function,f,2026-06-27 09:00:06.633856,,,,buildup-1782594000000,,,,,
962a8aac-28d7-4863-87c6-2cc3fafc5ed2,england,country,news,edge_function,f,2026-06-27 09:00:06.686467,,,,buildup-1782594000000,,,,,
b58d47f0-2d8f-4e80-9439-524fcf597b86,ghana,country,news,edge_function,f,2026-06-27 09:00:07.387966,,,,buildup-1782594000000,,,,,
49aaa01a-a016-4367-b804-e0f2c3fe44a0,argentina,country,news,edge_function,f,2026-06-27 09:00:07.42844,,,,buildup-1782612000000,,,,,
cee64f00-903f-4d4f-9cbd-a5b0b10aa0cf,scotland,country,news,routine,t,2026-06-28 00:54:17.58224,2026-06-28 00:54:20.226,00,,,,,,He will want to vent,Scotland are out of the World Cup. Big question: does manager Clarke keep his job?
5d8c2d0e-785a-422f-b12c-3cd32f82d636,south_africa,country,news,routine,t,2026-06-28 00:54:34.576516,2026-06-28 00:54:38.76,00,,,,,,He might be smiling,South Africa coach Broos is finally getting his credit. Canada next in the knockouts.
f92f4ec2-894d-42fd-a8eb-7bfbad85647b,spain,country,news,routine,t,2026-06-28 00:54:55.282161,2026-06-28 00:54:57.711,00,,,,,,Crisis averted,Pino avoided a fracture. Spain say both his and Williams injuries are moderate.
e8ba9106-0c10-457a-bc18-a2651b6339d5,uruguay,country,news,routine,f,2026-06-28 00:55:22.666633,,,,,,,,"Bielsa era, done.",Uruguay manager Bielsa says he leaves with nothing. His WC tenure is over.
7bf2ebbe-9fcb-48ad-bfb0-f2cf3bffce12,ghana,country,news,edge_function,t,2026-06-28 00:56:04.477597,2026-06-28 01:15:07.811,01,,1489422,WC_RIVAL_RESULT,2026-06-27 23:00:00,135.1301833333333333,Ghana's group,England beat Panama 2-0 in Ghana's group.
3af42f5c-dc62-4ed5-9ca8-23dabfc03f84,croatia,country,news,edge_function,t,2026-06-28 00:56:04.572997,2026-06-28 01:15:07.943,01,,1489422,WC_RIVAL_RESULT,2026-06-27 23:00:00,135.1323833333333333,Croatia's group,England beat Panama 2-0 in Croatia's group.
31400985-6913-43a7-9a6a-c9dc289a9da8,panama,country,matchday,edge_function,f,2026-06-28 00:56:04.79554,,,,1489422,,2026-06-27 23:00:00,,,
0f760156-d908-498b-9911-cc4e3f28b335,england,country,matchday,edge_function,f,2026-06-28 00:56:04.867567,,,,1489422,,2026-06-27 23:00:00,,,
6ef7b0e0-aa20-44d5-9f9d-46da7ab934af,england,country,news,edge_function,t,2026-06-28 00:59:03.79539,2026-06-28 01:15:08.692,01,,1489420,WC_RIVAL_RESULT,2026-06-27 23:00:00,135.1448666666666667,England's group,Croatia beat Ghana 2-1 in England's group.
90766aa8-d523-474d-9ab9-2d03eed37b43,panama,country,news,edge_function,t,2026-06-28 00:59:03.898711,2026-06-28 01:15:08.864,01,,1489420,WC_RIVAL_RESULT,2026-06-27 23:00:00,135.1477333333333333,Panama's group,Croatia beat Ghana 2-1 in Panama's group.
9dbe7550-e504-43ff-883b-f564df2cc63f,croatia,country,matchday,edge_function,f,2026-06-28 00:59:04.056419,,,,1489420,,2026-06-27 23:00:00,,,
0e8044a6-8f22-49d5-8543-5e97955f74c6,ghana,country,matchday,edge_function,f,2026-06-28 00:59:04.125788,,,,1489420,,2026-06-27 23:00:00,,,
421f59b6-fca1-43ea-99d0-59a97e210362,congo_dr,country,news,edge_function,t,2026-06-28 03:29:04.821046,2026-06-28 04:15:06.226,04,,1489419,WC_RIVAL_RESULT,2026-06-28 01:30:00,165.1037666666666667,Congo DR's group,Portugal could only draw 0-0 at Colombia in Congo DR's group.
f5047e32-08f9-42ca-aaa4-ddc003554407,uzbekistan,country,news,edge_function,t,2026-06-28 03:29:04.951398,2026-06-28 04:15:06.485,04,,1489419,WC_RIVAL_RESULT,2026-06-28 01:30:00,165.1080833333333333,Uzbekistan's group,Portugal could only draw 0-0 at Colombia in Uzbekistan's group.
afacfb06-2ab0-48af-a661-633258033941,colombia,country,matchday,edge_function,f,2026-06-28 03:29:05.14557,,,,1489419,,2026-06-28 01:30:00,,,
46faab77-08c9-4aef-a7d2-4f3a66bdad3a,portugal,country,matchday,edge_function,f,2026-06-28 03:29:05.215449,,,,1489419,,2026-06-28 01:30:00,,,
0954c4f1-c6dc-4662-9016-bb1afc2d3101,colombia,country,news,edge_function,t,2026-06-28 03:33:04.133051,2026-06-28 04:15:06.643,04,,1539013,WC_RIVAL_RESULT,2026-06-28 01:30:00,165.1107166666666667,Colombia's group,Congo DR beat Uzbekistan 3-1 in Colombia's group.
3bd641f1-cdb2-4f60-abe1-572014fabe2c,portugal,country,news,edge_function,t,2026-06-28 03:33:04.238099,2026-06-28 04:15:06.733,04,,1539013,WC_RIVAL_RESULT,2026-06-28 01:30:00,165.1122166666666667,Portugal's group,Congo DR beat Uzbekistan 3-1 in Portugal's group.
09c7933f-ded3-42ba-a475-9c1e739d67a4,congo_dr,country,matchday,edge_function,f,2026-06-28 03:33:04.450565,,,,1539013,,2026-06-28 01:30:00,,,
4a4224b5-1596-4d02-bb5a-4f122b3a320f,uzbekistan,country,matchday,edge_function,f,2026-06-28 03:33:04.523676,,,,1539013,,2026-06-28 01:30:00,,,
72a0426b-540c-4353-801c-63ecac26bb1c,austria,country,news,edge_function,t,2026-06-28 05:58:05.105882,2026-06-28 06:15:03.811,06,,1489421,WC_RIVAL_RESULT,2026-06-28 04:00:00,135.0635166666666667,Austria's group,Argentina beat Jordan 3-1 in Austria's group.
f13190e3-915b-44f5-b980-ed6c2fb9b70a,algeria,country,news,edge_function,t,2026-06-28 05:58:05.225098,2026-06-28 06:15:04.138,06,,1489421,WC_RIVAL_RESULT,2026-06-28 04:00:00,135.0689666666666667,Algeria's group,Argentina beat Jordan 3-1 in Algeria's group.
5dc2b875-d5ab-44fc-a9f1-6e919ebc64c9,jordan,country,matchday,edge_function,f,2026-06-28 05:58:05.410718,,,,1489421,,2026-06-28 04:00:00,,,
0000c51e-ee50-47a9-a5b2-8c03cd979fbf,argentina,country,matchday,edge_function,f,2026-06-28 05:58:05.498895,,,,1489421,,2026-06-28 04:00:00,,,
89b7f7f7-ce33-4b6e-8e7f-968f788f1f09,argentina,country,news,edge_function,t,2026-06-28 06:00:15.579869,2026-06-28 06:15:04.318,06,,1489418,WC_RIVAL_RESULT,2026-06-28 04:00:00,135.0719666666666667,Argentina's group,Austria could only draw 3-3 at Algeria in Argentina's group.
bb3a0598-d27c-4b9c-b367-9bb29e979606,jordan,country,news,edge_function,t,2026-06-28 06:00:15.842844,2026-06-28 06:15:04.416,06,,1489418,WC_RIVAL_RESULT,2026-06-28 04:00:00,135.0736000000000000,Jordan's group,Austria could only draw 3-3 at Algeria in Jordan's group.
29fd394f-6add-4423-afa2-57ea5764a712,algeria,country,matchday,edge_function,f,2026-06-28 06:00:16.206048,,,,1489418,,2026-06-28 04:00:00,,,
aa192f54-cc26-4ed0-b25d-1d6faa636a13,austria,country,matchday,edge_function,f,2026-06-28 06:00:16.302467,,,,1489418,,2026-06-28 04:00:00,,,
591717f9-5c3b-4dad-8c6d-fea6dccd19ed,algeria,country,news,routine,f,2026-06-28 08:43:58.288703,,,,,,,,Giddy for a week,Algeria scraped through on a 3-3 draw with Austria. Both scored in injury time.
febb2acb-2e11-405e-b02b-f0268a606bae,argentina,country,news,routine,f,2026-06-28 08:44:44.908092,,,,,,,,T-shirt material,Messi scored again. He's now the first to score in seven World Cup tournaments.
a28a2c33-692e-45e1-9d03-983f5afbf2b4,colombia,country,news,routine,f,2026-06-28 08:45:19.313948,,,,,,,,He'll have opinions,Colombia top their group after 0-0 with Portugal. A goal ruled out by a toe.
6e426bb6-c5bd-448a-8f55-9f54ca3f447e,croatia,country,news,routine,f,2026-06-28 08:46:09.187902,,,,,,,,He'll come round,Croatia scraped through on a late Vlasic header. 2-1 against Ghana. Portugal next.
958111ba-d479-4201-bbf8-9a807548eb02,egypt,country,news,routine,t,2026-06-28 08:46:26.367112,2026-06-28 08:46:30.638,08,,,,,,Six weeks of moping,Salah is a doubt for Egypt's last-32 tie vs Australia with a hamstring injury.
a02899b5-97b9-4259-90b1-5e011f8a13e0,england,country,news,routine,f,2026-06-28 08:47:06.356713,,,,,,,,Stories incoming,Kane's now England's all-time World Cup scorer with 12 goals. England top the group.
8a5a936f-8821-44b8-ac6f-5b7797cc6b0d,ghana,country,news,routine,f,2026-06-28 08:47:35.98639,,,,,,,,Giddy for a week,Ghana are through despite losing their last group game. Colombia on Friday.
7020888f-abab-4bd9-88a4-f1a8411886ca,scotland,country,news,routine,t,2026-06-28 08:48:49.419642,2026-06-28 08:48:51.952,08,,,,,,He called it.,Steve Clarke stepped down as Scotland boss after their World Cup exit. The end of an era.
1caf9d8c-b82a-4e84-92b4-2dda4bffdf2a,spain,country,news,routine,t,2026-06-28 08:49:44.110052,2026-06-28 08:49:46.985,08,,,,,,He'll have a take,Williams called the tackle that hurt him 'completely unnecessary.' Spain are not happy.
2308dc8a-8345-4653-8989-5210a8d0d792,canada,country,news,routine,t,2026-06-28 08:50:22.213581,2026-06-28 08:50:24.384,08,,,,,,Cancel weekend plans,Davies is back for Canada vs South Africa tonight. Canada's biggest moment.
906fd218-1adb-48b5-867c-acdd057f672b,portugal,country,news,routine,f,2026-06-28 08:50:49.132806,,,,,,,,He'll come round,Portugal scraped through on a 0-0 draw with Colombia. Croatia next on Wednesday.
5358381c-358f-413c-b5e1-afc1f71b4e0b,japan,country,news,routine,t,2026-06-28 08:51:20.415821,2026-06-28 08:51:22.733,08,,,,,,Whiteboard material,Japan vs Brazil tomorrow in the last 32. The Guardian say this could be an upset.
2f280c86-ed1f-4181-a7df-473ad564ebe5,morocco,country,news,routine,t,2026-06-28 08:51:35.465244,2026-06-28 08:51:38.172,08,,,,,,Whiteboard material,Morocco vs Netherlands in the last 32 on Monday. The Guardian say the Dutch could be gone.
afd71202-0673-4582-b475-5742771b41f1,congo_dr,country,news,routine,f,2026-06-28 08:54:55.979074,,,,,,,,Phone-his-dad moment,DR Congo reached the World Cup last 32 for the first time. They face England on Wednesday.
71ecadde-50ee-40ec-9cf6-d434536e03ea,algeria,country,sunday_brief,routine,t,2026-06-28 11:27:40.686439,2026-06-28 11:27:44.028,11,,,,,,Algeria through as wild card,"Drew 3-3 with Austria on the final day. Fourth in group points, into the last 32."
486ff74b-0027-4260-b27f-c59ba1e3557d,argentina,country,sunday_brief,routine,t,2026-06-28 11:27:45.056357,2026-06-28 11:27:47.265,11,,,,,,Argentina win their group,"Perfect group stage. Nine points, three wins. Cape Verde in the round of 32 on Friday."
d4c74144-44a9-4ce8-8d0c-c90e32699edc,australia,country,sunday_brief,routine,t,2026-06-28 11:27:48.168933,2026-06-28 11:27:50.827,11,,,,,,Australia into the last 32,"Second in their group, four points. Egypt in the round of 32 on Thursday 3 July."
32f55241-3e8b-4727-a6b6-773fbcf9cfac,austria,country,sunday_brief,routine,t,2026-06-28 11:27:51.877852,2026-06-28 11:27:53.835,11,,,,,,"Austria through, face Spain",Drew 3-3 with Algeria on the last day. Through as group runners-up. Spain on Thursday.
0038cc3e-11f7-4ec3-bb19-1a6a26109afc,belgium,country,sunday_brief,routine,t,2026-06-28 11:27:54.580794,2026-06-28 11:27:56.728,11,,,,,,Belgium top the group,Won 5-1 vs New Zealand. Unbeaten group stage. Senegal in the round of 32 on Wednesday.
70531e02-ce39-48a2-b326-c5f27d45380a,bosnia_herzegovina,country,sunday_brief,routine,t,2026-06-28 11:27:57.411389,2026-06-28 11:27:59.257,11,,,,,,Bosnia face USA on Thursday,Through to the round of 32. Beat Qatar 3-1. Face the tournament hosts on Thursday.
48d7088a-243d-49de-81e4-50c9c610b968,brazil,country,sunday_brief,routine,t,2026-06-28 11:27:59.940119,2026-06-28 11:28:02.646,11,,,,,,Brazil play Japan tomorrow,Group winners with seven points. Round of 32 vs Japan on Monday. He will be glued.
a90be077-4a5f-446f-81ff-dda0b93cb937,canada,country,sunday_brief,routine,t,2026-06-28 11:28:03.361022,2026-06-28 11:28:05.017,11,,,,,,Canada play South Africa today,Through to the round of 32. South Africa today. He might already be watching.
d860a9a5-e208-4375-9348-e57175286e26,cape_verde,country,sunday_brief,routine,t,2026-06-28 11:28:05.741916,2026-06-28 11:28:07.61,11,,,,,,Cape Verde face Argentina,Drew all three group games. Unbeaten into the round of 32. Argentina on Friday.
76454cac-7ca0-4889-a4f9-8f7edd017cea,colombia,country,sunday_brief,routine,t,2026-06-28 11:28:08.349574,2026-06-28 11:28:10.284,11,,,,,,Colombia win Group K,"Seven points, group winners. Ghana in the round of 32 on Saturday 4 July."
60e1fa25-8c0e-46d8-8ef8-6f0c08a20ab2,congo_dr,country,sunday_brief,routine,t,2026-06-28 11:28:11.1301,2026-06-28 11:28:12.991,11,,,,,,Congo DR face England Tuesday,Through to the last 32. Beat Uzbekistan 3-1. Face England on Tuesday 1 July.
2a46230c-5df2-49d8-b62b-72e5f206db1f,croatia,country,sunday_brief,routine,t,2026-06-28 11:28:13.654453,2026-06-28 11:28:15.852,11,,,,,,Croatia face Portugal Thursday,Beat Ghana 2-1 to finish second in the group. Portugal in the round of 32 on Thursday.
e57049f5-be96-4569-898d-e2ae3f554cdb,curacao,country,sunday_brief,routine,t,2026-06-28 11:28:16.952901,2026-06-28 11:28:19.188,11,,,,,,Curacao out at the group stage,One point from three games. Lost 0-2 to Ivory Coast on Thursday. Tournament over.
0d75f423-6dfd-4735-abfa-4f89b2320c5a,czech_republic,country,sunday_brief,routine,t,2026-06-28 11:28:19.843493,2026-06-28 11:28:21.896,11,,,,,,Czech Republic go out,Lost 0-3 to Mexico on Thursday. Eliminated from the group stage. Tournament over.
42d6121b-3198-443f-a309-eb2642cd4dc0,ecuador,country,sunday_brief,routine,t,2026-06-28 11:28:22.546725,2026-06-28 11:28:24.762,11,,,,,,"Ecuador beat Germany, through",Beat Germany 2-1 in the group stage. Wild card into the last 32. Mexico on Wednesday.
dbd55c01-6c0d-4ec0-91ab-91c991487f17,egypt,country,sunday_brief,routine,t,2026-06-28 11:28:25.468517,2026-06-28 11:28:27.401,11,,,,,,Egypt through unbeaten,"Drew 1-1 with Iran. Five points, never beaten. Australia in the round of 32 on Thursday."
71bfe5a0-29f0-448e-99b0-c6eba5ad24c9,france,country,sunday_brief,routine,t,2026-06-28 11:28:28.10717,2026-06-28 11:28:29.871,11,,,,,,France play Sweden tomorrow,"Perfect group stage, nine points. Round of 32 vs Sweden on Monday. He will have plans."
e9fe883f-2442-4404-a2c1-df62f6b8e605,germany,country,sunday_brief,routine,t,2026-06-28 11:28:30.568681,2026-06-28 11:28:32.173,11,,,,,,Germany play Paraguay tomorrow,Topped Group E despite losing to Ecuador. Paraguay in the round of 32 on Monday.
5d0aea09-7f20-4a45-9837-2f2601401435,ghana,country,sunday_brief,routine,t,2026-06-28 11:28:32.848517,2026-06-28 11:28:34.62,11,,,,,,Ghana into the last 32,Through as a wild card on four points. Colombia in the round of 32 on Saturday.
777a5a92-b348-4f2a-953e-593d197de50c,haiti,country,sunday_brief,routine,t,2026-06-28 11:28:35.441656,2026-06-28 11:28:37.181,11,,,,,,Haiti eliminated at groups,"Three losses, no points. Lost 2-4 to Morocco on Wednesday. Out of the tournament."
014581f8-538f-4934-9a47-044cf434404e,iran,country,sunday_brief,routine,t,2026-06-28 11:28:37.798082,2026-06-28 11:28:39.418,11,,,,,,Iran out despite three draws,"Drew all three group games. Three points, went out as the ninth-best third-placed side."
cefb7edf-b7b9-4528-bd4f-1969886aab47,iraq,country,sunday_brief,routine,t,2026-06-28 11:28:40.087402,2026-06-28 11:28:42.223,11,,,,,,Iraq exit the group stage,"Three losses, no points. Lost 0-5 to Senegal on Friday. Eliminated from the tournament."
e52eb655-6f42-4b17-ade5-51a6f6a52dd1,ivory_coast,country,sunday_brief,routine,t,2026-06-28 11:28:43.184472,2026-06-28 11:28:44.942,11,,,,,,Ivory Coast face Norway Monday,"Second in the group, six points. Round of 32 vs Norway on Monday. He will want to watch."
e11f6dd0-c085-47da-b5a9-5d4220ed255e,japan,country,sunday_brief,routine,t,2026-06-28 11:28:45.910733,2026-06-28 11:28:47.586,11,,,,,,Japan face Brazil tomorrow,Unbeaten in the group stage. Round of 32 vs Brazil on Monday. A huge tie.
fd186e96-5c7f-47a1-b201-81b65455e022,england,country,sunday_brief,routine,t,2026-06-28 11:29:42.131042,2026-06-28 11:29:45.374,11,,,,,,England into the last 32,Topped Group L with seven points. Congo DR in the round of 32 on Tuesday. He will be ready
871f60b5-e524-4f89-b85b-3f9edb7e77df,jordan,country,sunday_brief,routine,t,2026-06-28 11:29:49.030308,2026-06-28 11:29:50.894,11,,,,,,Jordan exit the group stage,"Three losses, no points. Lost 1-3 to Argentina on Sunday. Out of the tournament."
e547db38-c6aa-43ab-86af-ed8564fd6e86,mexico,country,sunday_brief,routine,t,2026-06-28 11:29:51.588707,2026-06-28 11:29:53.317,11,,,,,,Mexico face Ecuador Tuesday,Perfect group stage as hosts. Nine points. Ecuador in the round of 32 on Tuesday.
d65e8bb3-3554-4418-a358-d4de603ece00,morocco,country,sunday_brief,routine,t,2026-06-28 11:29:54.058952,2026-06-28 11:29:55.857,11,,,,,,Morocco face the Dutch Monday,"Unbeaten in the group stage, seven points. Netherlands in the round of 32 tomorrow."
09b07429-1c61-44f9-874e-478ab3fd565c,netherlands,country,sunday_brief,routine,t,2026-06-28 11:29:56.619391,2026-06-28 11:29:58.321,11,,,,,,Netherlands face Morocco Monday,Topped Group F with seven points. Morocco in the round of 32 tomorrow. Two unbeaten sides.
f415502f-dce6-4a45-ac7c-2906d37e029e,new_zealand,country,sunday_brief,routine,t,2026-06-28 11:29:59.000422,2026-06-28 11:30:01.898,11,,,,,,New Zealand exit the groups,Lost 1-5 to Belgium on Saturday. One point from the group stage. Out of the tournament.
f7a786d7-1d26-47f0-b2c4-2ff230f961f1,norway,country,sunday_brief,routine,t,2026-06-28 11:30:02.70638,2026-06-28 11:30:04.377,11,,,,,,Norway face Ivory Coast Monday,Six points as group runners-up. Lost 1-4 to France last. Ivory Coast tomorrow.
20254452-f32b-44fc-a344-ecc96619b94c,panama,country,sunday_brief,routine,t,2026-06-28 11:30:05.051143,2026-06-28 11:30:06.903,11,,,,,,Panama go out at groups,"Three losses, no points. Lost 0-2 to England on Saturday. Out of the tournament."
84603bb0-1e74-40f8-9ed0-428ba71b6044,paraguay,country,sunday_brief,routine,t,2026-06-28 11:30:07.576459,2026-06-28 11:30:09.268,11,,,,,,Paraguay face Germany tomorrow,Through as a wild card on four points. Germany in the round of 32 on Monday.
b95a2303-5f9e-4106-b6a4-fb56f9e4e463,portugal,country,sunday_brief,routine,t,2026-06-28 11:30:10.168834,2026-06-28 11:30:12.553,11,,,,,,Portugal face Croatia Thursday,Through the group unbeaten. Five points. Croatia in the round of 32 on Thursday.
c5b122c4-5901-45c5-a9b0-cc277d3451e8,qatar,country,sunday_brief,routine,t,2026-06-28 11:30:13.382686,2026-06-28 11:30:15.459,11,,,,,,Qatar exit at the groups,One point from three games. Lost 1-3 to Bosnia on Wednesday. Out of the tournament.
22aea403-97bd-4675-b56e-73a6ce33d0a0,saudi_arabia,country,sunday_brief,routine,t,2026-06-28 11:30:16.341427,2026-06-28 11:30:18.529,11,,,,,,Saudi Arabia exit early,"Two draws, one loss. Two points. Out at the group stage after Saturday's goalless draw."
0c5292ff-7c5c-4362-8e11-c42f11963cb4,scotland,country,sunday_brief,routine,t,2026-06-28 11:30:19.204062,2026-06-28 11:30:21.054,11,,,,,,Scotland out at the groups,"Three points, one win. Not enough as a third-placed side. Out of the tournament."
837b7363-bb1d-47e8-a6cc-37b1247a4a74,senegal,country,sunday_brief,routine,t,2026-06-28 11:30:22.089358,2026-06-28 11:30:24.456,11,,,,,,Senegal face Belgium Wednesday,Barely through as the last wild card. Three points. Belgium in the round of 32 Wednesday.
a3a9ce9b-b73b-4b95-b618-11e06325cdad,south_africa,country,sunday_brief,routine,t,2026-06-28 11:30:25.119091,2026-06-28 11:30:28.667,11,,,,,,South Africa play Canada today,Through to the round of 32. Beat South Korea 1-0. Play Canada today.
1937e123-37c1-4ea6-8708-075b1cbf6f98,south_korea,country,sunday_brief,routine,t,2026-06-28 11:30:30.091888,2026-06-28 11:30:31.886,11,,,,,,South Korea exit the groups,"Three points, one win. Went out as 10th-best third-placed side. Tournament over."
fb3fc91e-e50f-4851-81f1-f639d9ae3a82,spain,country,sunday_brief,routine,t,2026-06-28 11:30:32.720556,2026-06-28 11:30:34.342,11,,,,,,Spain face Austria Thursday,"Group winners, seven points, unbeaten. Austria in the round of 32 on Thursday."
f78f0547-73ae-4dcb-91f5-ef633b937aa0,sweden,country,sunday_brief,routine,t,2026-06-28 11:30:35.058253,2026-06-28 11:30:37.252,11,,,,,,Sweden face France tomorrow,Through as a wild card on four points. Face France in the round of 32 tomorrow.
1da351b8-bf42-4134-8ba3-7af2b06ef0e9,switzerland,country,sunday_brief,routine,t,2026-06-28 11:30:38.057923,2026-06-28 11:30:39.843,11,,,,,,Switzerland face Algeria Friday,"Group winners, seven points, unbeaten. Algeria in the round of 32 on Friday."
665907e1-9202-45c8-bbb7-879796fbd9d4,tunisia,country,sunday_brief,routine,t,2026-06-28 11:30:40.586218,2026-06-28 11:30:42.601,11,,,,,,Tunisia exit the group stage,"Three losses, no points. Lost 1-3 to the Netherlands on Thursday. Out of the tournament."
6149e8f7-4bae-40d6-aeaa-e96df81ac76e,turkiye,country,sunday_brief,routine,t,2026-06-28 11:30:43.500291,2026-06-28 11:30:45.541,11,,,,,,Turkey out despite final win,Beat the USA 3-2 but still eliminated. Results earlier in the group cost them.
376b27f2-f4e9-4e08-9d10-c44701a78ff3,uruguay,country,sunday_brief,routine,t,2026-06-28 11:30:46.332667,2026-06-28 11:30:48.546,11,,,,,,Uruguay go out on two points,"Two draws, one loss. Worst third-placed side. Lost 0-1 to Spain on Saturday. Out."
990dc74e-fee9-4085-aa35-599616ae79cf,usa,country,sunday_brief,routine,t,2026-06-28 11:30:49.208036,2026-06-28 11:30:50.962,11,,,,,,USA face Bosnia on Thursday,Group winners at home. Six points. Bosnia in the round of 32 on Thursday.
b3443637-7ed7-4042-be25-ed223b1fa514,uzbekistan,country,sunday_brief,routine,t,2026-06-28 11:30:51.663681,2026-06-28 11:30:53.466,11,,,,,,Uzbekistan exit the groups,"Three losses, no points. Lost 1-3 to Congo DR on Saturday. Out of the tournament."
8eccec05-5a45-4d62-9e79-6f16e2b6c227,canada,country,news,routine,f,2026-06-29 00:42:03.888238,,,,,,,,He'll want to talk all night,Canada beat South Africa 1-0. They're through to the last 16.
7111c5a5-f6d8-4bb1-8059-461642cde03f,south_africa,country,news,routine,f,2026-06-29 00:47:18.547476,,,,,,,,He'll be a bit gutted,South Africa lost 0-1 to Canada and are out of the World Cup.
3e75a597-1e45-4ff8-ae49-db628efc3a66,argentina,country,news,routine,t,2026-06-29 08:40:28.169093,2026-06-29 08:40:32.203,08,,,,,,He's doing bracket maths,Messi vs Ronaldo can't meet until the final now. Portugal's draw moved the bracket.
0a152df4-731f-4b9e-b9bd-271813129ed2,australia,country,news,routine,t,2026-06-29 08:42:42.061709,2026-06-29 08:42:44.711,08,,,,,,He's having a good morning,Egypt's Salah is a hamstring doubt for the Australia tie on Friday. He'll take that.
c6b9ed46-498e-4b39-9f47-8261b6c98a0a,south_korea,country,news,routine,t,2026-06-29 08:51:42.149516,2026-06-29 08:51:45.024,08,,,,,,It's gone political,South Korea's manager quit after the exit. President called for a probe into the loss.
66091a13-4ee9-45ba-b46f-d52e2d90f473,brazil,country,news,routine,t,2026-06-29 08:52:07.377928,2026-06-29 08:52:09.431,08,,,,,,He's feeling good about tonight,Japan's star Kubo is out for today's match against Brazil. Third game without him.
d359a56e-c0b5-46d5-8ad8-6c56289c2c3a,brazil,country,news,routine,t,2026-06-29 08:52:19.625833,2026-06-29 08:52:21.213,08,,,,,,Calm as anything,Ancelotti won't engage in Japan's mind games ahead of tonight's tie. That's just him.
a830104b-6453-4263-865a-3faef6fabf79,canada,country,news,routine,t,2026-06-29 08:53:10.162095,2026-06-29 08:53:12.503,08,,,,,,Phone-his-dad moment,Jesse Marsch called his squad 'Canadian heroes' after their first-ever knockout win.
6314dc8b-b046-4fde-9d7b-ca27d9bf8f67,england,country,news,routine,t,2026-06-29 08:54:12.490981,2026-06-29 08:54:15.215,08,,,,,,He'll breathe easy,Rice is fit to start England's tie with DR Congo on Wednesday. One less worry.
bdce07cf-8b0e-4c67-92ee-e35cf6a50d22,england,country,news,routine,t,2026-06-29 08:54:39.479781,2026-06-29 08:54:42.522,08,,,,,,He's got the injury chart out,Tuchel is 'worried' about England's right-back injuries ahead of Wednesday's tie.
b90f79bf-6838-46ba-aed9-523ff831115a,scotland,country,news,routine,t,2026-06-29 08:55:18.80661,2026-06-29 08:55:21.795,08,,,,,,He's got a shortlist,Scotland fans are debating who replaces Clarke. He'll have a take.
a4791fa2-9a9d-4208-a646-cdd7c65973c7,uruguay,country,news,routine,t,2026-06-29 08:55:45.388515,2026-06-29 08:55:48.365,08,,,,,,Six weeks of moping,Uruguay's Ugarte has knee ligament damage. Manchester United are dealing with the fallout.
4a918909-0ff6-4f13-ad99-41d72d6f64a1,usa,country,news,routine,t,2026-06-29 08:57:22.513258,2026-06-29 08:57:24.746,08,,,,,,He's smiling at this squad,The USA squad is rife with leaders going into the knockouts. Not just captain Ream.
09b68db2-aa57-4f4f-aa27-705a7780b01a,portugal,country,news,routine,f,2026-06-29 08:57:42.374857,,,,,,,,He might have opinions,Analysts say Portugal may be overusing Ronaldo. Could hurt them in the knockouts.
656feb0a-7246-4c7b-a8d4-17edf5444b9b,austria,country,news,routine,t,2026-06-30 00:40:47.120743,2026-06-30 00:40:49.001,00,,,,,,He'll have a theory,Austria and Algeria both scored injury-time goals to draw 3-3. Both through. Iran: out.
dfb37dea-0083-4ed0-ad62-611c79f4acea,brazil,country,news,routine,f,2026-06-30 00:43:14.772847,,,,,,,,Phone-his-dad moment,"Brazil beat Japan 2-1, Martinelli 96th-minute winner after they were losing at half-time."
0f9d2301-d699-4ccf-a58a-308f16d1e66c,england,country,news,routine,t,2026-06-30 00:46:25.040111,2026-06-30 00:46:28.465,00,,,,,,Whiteboard material,Saka says England have been practising penalties. He already has the order memorised.
1cad7c63-4e09-482f-8a5d-f43472d148aa,france,country,news,routine,t,2026-06-30 00:48:03.917261,2026-06-30 00:48:06.247,00,,,,,,He'll be watching,France face Sweden tomorrow. Deschamps says they're confident. He'll have thoughts.
10cb363a-9570-4611-a6d8-c699b628bc31,ivory_coast,country,news,routine,t,2026-06-30 00:49:20.065655,2026-06-30 00:49:22.088,00,,,,,,He'll have a bracket,Ivory Coast face Norway tomorrow. Win and they play Brazil in the last 16.
29d00358-4ed1-4b02-ba14-2c22b7b8ccdb,japan,country,news,routine,f,2026-06-30 00:50:49.679116,,,,,,,,Give him a minute,Japan out. Brazil won 2-1 in the 96th. He'll take it personally.
97095c11-8cb6-4ad8-a452-99f26ea6622a,mexico,country,news,routine,t,2026-06-30 00:52:06.758653,2026-06-30 00:52:08.97,00,,,,,,T-shirt material,"Jimenez leads Mexico at this WC, six years after a near-fatal skull fracture. He's back."
ac8ec3a2-a6e8-4fc3-8848-82262d9192a6,netherlands,country,news,routine,t,2026-06-30 00:52:42.295241,2026-06-30 00:52:44.93,00,,,,,,He'll have a lot to say,Netherlands face Morocco tonight. The BBC called it more than just a match. He'll explain.
d12a4903-30e3-44c9-a021-c04aa18c4587,norway,country,news,routine,t,2026-06-30 00:54:14.508916,2026-06-30 00:54:16.897,00,,,,,,He'll have a theory,Haaland looks relaxed at this World Cup. Bad news for Ivory Coast tomorrow.
087a10b1-98e5-4b49-b211-79f5c913f0d9,germany,country,news,routine,f,2026-06-30 08:47:11.858593,,,,,,,,Give him a minute,Germany are out. Paraguay beat them 4-3 on penalties. Nobody saw this coming.
1d2bb8a1-b7da-4da6-8e2c-a8a6d481d2fe,netherlands,country,news,routine,f,2026-06-30 08:47:42.1883,,,,,,,,He'll come round,"Netherlands are out. Morocco beat them 3-2 on penalties. Sulk first, dinner after."
639803d5-959a-41fc-a2c8-97b51dba4790,paraguay,country,news,routine,f,2026-06-30 08:48:02.934884,,,,,,,,Stories incoming,Paraguay beat Germany 4-3 on penalties. They're in the World Cup last 16.
ef90eb47-8a0e-46ab-83ae-70d9246c6127,morocco,country,news,routine,f,2026-06-30 08:49:08.111594,,,,,,,,Phone-his-dad moment,Morocco beat Netherlands 3-2 on penalties. They're in the World Cup last 16.
c904b7e7-b4a4-44e3-9f23-681c65c231e5,cape_verde,country,news,routine,t,2026-07-01 00:50:00.742549,2026-07-01 00:50:04.455,00,,,,,,Stories incoming,Cape Verde made the World Cup knockouts. It is exactly what a 48-team WC is for.
ad43214c-4d6c-4d90-809b-ad130f568211,congo_dr,country,news,routine,t,2026-07-01 00:50:48.092459,2026-07-01 00:50:50.257,00,,,,,,52 years in the making,DR Congo play England tomorrow. First WC knockout in 52 years. He will know this story.
b73c90b9-9716-4236-8443-0a270c5c14eb,england,country,news,routine,t,2026-07-01 00:51:12.377687,2026-07-01 00:51:15.875,00,,,,,,He will have a take,"Former England captain Rooney says start Mainoo, drop Anderson against DR Congo tomorrow."
dbb29ea3-b7a7-4a00-852c-f3d02ff5e57a,germany,country,news,routine,t,2026-07-01 00:51:32.580392,2026-07-01 00:51:35.025,00,,,,,,T-shirt material,Germany's boss Nagelsmann said they are no longer a first-class team. He wants to stay on.
c3b9fb05-730e-411e-ba41-d9b72fa5d82a,germany,country,news,routine,t,2026-07-01 00:51:58.502592,2026-07-01 00:52:01.393,00,,,,,,He will have a whiteboard out,BBC Sport say the prospect of Klopp looms for Germany after their World Cup exit.
ce4bdb74-5907-4c01-835e-42db0f362ee5,ivory_coast,country,news,routine,f,2026-07-01 00:52:38.034902,,,,,,,,Give him a minute,Ivory Coast are out. Norway beat them 2-1. Haaland scored late. Amad's goal was stunning.
b18a878b-0593-4720-9f74-c063f08b2153,mexico,country,news,routine,t,2026-07-01 00:53:22.012525,2026-07-01 00:53:24.471,00,,,,,,Tonight's the night,"Mexico always fall in the round of 16. Tonight vs Ecuador, they try to break it."
db85ff56-e470-4ea4-a07c-cc6ac20a9f36,mexico,country,news,routine,t,2026-07-01 00:53:58.679004,2026-07-01 00:54:01.381,00,,,,,,Mad scenes already,Ecuador complained about noisy Mexico fans outside their hotel. Game not started yet.
e056fd0d-327e-41e2-b864-4fb9b753520b,netherlands,country,news,routine,t,2026-07-01 00:54:32.336272,2026-07-01 00:54:35.809,00,,,,,,He is going to have opinions,Koeman resigned as Netherlands manager after their exit. Responsibility rests with him.
1eaa0c84-861b-417a-8d64-3e5af2034d99,norway,country,news,routine,f,2026-07-01 00:55:04.382312,,,,,,,,Giddy for a week,Norway beat Ivory Coast 2-1. Haaland scored the winner. Next: Brazil on Saturday.
547794c9-0923-4a8f-862a-419f7a51bc11,paraguay,country,news,routine,t,2026-07-01 00:55:31.313205,2026-07-01 00:55:34.021,00,,,,,,Phone-his-dad moment,Penalty hero Gill was in football obscurity 18 months ago. He just knocked Germany out.
ecb1fa64-4aa6-4414-bf67-73190ff7d3d7,portugal,country,news,routine,f,2026-07-01 00:55:55.373737,,,,,,,,Ramos heads to AC Milan,Portugal striker Ramos confirmed move to AC Milan from PSG for a reported £60m.
77061d4e-8dee-488c-a7e6-4b71a9c13954,south_korea,country,news,routine,t,2026-07-01 00:56:31.961924,2026-07-01 00:56:34.395,00,,,,,,He might need a moment,Son Heung-min said he is indescribably hurt. He will run to death for the fans.
683a9077-22ee-4550-9aad-2653b04619f4,belgium,country,news,routine,t,2026-07-01 08:42:30.556974,2026-07-01 08:42:33.151,08,,,,,,Garcia's got something to say,Belgium boss Garcia fired back after press called De Bruyne washed-up. Senegal tonight.
3bf05429-ab44-48a5-9e33-8467ff2f73fb,congo_dr,country,news,routine,t,2026-07-01 08:46:31.971813,2026-07-01 08:46:34.956,08,,,,,,He'll have spotted this,England's right-backs Quansah and James are both out injured. Congo DR plays today.
d777ddf5-cb4d-4fdb-bd46-f0850d19d636,ecuador,country,news,routine,f,2026-07-01 08:48:17.286095,,,,,,,,He might be quiet tonight,"Ecuador are out. Lost 2-0 to Mexico, and Hincapie got sent off for covering his mouth."
b4530386-133e-4f1d-9717-0e40f2d7a188,england,country,news,routine,t,2026-07-01 08:50:10.8818,2026-07-01 08:50:13.643,08,,,,,,Mexico are waiting,"Mexico set up a potential England last-16 at the Azteca. Four wins, zero conceded."
2ed8962e-6db6-4603-8920-688fec3e4712,france,country,news,routine,f,2026-07-01 08:51:24.903788,,,,,,,,He'll be texting everyone,France beat Sweden 3-0. Mbappé broke the knockout goals record. Paraguay are next.
3b645b20-a416-4eb8-ae2f-468da245dfd0,mexico,country,news,routine,f,2026-07-01 08:53:50.923499,,,,,,,,He'll lose it,Mexico beat Ecuador 2-0 at the Azteca. First knockout win in 40 years. England next.
9432d15c-e06e-4937-9d8f-92a1311006e0,australia,country,news,routine,t,2026-07-02 00:43:01.692117,2026-07-02 00:43:04.506,00,,,,,,He'll be on edge,Salah looks set to play against Australia. Tell him to plan a quiet night this week.
db0f77e1-36ff-41b1-b858-2c570f8cca62,austria,country,news,routine,t,2026-07-02 00:45:21.840698,2026-07-02 00:45:24.967,00,,,,,,He's getting hopeful,Spain play Austria tomorrow. Spain have been shaky. He'll be doing the maths.
a3971506-d554-4e8a-9808-8af906a11a3a,congo_dr,country,news,routine,f,2026-07-02 00:50:02.731644,,,,,,,,Proud even in defeat,DR Congo lost 2-1 to England but led for 75 minutes. Their goalkeeper was extraordinary.
156cd6d7-61b2-4908-a119-10b0f0676d64,croatia,country,news,routine,t,2026-07-02 00:52:08.053462,2026-07-02 00:52:10.767,00,,,,,,Pencil in tomorrow,Croatia vs Portugal tomorrow. Modric vs Ronaldo. He'll be glued to it.
6cd31535-d70d-4864-9026-b363b47c0533,ecuador,country,news,routine,t,2026-07-02 00:53:41.931887,2026-07-02 00:53:44.824,00,,,,,,That's the end of that,Ecuador manager Beccacece is leaving after their World Cup exit. Chapter closed.
9743e7b5-4d46-4e4c-828e-539e0394380f,egypt,country,news,routine,f,2026-07-02 00:54:26.703161,,,,,,,,Glowing,Salah looks set to play against Australia on Friday. Egypt have their star.
01dc7c7c-ea02-4fdb-ab3e-357241d9c725,england,country,news,routine,f,2026-07-02 00:56:03.287501,,,,,,,,He'll call his dad,England beat DR Congo 2-1. Kane scored twice. He'll ring everyone.
07888e7b-7da1-414f-9a7c-622184a85ef2,england,country,news,routine,t,2026-07-02 01:00:24.545008,2026-07-02 01:00:28.98,01,,,,,,T-shirt material,Kane passed Pelé's World Cup record with 13 goals. He'll never let it go.
82869cf8-3871-4e35-8080-2cd53bb8cb37,germany,country,news,routine,t,2026-07-02 01:04:54.883169,2026-07-02 01:04:59.088,01,,,,,,He's not coming back,Germany's goalkeeper Neuer has retired from international duty. He says no regrets.
0d34a0dc-7e87-4a58-94f9-4f6acd098d53,morocco,country,news,routine,t,2026-07-02 01:08:38.742597,2026-07-02 01:08:42.291,01,,,,,,Good problems to have,Morocco's Saibari just signed for Bayern Munich mid-tournament. Kompany made it happen.
f11db440-be75-4db9-90b6-c82922cf3e78,scotland,country,news,routine,t,2026-07-02 01:12:14.203457,2026-07-02 01:12:17.301,01,,,,,,He called it easy,Steve Clarke stepped down as Scotland boss. He called the decision 'easy.'
fcd4b955-de80-48a9-b183-6f8629342188,senegal,country,news,routine,f,2026-07-02 01:14:12.55403,,,,,,,,He'll be hurting,Belgium beat Senegal 3-2 after extra time. Senegal are out of the World Cup.
b78137cc-afed-45bd-89dd-5ac5880b163f,spain,country,news,routine,t,2026-07-02 01:16:31.583575,2026-07-02 01:16:34.727,01,,,,,,He's been waiting for this,Spain face Austria in the last 32 tomorrow. Cucurella says he 'understands' the criticism.
77e28388-d483-4a16-ac0c-4e0b51f29812,usa,country,news,routine,t,2026-07-02 01:18:14.91796,2026-07-02 01:18:17.781,01,,,,,,Set an alarm,USA face Bosnia in the last 32 tonight. Kicks off at 1am BST. He won't sleep.
9b2e0f1f-bf26-4990-abe5-48cd468fa053,belgium,country,news,routine,f,2026-07-02 08:50:17.116498,,,,,,,,Giddy for a week,Belgium beat Senegal 3-2 after extra time. They were 0-1 down at half. Wild comeback.
b54b468d-60a1-4821-a818-421ca50e60ad,bosnia_herzegovina,country,news,routine,f,2026-07-02 08:50:34.138125,,,,,,,,He might need a hug,Bosnia lost 0-2 to the USA and are out of the World Cup. Hard to take.
41145566-12ac-49dd-a29d-1442dca97308,cape_verde,country,news,routine,t,2026-07-02 08:50:52.809253,2026-07-02 08:50:55.926,08,,,,,,Underdog energy,"Cape Verde play Argentina on Thursday. Their defender says he is excited, not scared."
c00ec0d4-32ec-45c2-b06a-28d549d38112,england,country,news,routine,t,2026-07-02 08:51:13.9813,2026-07-02 08:51:17.37,08,,,,,,He's been calculating,Tuchel says altitude gives Mexico a huge advantage at the Azteca. England play July 6.
58820b78-703a-4836-8512-1dd49291d3c7,france,country,news,routine,t,2026-07-02 08:51:44.219905,2026-07-02 08:51:47.267,08,,,,,,He's smiling at his phone,France beat Sweden 3-0. Olise has not scored yet but France are obsessed with him.
04869ca2-50cb-4ac5-a0ca-9ff277b9efc7,paraguay,country,news,routine,t,2026-07-02 08:52:19.792543,2026-07-02 08:52:22.633,08,,,,,,Vindicated,FIFA explained Germany's disallowed goal vs Paraguay. Coaches were pre-warned.
827160f0-eee9-49e6-9b03-087166764380,sweden,country,news,routine,t,2026-07-02 08:52:43.91218,2026-07-02 08:52:47.022,08,,,,,,He'll be a bit gutted,Sweden lost 3-0 to France and are out of the World Cup. Mbappé scored twice.
7f528142-b053-417b-9edc-f41c5fb7de12,usa,country,news,routine,f,2026-07-02 08:53:07.650254,,,,,,,,Stories incoming,USA beat Bosnia 2-0. Balogun scored and was sent off. He might miss the Belgium game.
e030372b-bde8-4b09-b03f-c901b6ac2909,cape_verde,country,news,routine,t,2026-07-03 00:46:00.787772,2026-07-03 00:46:04.374,00,,,,,,He'll love this one,"Cape Verde face Messi's Argentina tomorrow. Don't be starstruck, says their defender."
7bc159ea-6485-4145-ac6c-323dc70d7787,england,country,news,routine,t,2026-07-03 00:46:20.958828,2026-07-03 00:46:24.844,00,,,,,,Cancel the Sunday plans,England-Mexico kicks off at 1am. Pubs can now stay open till 5am. Decide now.
e554c8e7-63ff-4e2a-b03b-21307c3c094a,japan,country,news,routine,f,2026-07-03 00:46:52.966663,,,,,,,,"Japan winger, PL interest",Nakamura is reportedly keen on a Premier League move after his World Cup performances.
a292db60-2f10-4c56-9557-f09b5cfdd136,portugal,country,news,routine,t,2026-07-03 00:47:11.137404,2026-07-03 00:47:13.722,00,,,,,,He'll feel this one,"Portugal play Croatia tonight. The whole squad says they're doing it for Jota, a year on."
92240fdd-7d87-4824-9613-3bc99b3d3da1,senegal,country,news,routine,t,2026-07-03 00:47:29.78875,2026-07-03 00:47:33.232,00,,,,,,He'll have thoughts,Senegal midfielder Gueye has quit the national squad until the coaching staff is replaced.
dc8871e4-2166-4555-8805-57a041dcde9f,spain,country,news,routine,f,2026-07-03 00:48:07.930878,,,,,,,,Smoothly done,Spain 3-0 Austria. Oyarzabal scored twice. They're into the last 16.
b3e43611-85b8-4d70-afb1-f42075868629,usa,country,news,routine,t,2026-07-03 00:48:50.704753,2026-07-03 00:48:53.563,00,,,,,,T-shirt material,USA's Tillman barely made the squad. Now the Guardian calls his Bosnia game historic.
5b8003d9-2e52-4cfa-ac86-b65b00f20026,algeria,country,news,routine,f,2026-07-03 08:38:44.808941,,,,,,,,Give him a minute,Algeria lost 2-0 to Switzerland in the Round of 32. They're out of the World Cup.
d7eb6c98-4ced-4113-8de4-7fed3e4cd96a,argentina,country,news,routine,t,2026-07-03 08:40:09.687873,2026-07-03 08:40:12.023,08,,,,,,He's been waiting for this,Argentina play Cape Verde tonight in the World Cup Round of 32. It's on.
433ddca8-2562-4e0b-b88e-48344a477027,australia,country,news,routine,t,2026-07-03 08:41:21.374195,2026-07-03 08:41:23.523,08,,,,,,He's hoping for history,Australia vs Egypt today in Round of 32. The Socceroos genuinely fancy their chances.
6fc02f63-a16b-4473-9b6d-eaf4ce9967cf,austria,country,news,routine,f,2026-07-03 08:42:41.316862,,,,,,,,Heavy one,Austria lost 3-0 to Spain in the Round of 32. They're out of the World Cup.
d1afc794-7fff-41d7-b6d2-739045bc413b,belgium,country,news,routine,t,2026-07-03 08:44:02.238196,2026-07-03 08:44:04.831,08,,,,,,He's going to love this,Belgium face USA in the World Cup last 16 on July 7. Golden generation's last shot.
63f9b9f1-cdf0-4bfb-8ae0-59283ef329b3,brazil,country,news,routine,t,2026-07-03 08:45:35.866929,2026-07-03 08:45:38.425,08,,,,,,He'll have the lineup sorted,Brazil face Norway in the World Cup Round of 16 on July 5. It's a proper test this time.
d8a71c06-3ba8-42bd-8e45-3deb267b0ae9,canada,country,news,routine,t,2026-07-03 08:46:34.143709,2026-07-03 08:46:36.803,08,,,,,,Giddy for a week,Canada face Morocco in the World Cup last 16 tomorrow. At home. This is massive for them.
e808b52c-3038-4d20-9426-2a847abfd645,colombia,country,news,routine,t,2026-07-03 08:48:00.243906,2026-07-03 08:48:03.133,08,,,,,,He'll have a whole theory,"Colombia won their World Cup group. They face Ghana tomorrow, dreaming of a deep run."
1be53405-1ce7-4bde-a6a9-7901e371bc1d,croatia,country,news,routine,f,2026-07-03 08:49:02.048154,,,,,,,,The last one.,Croatia lost 2-1 to Portugal. VAR denied their equaliser. Modric's probably done.
d913209f-69f2-4ffd-b704-fbd5fb7a74d2,england,country,news,routine,t,2026-07-03 08:50:52.982994,2026-07-03 08:50:57.656,08,,,,,,He'll have his dad on the phone,England face Mexico at the Azteca on July 6. The Maradona handball was there. He knows.
9dcae90f-798f-4b4e-a342-fd647fff06ad,france,country,news,routine,t,2026-07-03 08:51:31.403299,2026-07-03 08:51:33.937,08,,,,,,He'll have France as favourites,France face Paraguay in the World Cup last 16 tomorrow. The favourites keep rolling.
15b48c95-5570-4b46-a4cf-49b00a78198f,ghana,country,news,routine,t,2026-07-03 08:52:31.491257,2026-07-03 08:52:34.35,08,,,,,,He'll be watching tonight,Ghana face Colombia in the World Cup Round of 32 tonight. Big match for the national team.
01460dc9-dbb1-4206-b2b6-1253ae3c81f1,japan,country,news,routine,t,2026-07-03 08:54:40.897368,2026-07-03 08:54:43.508,08,,,,,,Five straight times.,Japan lost to Brazil in the 96th minute. Five straight WC knockout exits. He'll feel this.
b25d7aaf-05e9-4ccc-9294-c96f0838e844,mexico,country,news,routine,t,2026-07-03 09:01:04.805907,2026-07-03 09:01:06.852,09,,,,,,England's gaffer is sweating it,Tuchel says altitude is a 'huge' problem. Mexico jerseys outselling everyone at this WC.
f095fee8-da99-4547-9954-a00ddef68573,paraguay,country,news,routine,t,2026-07-03 09:06:36.093118,2026-07-03 09:06:38.536,09,,,,,,No fear after beating Germany,Paraguay beat Germany on penalties and today they face France in the last 16.
a0521824-d74b-4a6c-aee7-94d854d0b002,portugal,country,news,routine,f,2026-07-03 09:06:56.363431,,,,,,,,Ronaldo's still dancing,"Portugal beat Croatia 2-1. Ramos in stoppage time, Ronaldo from the spot. Spain next."
5dc4b9d9-1f6a-45f2-bcfb-e47b393b37d2,spain,country,news,routine,f,2026-07-03 09:10:13.042895,,,,,,,,Oyarzabal is the one.,"Spain beat Austria 3-0, Oyarzabal scored twice. Portugal in the Iberian derby on July 6."
c64f9774-bba0-458c-989f-e7fcae9ea496,switzerland,country,news,routine,f,2026-07-03 09:10:24.643479,,,,,,,,Their 20-year-old is electric,"Switzerland beat Algeria 2-0. Newcastle want Manzambi, their 20-year-old dazzling here."
aa447c34-db44-4ae3-99f3-cf1d0c19f8f2,algeria,country,news,routine,f,2026-07-04 00:38:42.610131,,,,,,,,End of an era,Mahrez has retired from international duty after Algeria's 2-0 World Cup exit.
c979abb5-f012-4f94-8a95-0e27a233bd45,argentina,country,news,routine,t,2026-07-04 00:40:16.588585,2026-07-04 00:40:19.022,00,,,,,,T-shirt material,"Messi plays his 30th World Cup match vs Cape Verde, more than any man in history."
92ee076d-bea7-4a2b-9697-52712dd4a4ed,australia,country,news,routine,f,2026-07-04 00:41:23.744014,,,,,,,,Give him a minute,Australia lost 4-2 on penalties to Egypt after a 1-1 draw. The Socceroos are out.
ba53b2c6-bb08-4a30-853d-97a15ba8939f,brazil,country,news,routine,t,2026-07-04 00:43:45.750017,2026-07-04 00:43:48.099,00,,,,,,He'll take Ancelotti's side,Ancelotti told doubters only Sir Alex is more qualified. Brazil's boss isn't worried.
4cb75a9a-c779-4746-b0f6-56300ce74a92,egypt,country,news,routine,f,2026-07-04 00:46:27.031473,,,,,,,,Stories incoming,Egypt beat Australia 4-2 on penalties. First ever WC knockout win. Salah Panenka'd.
12348106-bd47-4950-ba8b-f451384e32e6,england,country,news,routine,t,2026-07-04 00:47:13.327866,2026-07-04 00:47:16.203,00,,,,,,Plans might change,England vs Mexico Sunday could kick off 6 hours earlier. Flooding risk in Mexico City.
a0f99b43-cfa9-4be3-a53e-8bc9ebe9b0fc,germany,country,news,routine,f,2026-07-04 00:47:42.984597,,,,,,,,He'll have opinions,Nagelsmann is out as Germany boss. They're in talks with Klopp to replace him.
e6a2a8c9-74c0-4c27-a224-766a64fba24f,norway,country,news,routine,t,2026-07-04 00:49:58.09078,2026-07-04 00:49:59.977,00,,,,,,Giddy for a week,Norway face Brazil in the last 16 on Sunday. They beat them in 1998. This is their moment.
81360644-03da-40ab-abcb-f5c39e82e26a,mexico,country,news,routine,t,2026-07-04 00:50:13.995438,2026-07-04 00:50:16.263,00,,,,,,Schedule update,Mexico vs England Sunday may kick off 6 hours earlier. Flooding risk at the Azteca.
cbf8b6fd-9768-422d-b3c5-bc562578010b,paraguay,country,news,routine,t,2026-07-04 00:55:29.291248,2026-07-04 00:55:31.432,00,,,,,,Germany's kryptonite,Paraguay beat Germany 4-3 on pens. The streak started before your parents were born.
cd2a94cd-b80a-4058-b609-c9a100d05d3a,portugal,country,news,routine,t,2026-07-04 00:55:49.861577,2026-07-04 00:55:51.99,00,,,,,,Ronaldo's not done yet,Portugal beat Croatia 2-1 in Toronto. Four goals ruled out. Spain next in the last 16.
2c793d99-54cb-4e08-8244-45c5b0fce2fb,senegal,country,news,routine,t,2026-07-04 00:58:41.262852,2026-07-04 00:58:43.99,00,,,,,,"Led at half-time, gone",Senegal led at half-time. Lost 3-2 in extra time. The Guardian called it football hell.
7ef138b3-e97f-4526-be8c-7bedca982a3f,switzerland,country,news,routine,t,2026-07-04 01:01:04.258084,2026-07-04 01:01:06.641,01,,,,,,88 years in the making,Switzerland beat Algeria 2-0. Last knockout win at the World Cup? 1938.
3dbd7ce6-4716-48e7-9331-415c163746e3,spain,country,news,routine,t,2026-07-04 01:01:09.273558,2026-07-04 01:01:11.19,01,,,,,,Spain are Spain again,"Spain beat Austria 3-0. Oyarzabal got two, Porro the third. Four clean sheets now."
5655fdf6-600b-4232-ae2a-3855cfdcdc66,usa,country,news,routine,t,2026-07-04 01:03:21.231308,2026-07-04 01:03:23.003,01,,,,,,"Goal, red card, suspended","Balogun scored for the USA against Bosnia but got sent off. Belgium next, without him."
41107d92-60b9-4f8f-a7cb-fb8611b20eee,belgium,country,news,routine,t,2026-07-04 01:05:03.286428,2026-07-04 01:05:05.87,01,,,,,,Belgium's comeback kings,Belgium trailed Senegal 1-0 at half-time. Won 3-2 after extra time. USA next on Monday.
92da9c01-2e58-4570-b186-adcee13e595c,france,country,news,routine,t,2026-07-04 01:06:58.562527,2026-07-04 01:07:00.932,01,,,,,,The hug that said everything,France's manager lost his mum mid-tournament. Mbappe sprinted to hug him. Paraguay next.
cbae732f-a538-48ce-8a11-8f9e215cb958,morocco,country,news,routine,t,2026-07-04 01:10:05.724646,2026-07-04 01:10:08.618,01,,,,,,"Pens win, last 16 bound",Morocco beat the Netherlands 3-2 on pens after a 1-1 draw. Canada next tomorrow.
317bb4bf-1f66-442e-b482-a0c296d87a4b,colombia,country,news,routine,t,2026-07-04 01:11:10.156215,2026-07-04 01:11:12.76,01,,,,,,"They won the group, now Ghana",Colombia won their group. They face Ghana tonight in the R32. A deep run is the target.
3a213548-ce98-4430-bbda-c6daf0aa0633,argentina,country,news,routine,f,2026-07-04 08:40:12.474717,,,,,,,,He needs a minute,Argentina beat Cape Verde 3-2 after extra time. Proper scare. Egypt next on Tuesday.
cd82b3ee-97cc-4b53-b834-a7552a5171eb,cape_verde,country,news,routine,f,2026-07-04 08:44:12.959799,,,,,,,,Beautiful exit,Cape Verde lost 3-2 to Argentina in extra time. They equalised twice. Instant classic.
e9edd4c3-5859-4c05-adb4-8c65813d169a,colombia,country,news,routine,f,2026-07-04 08:47:43.728905,,,,,,,,They made it,Colombia beat Ghana 1-0. Jhon Arias scored. Switzerland next on Tuesday.
a603b29f-cd50-47e3-ad12-8a04cbe0649b,ghana,country,news,routine,f,2026-07-04 08:48:47.93496,,,,,,,,Gutted for Ghana,Ghana lost 1-0 to Colombia and are out. Some fans made extraordinary journeys to be there.
ee4e4c27-15b9-45f1-8b1e-1701e51e2ca5,england,country,news,routine,t,2026-07-04 08:50:10.742998,2026-07-04 08:50:13.3,08,,,,,,Crisis averted,England vs Mexico is still 1am Monday after FIFA U-turn. Rice likely fit.
531d71b8-58dd-4e5e-a988-9765b52d78ae,argentina,country,news,routine,t,2026-07-05 00:46:41.419098,2026-07-05 00:46:43.225,00,,,,,,He will want to weigh in,"Messi: Argentina have ""many things to correct"" after Cape Verde. Egypt on Monday."
f08c4113-2aa2-4580-a2c5-54e9c659abcf,canada,country,news,routine,f,2026-07-05 00:47:01.700567,,,,,,,,The hosts go home,Canada lost 3-0 to Morocco and are out. First co-host eliminated. Davies did not play.
736cad37-faa0-4664-93e4-1b174f1eb9dd,cape_verde,country,news,routine,t,2026-07-05 00:47:46.292524,2026-07-05 00:47:48.519,00,,,,,,The goodbye worth reading,BBC: Cape Verde are the underdogs the World Cup will never forget. The tributes are in.
5239a05b-94c2-4a4b-b8a0-9102a295898d,england,country,news,routine,t,2026-07-05 00:48:03.016968,2026-07-05 00:48:06.098,00,,,,,,Squad update before Mexico,"James missed training and is a doubt for England vs Mexico, 1am Monday. Quansah is back."
7289ef07-5c3e-4808-a735-186669f947be,germany,country,news,routine,t,2026-07-05 00:48:24.216743,2026-07-05 00:48:26.593,00,,,,,,He will have opinions,"Klopp says he is in talks for the Germany job. ""I am more than recharged, I am ready."""
1bdce95e-5ee7-44d2-8661-4f14bc5aeb6b,mexico,country,news,routine,t,2026-07-05 00:48:50.845834,2026-07-05 00:48:52.509,00,,,,,,Mexico's players are fired up,"Mexico vowed ""the best game of our lives"" vs England on Monday at the Azteca."
10a6ee13-3d4c-4639-9f8b-ad00aff3bebb,morocco,country,news,routine,f,2026-07-05 00:49:21.314583,,,,,,,,Phone-his-dad moment,Morocco beat Canada 3-0 and are the first team into the World Cup quarter-finals.
a38a8cdd-662a-4afe-a782-7daeb7b37402,norway,country,news,routine,t,2026-07-05 00:49:53.417848,2026-07-05 00:49:55.542,00,,,,,,No anti-Haaland plan,Ancelotti says Brazil have no specific plan to stop Haaland tonight. Norway's ready.
5f2ecd40-9c7a-4728-bb9c-84a7f2838acd,scotland,country,news,routine,f,2026-07-05 00:50:25.484064,,,,,,,,Scotland job watch,Williamson wants the Scotland job with McCoist on staff. Nothing confirmed yet.
406970e3-f71d-40c2-b622-1d9c46ca76a8,belgium,country,news,routine,t,2026-07-05 08:45:30.206643,2026-07-05 08:45:33.372,08,,,,,,He'll have opinions,Belgium face the USA in Seattle on Monday. They'll need courage for the home crowd.
5c76272b-a227-4ff9-9136-0fc8e3a49c0e,france,country,news,routine,f,2026-07-05 08:46:05.461661,,,,,,,,Giddy for a week,France beat Paraguay 1-0. Mbappe's seventh goal. They're in the quarter-finals.
17f453e6-3249-4aac-9a28-3a366f6f9837,norway,country,news,routine,t,2026-07-05 08:46:27.162842,2026-07-05 08:46:29.359,08,,,,,,He's been waiting years,"Norway face Brazil tonight. 28 years to get back here, a quarter-final within reach."
0f052429-3882-4237-9bd7-f63880a5475c,paraguay,country,news,routine,f,2026-07-05 08:46:42.412788,,,,,,,,He'll be conflicted,"Paraguay out, lost 0-1 to France. They played rough, pundits called it 'disgusting.'"
5c9709c5-5602-4f1c-944d-7ecdc9157f8e,brazil,country,news,routine,f,2026-07-06 00:43:30.960029,,,,,,,,He'll need a minute,Norway knocked Brazil out 2-1. Haaland scored twice. Brazil's earliest exit since 1990.
df4760ac-bebc-4186-8a84-ca2bf9fe7e8e,england,country,news,routine,t,2026-07-06 00:46:04.387315,2026-07-06 00:46:08.15,00,,,,,,He's going to pace the room,Lightning storm at the Azteca before England v Mexico. Fans told to stay put.
66655a65-1b9f-40ce-b01b-bb66923ec124,england,country,news,routine,t,2026-07-06 00:46:19.441403,2026-07-06 00:46:21.503,00,,,,,,He'll have opinions,Mexico fans lit fireworks outside England's hotel. The players say they barely noticed.
24d78826-ed01-481f-9598-729759753731,mexico,country,news,routine,t,2026-07-06 00:48:49.591342,2026-07-06 00:48:51.631,00,,,,,,He'll find this hilarious,Mexico gave back luxury watches from a content creator. FIFA rules bar expensive gifts.
20995965-45a6-4c1d-9505-097689393889,morocco,country,news,routine,t,2026-07-06 00:50:11.864096,2026-07-06 00:50:13.927,00,,,,,,He'll be a bit nervous,"Morocco in the quarters, Bouaddi lighting things up. The fairytale tag is gone."
475eb009-cf08-4de2-a630-85a4aa3dac1b,norway,country,news,routine,f,2026-07-06 00:50:56.60912,,,,,,,,He'll lose his mind,"Norway beat Brazil 2-1, Haaland scored twice. Their first ever World Cup quarter-final."
75dd381a-a01d-47d3-860c-2148e3c6c673,portugal,country,news,routine,t,2026-07-06 00:51:58.736179,2026-07-06 00:52:00.942,00,,,,,,He might actually tear up,"Ronaldo says this is his last World Cup. 41, facing Spain tonight. One last dance."
e70bfa1d-149b-49c6-aaec-774ea7aebb7c,argentina,country,news,routine,t,2026-07-06 08:41:14.149026,2026-07-06 08:41:17.104,08,,,,,,He'll screenshot this,The Guardian: Messi could go to another World Cup. He'll have the full argument ready.
dd82c76b-5758-4dbb-8c1c-b35efe678a1e,belgium,country,news,routine,t,2026-07-06 08:45:29.506886,2026-07-06 08:45:31.407,08,,,,,,He'll quote this all week,Belgium's coach said the ban lift 'was a joke.' Trump lobbied FIFA. He'll have thoughts.
be62e764-106a-4eb7-bc0c-89e5299fc43f,brazil,country,news,routine,t,2026-07-06 08:46:10.233562,2026-07-06 08:46:12.842,08,,,,,,Proper moment,Neymar says his Brazil career is over after the Norway exit. Emotional scenes.
892697cc-409c-45b1-a85d-e448671dd3a0,cape_verde,country,news,routine,t,2026-07-06 08:47:40.069961,2026-07-06 08:47:41.927,08,,,,,,Scenes in Praia,Cape Verde's players returned home to tens of thousands at the airport. Praia turned blue.
286967f8-3107-40d2-b5c0-eac0749ba288,england,country,news,routine,f,2026-07-06 08:50:50.036765,,,,,,,,Phone-his-dad moment,England 3-2 Mexico at the Azteca. Bellingham twice in 98 seconds. Plan the day off.
63cf510b-4a66-42fd-bc14-795e0e6a74b8,england,country,news,routine,t,2026-07-06 08:52:08.964714,2026-07-06 08:52:12.378,08,,,,,,He'll have a whiteboard out,Norway next. Haaland has seven goals in four games. Expect maths.
744e4d8b-b35a-4301-8857-0e0e57bef074,france,country,news,routine,t,2026-07-06 08:53:57.187267,2026-07-06 08:53:59.96,08,,,,,,He'll have notes on this,France weren't convincing against Paraguay. Morocco has been watching. He'll have a view.
1b12b782-6af1-42d4-851d-62b5fb733cf4,ghana,country,news,routine,t,2026-07-06 08:59:29.597212,2026-07-06 08:59:31.606,08,,,,,,Carlos didn't stay long,"Queiroz steps down after three months, the World Cup exit sealed it."
548da675-2910-4964-a6be-7adcdf57839c,mexico,country,news,routine,f,2026-07-06 09:05:15.388066,,,,,,,,Proud but hurt,"Mexico lost 2-3 to England at the Azteca. Bellingham twice, Kane from the spot."
df1b7eb8-a8ba-4087-85fb-362e0f8e8a82,morocco,country,news,routine,t,2026-07-06 09:05:27.530096,2026-07-06 09:05:29.705,09,,,,,,France are there for the taking,"France looked unconvincing vs Paraguay, Morocco face them in the quarter-final on July 9."
f3f7671f-9a28-4e28-9bc2-1cdd9951936b,norway,country,news,routine,t,2026-07-06 09:05:44.226424,2026-07-06 09:05:45.958,09,,,,,,Nobody wants to face him,Haaland has seven World Cup goals in four games. England await in the quarters.
f77ea6f9-7d9b-4eb6-bd71-d3ea788474b4,spain,country,news,routine,t,2026-07-06 09:08:04.483305,2026-07-06 09:08:07.123,09,,,,,,His World Cup farewell,"Ronaldo says this is his last World Cup, and Spain face him in Dallas today. He's 41."
65045158-ee0c-4f0a-a1b3-81758d0eadbd,usa,country,news,routine,t,2026-07-06 09:09:36.289086,2026-07-06 09:09:39.051,09,,,,,,Balogun plays after all,"Balogun's red-card ban has been suspended by FIFA, he can play vs Belgium after all."
5e93ad53-928f-476f-86f3-599b77dc1bd4,brazil,country,news,routine,f,2026-07-07 00:51:45.86168,,,,,,,,Brazil's home reaction,Brazilian fans and media have called the World Cup exit 'shameful' and 'embarrassing.'
26c4e6c9-522d-4534-98ee-557ba88a87da,england,country,news,routine,t,2026-07-07 00:52:35.000986,2026-07-07 00:52:38.919,00,,,,,,He's smiling at his phone,Manager Tuchel expects James back for Norway on Saturday. England nearly at full strength.
441a4982-d682-4c97-bb54-d9dfc70a558c,england,country,news,routine,t,2026-07-07 00:52:56.569471,2026-07-07 00:52:58.516,00,,,,,,He'll be watching this,England's Quansah got a red card vs Mexico. FA may appeal to keep him for Norway.
7e44e0ce-95b4-4d8f-80a2-2a3859256d36,england,country,news,routine,t,2026-07-07 00:53:10.924261,2026-07-07 00:53:12.65,00,,,,,,Celebrating too hard,Henderson hurt his wrist celebrating the Mexico win. He won't know what to feel.
3dc68d34-380c-4e17-ae85-ad45815fde26,france,country,news,routine,t,2026-07-07 00:53:46.848007,2026-07-07 00:53:49.854,00,,,,,,He'll have a lot to say,Mbappe called a senator 'despicable' over racist remarks. France pressing charges.
85ceb9bb-0e57-4cef-92be-333be2f7d6ae,portugal,country,news,routine,f,2026-07-07 00:54:09.15124,,,,,,,,He'll feel this one,Spain beat Portugal 1-0 in stoppage time. Ronaldo walked off in tears. It's done.
b9cee6a3-b7d8-44d0-b923-b85a6cd4bc32,spain,country,news,routine,t,2026-07-07 00:54:28.297162,2026-07-07 00:54:30.048,00,,,,,,Quietly doing it,"Spain beat Portugal 1-0 to reach the quarter-finals. Five games, zero goals conceded."
23582a36-ba4c-4f53-bd7f-91191e330939,argentina,country,news,routine,t,2026-07-07 08:39:38.593725,2026-07-07 08:39:41.105,08,,,,,,He's about to lose it,Argentina play Egypt in the last 16 today. First ever meeting between Messi and Salah.
1de827ad-8529-40e0-aca3-b2f418e11979,belgium,country,news,routine,f,2026-07-07 08:42:21.898669,,,,,,,,Phone-his-dad moment,"Belgium beat USA 4-1. Into the World Cup quarter-finals, facing Spain on Thursday."
d43e2d60-c192-4eed-8c57-f0ae09e5199d,england,country,news,routine,t,2026-07-07 08:45:38.388183,2026-07-07 08:45:42.271,08,,,,,,He'll feel this one,Henderson fell celebrating the Mexico win. Broken wrist. Out of the World Cup.
8a923354-cbd4-4540-a884-a2c7ad20ba3e,egypt,country,news,routine,t,2026-07-07 08:47:11.460796,2026-07-07 08:47:14.253,08,,,,,,He's been waiting for this,"Egypt play Argentina today in the last 16. Salah vs Messi, first time ever."
42f467b8-6321-41d1-8e1f-2b2d93e75b15,portugal,country,news,routine,t,2026-07-07 08:51:17.014263,2026-07-07 08:51:19.527,08,,,,,,The end of an era,Portugal's Martinez left after the exit. Ronaldo said he has a 'clear conscience.'
0913ee40-4c42-4026-bc13-1cc6259dd57a,usa,country,news,routine,f,2026-07-07 08:53:29.558126,,,,,,,,He might need a hug,USA are out. Belgium beat the hosts 4-1. Pulisic forced off with an ankle injury.
425d4819-28f1-465e-b4d8-ad8983a6962c,england,country,news,routine,t,2026-07-08 00:47:41.626178,2026-07-08 00:47:45.566,00,,,,,,He'll love this one,Rooney ranked Bellingham's Mexico display with Gerrard and Keane. He'll frame that.
42cedc64-7f42-40f1-bd40-9c3d3d4f6f20,argentina,country,news,routine,f,2026-07-08 00:48:27.655331,,,,,,,,He'll tell this story forever,Messi cried as Argentina came from two goals down to beat Egypt 3-2. Quarter-finals.
5971bf25-667a-4673-babc-ec58f5919ccc,egypt,country,news,routine,f,2026-07-08 00:48:59.780475,,,,,,,,Give him a minute,Egypt led Argentina 2-0 and still lost 3-2. He'll need to talk about this.
057a61d1-0f53-4cbb-959e-cdbbf28014a4,belgium,country,news,routine,t,2026-07-08 00:49:37.626401,2026-07-08 00:49:40.742,00,,,,,,He'll be gutted,Belgium midfielder Onana ruptured his ACL at the World Cup. Spain quarter-final up next.
0066bce7-1421-4dbe-acf4-9905fb9cefcf,scotland,country,news,routine,t,2026-07-08 00:50:05.724778,2026-07-08 00:50:07.504,00,,,,,,He's taking notes,Norway are in the WC quarter-finals. BBC Sport asks what Scotland can learn from them.
2df13016-a944-4f37-8a7d-df7759a890a2,spain,country,news,routine,t,2026-07-08 00:50:37.195204,2026-07-08 00:50:39.69,00,,,,,,He'll share this one,Merino scored for Spain. Then embraced his father and his son at the corner flag.
c72213ed-6fdb-4c25-85e8-45ac5a10e3a7,colombia,country,news,routine,t,2026-07-08 08:50:33.338824,2026-07-08 08:50:36.418,08,,,,,,He'll wince at this,Colombia lost 4-3 on penalties to Switzerland. Two goalless hours. Comfort food required.
ffd3977e-5e97-4308-b7c9-fea99b0c42c3,egypt,country,news,routine,f,2026-07-08 08:50:55.297484,,,,,,,,He'll have a field day,Egypt's manager claims FIFA wanted Messi through. He'll have a verdict on this.
881c461e-42b7-4bee-8291-ff3ad0fa1e2f,switzerland,country,news,routine,t,2026-07-08 08:51:08.888342,2026-07-08 08:51:11.744,08,,,,,,Kobel to the rescue,Switzerland beat Colombia 4-3 on penalties. Keeper Kobel saved them. Argentina are next.
f8d6face-e46b-44f3-b7da-e585a65cec08,argentina,country,news,routine,t,2026-07-09 00:46:03.884045,2026-07-09 00:46:07.487,00,,,,,,He'll have a take on this,Egypt's FA claims Argentina got special referee treatment. He'll want to weigh in.
08b97f03-e284-4527-a75c-f379dba36352,croatia,country,news,routine,t,2026-07-09 00:46:30.622557,2026-07-09 00:46:32.826,00,,,,,,Give him a minute,Croatia's coach Dalic has resigned after nine years. He led them to the 2018 final.
acf7b192-a639-4cca-9e47-44cae0a039de,egypt,country,news,routine,t,2026-07-09 00:47:05.736055,2026-07-09 00:47:07.839,00,,,,,,He'll have opinions,Egypt's FA filed a FIFA complaint over 'double standards' in their Argentina defeat.
037ae49f-0340-4d87-a3b5-a7b488622ac5,england,country,news,routine,t,2026-07-09 00:47:21.394659,2026-07-09 00:47:24.136,00,,,,,,He'll be watching this one,Henderson broke his arm but isn't ruled out yet. England haven't given up on him.
5b6770b1-221c-496a-91de-a61089b124ce,france,country,news,routine,t,2026-07-09 00:47:41.704639,2026-07-09 00:47:43.413,00,,,,,,He'll have a take,Deschamps says he's fine with Argentinian refs for France vs Morocco tomorrow.
dcdab67d-ddf9-4aaf-bffb-a9f39fc09522,morocco,country,news,routine,t,2026-07-09 00:48:04.543847,2026-07-09 00:48:06.38,00,,,,,,T-shirt material,Bouaddi chose Morocco over France. Now they face each other in tomorrow's quarter-final.
c1eddcec-b626-47d6-8482-9dd393e4d356,norway,country,news,routine,t,2026-07-09 00:48:20.914709,2026-07-09 00:48:22.959,00,,,,,,Stories incoming,Norway play England in the quarter-final on Saturday. He knows the famous commentary line.
ad19e7af-fc6d-4078-b937-a597d4519f0a,portugal,country,news,routine,f,2026-07-09 00:48:36.245942,,,,,,,,He might have opinions,Reports say Jorge Jesus could be Portugal's new manager. Announcement expected this week.
a29feea0-a393-4721-a05c-75d43c376da4,scotland,country,news,routine,t,2026-07-09 00:49:58.901902,2026-07-09 00:50:01.57,00,,,,,,He'll relate to this,Scotland's Ryan Christie says he's 'gutted' by the WC exit and desperate to go again.
0ed9fdbf-fe83-4ee6-9d33-41a968824252,scotland,country,news,routine,f,2026-07-09 00:50:32.970323,,,,,,,,He'll know the name,Scotland keeper Gunn has signed for San Jose in the MLS after leaving Nottingham Forest.
80bdb1c9-408e-4271-bf3e-1673e4c255ac,usa,country,news,routine,t,2026-07-09 00:50:51.888415,2026-07-09 00:50:54.629,00,,,,,,He'll have thoughts,FIFA suspended two US staff from the Belgium game too. The scandal had more layers.
6a163432-8169-42e2-9cf2-5df00361dda0,argentina,country,news,routine,t,2026-07-09 08:41:24.504353,2026-07-09 08:41:27.511,08,,,,,,He's already planning Saturday,Argentina face Switzerland in the World Cup quarter-final on Saturday. Big match incoming.
a8a2d87e-0c64-41e0-97c3-3d6715a9986b,england,country,news,routine,t,2026-07-09 08:46:47.259096,2026-07-09 08:46:51.177,08,,,,,,He'll screenshot this,The PM hinted at a bank holiday if England win the World Cup. Check back after Saturday.
06395a00-5616-4a3f-b4c4-426df903c975,england,country,news,routine,t,2026-07-09 08:47:27.952085,2026-07-09 08:47:29.94,08,,,,,,Still a doubt,England right-back James is still a doubt for Saturday. He did not train on Wednesday.
80a96ced-a2b5-4e88-9e33-4e878620e0bf,norway,country,news,routine,t,2026-07-09 08:50:40.843999,2026-07-09 08:50:43.403,08,,,,,,He'll want to read this,Norway in a World Cup quarter-final for the first time ever. 28 years since their last WC.
3eb0fda4-616d-4374-aa19-4aab0caa90fb,france,country,news,routine,f,2026-07-10 00:46:53.882884,,,,,,,,He'll go full commentary mode,Mbappé scored a stunner. France beat Morocco 2-0. They're in the World Cup semi-finals.
9e5bc6a1-cb9e-451b-bf1d-35aa9cfc4591,morocco,country,news,routine,f,2026-07-10 00:47:10.411409,,,,,,,,He'll be gutted,Morocco lost 2-0 to France in the quarter-final. Mbappé settled it. They're out.
d0796856-440f-49ce-9c9a-ab0c6509f720,norway,country,news,routine,t,2026-07-10 00:47:36.092962,2026-07-10 00:47:38.481,00,,,,,,He'll love this one,Haaland says pressure's all on England. Norway play them in the quarter-final on Saturday.
229e9689-022d-4c68-afe2-eadaca6928e0,spain,country,news,routine,t,2026-07-10 00:48:03.31033,2026-07-10 00:48:05.789,00,,,,,,He'll have numbers ready,Spain's keeper hasn't conceded once all tournament. Belgium must end that tomorrow.
a5c34d8f-668b-483f-8df7-594b7aa2584c,england,country,news,routine,t,2026-07-10 00:49:57.151162,2026-07-10 00:50:01.067,00,,,,,,He'll be doing the maths,Quansah's two-match ban is confirmed. He misses the quarter-final and any semi-final too.
241b29c7-f60d-4a2c-8629-ce9bfb199f1e,argentina,country,news,routine,t,2026-07-10 08:41:17.220785,2026-07-10 08:41:20.118,08,,,,,,Stories incoming,"Argentina were 2-0 down, then Messi happened. Quarter-final vs Switzerland is Sunday."
bafc72f9-7272-47ac-8555-8add336aab6c,belgium,country,news,routine,t,2026-07-10 08:43:36.429319,2026-07-10 08:43:41.331,08,,,,,,Tense one tonight,Belgium face Spain tonight. Garcia says opponents quake when Lukaku comes on.
4d90d71b-45d4-4719-9068-c4dc55391251,england,country,news,routine,t,2026-07-10 08:48:19.976109,2026-07-10 08:48:23.307,08,,,,,,He'll be refreshing Sky Sports,Guehi is a doubt and Rice has a bug before Saturday's Norway quarter-final.
935ef165-7156-4959-83d7-99cd70d39ffd,france,country,news,routine,t,2026-07-10 08:49:38.003508,2026-07-10 08:49:40.896,08,,,,,,He'll be keeping an eye,Mbappe got a knock vs Morocco but says 'I'm all good.' France are in the semi-finals.
5367bd3a-5066-4879-a0da-d99631801150,norway,country,news,routine,t,2026-07-10 08:51:32.032384,2026-07-10 08:51:34.862,08,,,,,,He's going to have opinions,"Haaland was born in Leeds, now faces England in the World Cup quarter-final on Saturday."
975cedbb-47c7-4bbc-89b6-d045388bfdf5,portugal,country,news,routine,t,2026-07-10 08:52:51.22864,2026-07-10 08:52:54.019,08,,,,,,He'll go quiet for a minute,Ronaldo said this was his last World Cup. Portugal lost to Spain. His chapter is closed.
0efaf3ac-ab38-42c3-97b5-52cf888072f2,switzerland,country,news,routine,t,2026-07-10 08:56:52.882544,2026-07-10 08:56:56.438,08,,,,,,He'll be checking team news,Manzambi has a knee injury and may miss Switzerland's QF vs Argentina Sunday.
38d81f90-cd1e-46b3-9e8d-3a8206783f20,usa,country,news,routine,t,2026-07-10 08:59:13.917106,2026-07-10 08:59:16.722,08,,,,,,He'll be gutted about this,Pulisic broke his leg in the 4-1 Belgium loss. USA's star man is out for several weeks.
7df5c8a7-fdc2-4f43-af42-6f51eff3b476,world_championship,tournament,news,routine,t,2026-07-10 13:25:06.104142,2026-07-10 13:25:17.531,13,world_championship:2026-07-10:spain-vs-belgium,preview:1581821,,,,Order in tonight,"Spain vs Belgium, World Championship quarter-final tonight. Kicks off at 9pm his time."
1597985a-c357-4138-8b19-8c5fa5328e83,spain,country,matchday,edge_function,f,2026-07-10 23:00:05.167103,,,,1581821,,2026-07-10 21:00:00,,,
925560c6-3203-4902-b479-f2585590b9c8,belgium,country,matchday,edge_function,f,2026-07-10 23:00:05.26679,,,,1581821,,2026-07-10 21:00:00,,,
e33c3ca8-dec5-4ad0-bf0e-63df2b9fc8a2,world_championship,tournament,matchday,edge_function,f,2026-07-10 23:00:06.17753,,,,1581821,,2026-07-10 21:00:00,,,
3bfb5358-f006-45de-94bf-02dadede5a78,argentina,country,news,routine,t,2026-07-11 00:49:20.971607,2026-07-11 00:49:24.164,00,,,,,,Getting interesting,Argentina's FA may have been hacked. Their accounts sent emails criticising the Egypt ref.
d17a6493-c3ad-4569-aa23-45561343342b,belgium,country,news,routine,f,2026-07-11 00:49:38.105342,,,,,,,,He'll be gutted,"Belgium are out. Spain beat them 2-1, Merino scored in the 88th."
b2a9ae54-6c20-411d-b6bc-c49db3c0e5c4,cape_verde,country,news,routine,f,2026-07-11 00:49:57.313035,,,,,,,,Cape Verde keeper immortalised,A new sea slug species was named after Cape Verde keeper Vozinha.
75c1295d-1689-46d8-bfd2-9f9d01440672,england,country,news,routine,t,2026-07-11 00:50:50.31732,2026-07-11 00:50:54.054,00,,,,,,Crisis averted,"All three England injury doubts trained today. Rice, Guehi, and James cleared for Norway."
5fdb6b68-e019-49c0-a747-0fcd80ea4ecf,france,country,news,routine,t,2026-07-11 00:51:12.32391,2026-07-11 00:51:15.483,00,,,,,,Semi-final sorted,Spain beat Belgium 2-1 today. France face Spain in the World Championship semi-final.
14f8b56e-9801-48e5-a1fe-ca0054118ce7,mexico,country,news,routine,t,2026-07-11 00:51:34.652351,2026-07-11 00:51:37.294,00,,,,,,He'll appreciate this one,Mexico boss Aguirre swore at England's Gordon. Gordon says it was just fun.
02794a5a-bbf5-460d-9b8e-35530dfad41f,norway,country,news,routine,t,2026-07-11 00:51:50.885709,2026-07-11 00:51:53.825,00,,,,,,Underdog energy,Norway boss says England are the favourites to reach the semi-finals.
f7efc67b-9b2c-4377-b696-6469157ec92a,portugal,country,news,routine,t,2026-07-11 00:52:15.526124,2026-07-11 00:52:18.302,00,,,,,,Ronaldo's not done yet,Portugal named Jorge Jesus as new coach. He says Ronaldo is still in his plans.
cc41c204-e99b-43d3-aede-cab7d3234999,qatar,country,news,routine,f,2026-07-11 00:52:37.434594,,,,,,,,Five games for Madibo,Qatar's Madibo got a five-match ban for his challenge on Kone.
df2c9506-5c3d-4987-ad43-d0be4d6fed83,spain,country,news,routine,f,2026-07-11 00:52:56.489905,,,,,,,,Merino again,Spain beat Belgium 2-1. Merino scored in the 88th minute. Spain vs France in the semis.
2e9dfba7-87ff-4a21-bd03-40423da503d2,world_championship,tournament,news,routine,t,2026-07-11 07:40:04.544553,2026-07-11 07:40:11.453,07,world_championship:2026-07-12:argentina-vs-switzerland,preview:1582681,,,,He'll be up late for this,Messi's Argentina vs Switzerland in the World Championship quarter-final. 03:00 his time.
97be52e2-0651-452a-af28-c5954f43f632,world_championship,tournament,news,routine,t,2026-07-11 07:45:37.845539,2026-07-11 07:45:42.147,07,world_championship:2026-07-11:norway-vs-england,preview:1581037,,,,11pm and Haaland's in town,"Norway vs England, World Championship quarter-final. 23:00 his time. Haaland has 7 goals."
4b15397f-75e2-4ff3-86e2-57427f892e84,argentina,country,news,routine,t,2026-07-11 08:49:28.485056,2026-07-11 08:49:31.048,08,,,,,,He'll be stressing about this,Romero says Argentina's defence worries him before tonight's quarter-final vs Switzerland.
f59ea1e2-84f2-4ab2-8de4-732a89fb6cb1,belgium,country,news,routine,t,2026-07-11 08:50:10.858298,2026-07-11 08:50:13.534,08,,,,,,One mistake. An era over.,Lammens' error helped end Belgium's run. Is their golden generation done?
163af8fa-0dc6-454f-ab7e-8b251b52a503,england,country,news,routine,t,2026-07-11 08:50:31.537735,2026-07-11 08:50:34.985,08,,,,,,He'll frame this one,Pickford is in the World Championship record books. He'll want to read every word.
d533bddf-b39c-4d9e-9650-97e3e6806466,england,country,news,routine,t,2026-07-11 08:51:27.312658,2026-07-11 08:51:29.685,08,,,,,,Best mates. Opponents tonight.,"Bellingham and Haaland are best friends. Tonight, opponents. He'll feel this one."
c4fe41e3-6bd3-4814-98ed-31db415ef023,england,country,news,routine,t,2026-07-11 08:51:46.019875,2026-07-11 08:51:48.021,08,,,,,,He'll want to quote Kane,Kane says England are ready to peak at the World Championship. Perfect timing.
e3425870-871c-444e-a1d8-f38dbcd3912b,france,country,news,routine,t,2026-07-11 08:52:27.230028,2026-07-11 08:52:29.804,08,,,,,,He's running this tournament,"Mbappe isn't just scoring. He's captain, keeping France grounded. Spain on Tuesday."
d405a2eb-6cb2-457d-93aa-e41105b3ab4a,norway,country,news,routine,t,2026-07-11 08:52:59.018301,2026-07-11 08:53:02.207,08,,,,,,It wasn't luck,Norway rebuilt their football system from scratch to get here. He'll want all the details.
08c960f7-0196-458f-8238-ad0e9834c58e,norway,country,news,routine,t,2026-07-11 08:53:28.476982,2026-07-11 08:53:32.019,08,,,,,,Inside information,Haaland knows England's City players inside out. Pundits say that's a real edge tonight.
32f38014-fc3d-4c42-be3a-dac02b42b4d0,spain,country,news,routine,t,2026-07-11 08:54:11.793343,2026-07-11 08:54:15.113,08,,,,,,Still waiting for Yamal,Spain through. But Yamal's big moment is still ahead. France on Tuesday.
d8abb867-3151-4eb8-9382-fbca5e911b9f,spain,country,news,routine,t,2026-07-11 08:54:31.657632,2026-07-11 08:54:33.898,08,,,,,,He said it out loud,Yamal told France they should be scared of Spain. He's not backing down.
91e8652b-d529-499f-8d9f-9b299dd5ad42,argentina,country,news,routine,t,2026-07-12 00:39:41.365408,2026-07-12 00:39:44.725,00,,,,,,He'll have thoughts,BBC: should Messi take penalties? He missed one in this tournament.
30548f2f-8308-4f03-b377-5ea2eabb4b81,belgium,country,news,routine,t,2026-07-12 00:41:48.911336,2026-07-12 00:41:51.945,00,,,,,,He'll side with Courtois,Belgium's manager benched Courtois. Lammens made the error. Garcia's defending the call.
7d3c94e3-d274-4caf-bc24-cc6d05d0bab0,germany,country,news,routine,t,2026-07-12 00:46:11.087057,2026-07-12 00:46:14.553,00,,,,,,He's going to have opinions,Klopp agreed in principle to manage Germany. Nagelsmann resigned after their early exit.
f4c78b57-779d-4a26-801c-32aa2eb3269c,south_africa,country,news,routine,t,2026-07-12 00:50:19.338449,2026-07-12 00:50:25.561,00,,,,,,Sad news today,"South Africa's Jayden Adams, who played at this World Championship, has died aged 25."
cf229bb1-df95-4812-ae8e-4e05fb1f2ff8,switzerland,country,news,routine,t,2026-07-12 00:50:55.004466,2026-07-12 00:50:57.351,00,,,,,,Underdog story incoming,Xhaka was booed at Arsenal. Now he's Switzerland's key man. Argentina tomorrow.
1be46a0a-7140-4e8c-b8e5-5f7042168057,norway,country,matchday,edge_function,f,2026-07-12 01:47:03.081603,,,,1581037,,2026-07-11 23:00:00,,,
aa15da92-9c2b-4124-9355-982ef7d88aa0,england,country,matchday,edge_function,f,2026-07-12 01:47:03.225066,,,,1581037,,2026-07-11 23:00:00,,,
cbb3bbad-c7b8-4d2b-bfef-12ce0f055495,world_championship,tournament,matchday,edge_function,f,2026-07-12 01:47:04.064968,,,,1581037,,2026-07-11 23:00:00,,,
7acda19b-e38f-4139-a529-afdd637674d6,argentina,country,matchday,edge_function,f,2026-07-12 05:45:04.864694,,,,1582681,,2026-07-12 03:00:00,,,
f3b2f579-a765-4543-a07f-68a8ac5c9b28,switzerland,country,matchday,edge_function,f,2026-07-12 05:45:05.091796,,,,1582681,,2026-07-12 03:00:00,,,
787b9f5d-0529-4cad-b927-3bb872089083,world_championship,tournament,matchday,edge_function,f,2026-07-12 05:45:05.908149,,,,1582681,,2026-07-12 03:00:00,,,
db84bfe8-a526-4d01-8f8b-e34d93af9ee5,argentina,country,news,routine,t,2026-07-12 13:12:40.611729,2026-07-12 13:12:43.809,13,,,,,,Whiteboard material,Messi's never played England. That changes Wednesday in the World Championship semi.
9cb779ea-b4e0-414e-ab7c-2a1eb7932702,england,country,news,routine,f,2026-07-12 13:13:38.220948,,,,,,,,He'll have opinions,"Tuchel called England 'sloppy' after Norway. Bellingham: 'Yeah, well, whatever.'"
72248eb1-e4a0-483a-afd2-ebb667fb2428,norway,country,news,routine,f,2026-07-12 13:14:08.537216,,,,,,,,He'll be a bit gutted,Norway lost 1-2 to England. They say Bellingham's goal hit a cable. FIFA say it was clean.
87133ed5-54fa-4138-8f20-c9fdb9ca00b4,senegal,country,news,routine,t,2026-07-12 13:14:32.779523,2026-07-12 13:14:35.538,13,,,,,,He'll have opinions,Senegal sacked manager Pape Thiaw. Their last-32 World Championship exit cost him the job.
5dfe63dc-acb2-4873-9c65-e116e70ad24e,switzerland,country,news,routine,t,2026-07-12 13:15:05.000304,2026-07-12 13:15:08.502,13,,,,,,That's a first,Switzerland lost 3-1 to Argentina. Embolo first red under mistaken identity rule.
c4a77f98-6fdb-4ff0-8926-92474eea0101,england,country,news,routine,t,2026-07-13 00:45:38.979817,2026-07-13 00:45:42.71,00,,,,,,Three days in bed.,Tuchel: Rice was in bed sick three days before Norway. He still played.
b34b17f4-6857-4a9a-8882-2882fdb9d8ef,norway,country,news,routine,t,2026-07-13 00:46:03.407521,2026-07-13 00:46:05.754,00,,,,,,Haaland's dad weighs in.,Haaland's dad: Norway were 'robbed' against England. He hopes England win it anyway.
2cae94a6-810f-4b75-a33c-62de8933f059,england,country,news,routine,t,2026-07-13 08:45:56.207754,2026-07-13 08:45:59.984,08,,,,,,He'll have a whiteboard out,England face Argentina Wednesday. Kane says they've got 'another level' to reach.
1449f48e-0707-4cb9-8a90-a9c65a813a5b,argentina,country,news,routine,t,2026-07-14 00:47:00.248062,2026-07-14 00:47:03.764,00,,,,,,Lucky kit incoming,Argentina are wearing blue on Wednesday. The lucky strip. England in white.
3803ee46-6349-4ed1-9ee1-8fd959fbde49,croatia,country,news,routine,t,2026-07-14 00:47:25.601617,2026-07-14 00:47:27.631,00,,,,,,Familiar face,"Croatia brought back Slaven Bilic as national team manager. Former player, returning boss."
f9745fa1-28c4-4971-817d-1dbfaafbcb3f,england,country,news,routine,t,2026-07-14 00:47:43.785654,2026-07-14 00:47:46.601,00,,,,,,He's smiling again,Rice expected to start England's semi-final on Wednesday despite illness. He's back in.
5ae1d976-c51d-4525-9c0c-7d7684aaa282,france,country,news,routine,t,2026-07-14 00:48:15.401254,2026-07-14 00:48:18.24,00,,,,,,Whiteboard material,France boss Deschamps has a second World Championship in his sights. Spain on Tuesday.
579bb495-defe-4758-8ff7-aa1c8b9edee6,morocco,country,news,routine,f,2026-07-14 00:48:44.323783,,,,,,,,Quarter-final exit,Morocco lost 2-0 to France in the quarter-final. Mbappe and Dembele got the goals.
5316e5ee-e5a5-4e16-823d-dec18fa2b57e,norway,country,news,routine,t,2026-07-14 00:49:35.376455,2026-07-14 00:49:38.871,00,,,,,,T-shirt material,"Haaland and Norway came home to thousands of fans. Historic run, heroes' welcome."
d863475c-8f68-4716-be62-1744bd9f44e7,spain,country,news,routine,t,2026-07-14 00:49:57.805683,2026-07-14 00:50:00.348,00,,,,,,He's been saying this,Spain captain Rodri says 'we can beat' France. Tuesday's semi-final is on.
d8c02c70-dabf-4101-997c-4e5216a5daad,uruguay,country,news,routine,t,2026-07-14 00:50:30.167156,2026-07-14 00:50:32.741,00,,,,,,"Old face, new role",Uruguay named ex-Man United striker Forlán as national team manager until March 2027.
669bb810-bb5d-478e-9032-3a5ba0d82f60,world_championship,tournament,news,routine,t,2026-07-14 07:43:01.226843,2026-07-14 07:43:06.835,07,world_championship:2026-07-14:france-vs-spain,preview:1585131,,,,Revenge game tonight,France face Spain in the World Championship semi-final. 9pm his time. France want payback.
86cc2d8c-a6f5-43c4-a3a0-16075f740937,england,country,news,routine,t,2026-07-14 08:45:51.371929,2026-07-14 08:45:54.863,08,,,,,,Kane closed it down,Kane: 'completely together'. He's squashing any talk of divisions before Argentina.
bed37586-4c34-4486-8047-2560b6d371bf,france,country,matchday,edge_function,f,2026-07-14 23:00:04.708473,,,,1585131,,2026-07-14 21:00:00,,,
53c6f993-fb0e-4ebb-a24e-481404d97161,spain,country,matchday,edge_function,f,2026-07-14 23:00:04.848672,,,,1585131,,2026-07-14 21:00:00,,,
65c4700d-1f18-43c1-991e-f7172f5816d6,world_championship,tournament,matchday,edge_function,f,2026-07-14 23:00:05.564967,,,,1585131,,2026-07-14 21:00:00,,,
2f968b2b-973a-479d-ae08-a180e6ffd23d,argentina,country,news,routine,t,2026-07-15 00:47:11.911608,2026-07-15 00:47:14.96,00,,,,,,He knows this one,Argentina are invoking Maradona ahead of the England semi. He'll know exactly why.
bde35b21-2f88-4d06-a4b9-15d75072884d,england,country,news,routine,t,2026-07-15 00:47:44.268164,2026-07-15 00:47:47.491,00,,,,,,He's been checking,England are near full strength for the Argentina semi. Henderson and Quansah are out.
4fda66cc-7bf7-4788-bca5-8c1776a1fa06,france,country,news,routine,f,2026-07-15 00:48:08.898281,,,,,,,,He'll need a minute,France lost 2-0 to Spain in the semi. Mbappé's World Championship is over.
7da7a8e9-20d9-415c-a547-8746d1da3657,morocco,country,news,routine,f,2026-07-15 00:48:38.052889,,,,,,,,He might be tracking this,Man City are reportedly after Morocco's Bouaddi for £85m. Nothing confirmed yet.
aeb79630-e2c5-4c7b-a2ee-95fb9adc073f,spain,country,news,routine,f,2026-07-15 00:49:08.238785,,,,,,,,Phone-his-dad moment,Spain beat France 2-0 in the semi tonight. Into the final. First time since 2010.
2f917546-2ea9-45e1-a865-5ddd1be5c652,world_championship,tournament,news,routine,t,2026-07-15 07:41:14.9776,2026-07-15 07:41:19.768,07,world_championship:2026-07-15:england-vs-argentina,preview:1586077,,,,He's barely slept.,"England vs Argentina. World Championship semi-final, 9pm. A genuine coin flip."
2303c9f8-8730-44c9-8cec-6831bb50089a,argentina,country,news,routine,t,2026-07-15 08:41:15.752639,2026-07-15 08:41:18.912,08,,,,,,Glowing,Mac Allister struggled at Liverpool. He's been Argentina's proven winner this tournament.
e58ec765-44cf-40ad-b519-2983bbd452e4,england,country,news,routine,t,2026-07-15 08:48:05.083844,2026-07-15 08:48:07.957,08,,,,,,T-shirt material,Rooney just called Bellingham the best player at the World Championship. He'll agree.
a7305437-1d33-45e3-814f-5e3fe0c65455,france,country,news,routine,f,2026-07-15 08:48:22.973904,,,,,,,,Mbappé vs the manager,Mbappé seemed to question Deschamps' tactics after France's 2-0 semi-final loss to Spain.
a42b2f1b-9d91-4cc4-a526-25eadd928bcc,scotland,country,news,routine,t,2026-07-15 08:52:54.193589,2026-07-15 08:52:57.056,08,,,,,,He'll love this one,Scotland fans flew the famous orange traffic cone to Boston in first class. He'll love it.
151e3fb5-b976-4fae-893b-95103ae1b936,spain,country,news,routine,f,2026-07-15 08:57:29.421842,,,,,,,,T-shirt material,Spain manager de la Fuente: 'We're feeling unbeatable.' They beat France 2-0 last night.
ca3c4e83-1537-4d87-b082-1256e2c92697,usa,country,news,routine,t,2026-07-15 08:57:47.121313,2026-07-15 08:57:50.114,08,,,,,,He saw it coming,USA's Balogun predicted Trump's ban reversal would 'cause a lot of controversy.'
1a2cb5db-f47f-4bfd-8f76-c869edfae6f4,england,country,matchday,edge_function,f,2026-07-15 23:04:03.712346,,,,1586077,,2026-07-15 21:00:00,,,
5a5af080-3eab-4658-8bba-060a85302c0d,argentina,country,matchday,edge_function,f,2026-07-15 23:04:03.849695,,,,1586077,,2026-07-15 21:00:00,,,
2943f685-1989-49ce-97b4-ca82a7c3423c,world_championship,tournament,matchday,edge_function,f,2026-07-15 23:04:04.73195,,,,1586077,,2026-07-15 21:00:00,,,
65827473-e39a-403c-a5c1-0936fea58de9,england,country,news,routine,f,2026-07-16 00:48:22.990497,,,,,,,,He might need a hug,England lost 1-2 to Argentina in the semi. They play France for third on Saturday.
40ffab0f-bc5e-4147-880f-7b702c7901ba,argentina,country,news,routine,f,2026-07-16 00:48:41.379821,,,,,,,,Stories incoming,Argentina beat England 2-1 in the semis. They are in the final. Spain await on Sunday.
0c1ed39a-02e0-4628-9c6e-d310b12904dc,france,country,news,routine,t,2026-07-16 00:49:00.963744,2026-07-16 00:49:03.653,00,,,,,,End of an era,Deschamps' last game as France manager is Saturday's third-place play-off against England.
a29df7c1-67d8-4845-b7d2-ea9090710c27,argentina,country,news,routine,t,2026-07-16 08:40:23.085849,2026-07-16 08:40:27.27,08,,,,,,He will love this one,Messi held Yamal as a baby. Now they are World Championship final opponents on Sunday.
081e4627-1a63-4c2a-a29f-b13a347794f1,england,country,news,routine,t,2026-07-16 08:43:37.106958,2026-07-16 08:43:40.609,08,,,,,,He will have a take,Tuchel is keeping the England job. The FA backed him despite the semi-final exit.
a99c63b5-ddec-4290-9d35-0c1df30c373f,england,country,news,routine,t,2026-07-16 08:44:18.879441,2026-07-16 08:44:20.698,08,,,,,,He will have thoughts,Kane left the 2030 question open. Too early to say if he carries on for England.
33185167-0b7f-45f2-94be-ef7d6787d032,argentina,country,news,routine,t,2026-07-17 02:09:02.531906,2026-07-17 02:09:05.746,02,,,,,,He's going to have opinions,Argentina held a Falklands banner after the semi. FIFA is now investigating.
f333dd02-7114-4eb8-8d02-b42730f2d143,argentina,country,news,routine,t,2026-07-17 02:09:41.537508,2026-07-17 02:09:44.856,02,,,,,,T-shirt material,Romero called Gary Neville 'stupid' for criticising him. He had an unreal semi-final.
7cd6ecc6-2586-4e9f-8307-92b84c6eaba3,england,country,news,routine,t,2026-07-17 02:13:22.262493,2026-07-17 02:13:25.943,02,,,,,,He's going to have opinions,Bellingham slapped an Argentina sub after England's exit. He'll be watching his back.
17240788-4d56-405f-8f74-c30c7846900a,england,country,news,routine,t,2026-07-17 02:13:47.879041,2026-07-17 02:13:50.686,02,,,,,,He'll have a whiteboard out,England players are debating Tuchel's tactics from the semi. He'll know this already.
8a624808-0e24-4a1f-9c03-9dfe069e4113,spain,country,news,routine,t,2026-07-17 02:16:46.775698,2026-07-17 02:16:50.07,02,,,,,,Crisis averted,Yamal and Porro trained apart from Spain but should be fit for Sunday's final. Cue relief.
c3fa8856-4399-43cc-8494-8f1f755e3cda,usa,country,news,routine,t,2026-07-17 02:17:13.252303,2026-07-17 02:17:15.873,02,,,,,,He might need a minute,USA captain Ream says the squad were in 'shock' after losing 1-4 to Belgium. Still stings.
3db15652-5e76-4da1-8f92-4cd435fe0501,argentina,country,news,routine,t,2026-07-17 08:42:51.372844,2026-07-17 08:42:54.438,08,,,,,,Stories incoming,Sunday could be Messi's last World Championship game. Argentina vs Spain in the final.
be056752-878d-46e3-97b5-95dd4fe20d94,argentina,country,news,routine,t,2026-07-17 08:43:19.339931,2026-07-17 08:43:21.551,08,,,,,,He'll have opinions,Bellingham slapped Argentina's Barco after losing 2-1. He'll have thoughts about this.
d441454e-0db8-48f1-98c1-cfbcfdc7e1d2,france,country,news,routine,f,2026-07-17 08:49:12.068375,,,,,,,,"France, next chapter",Deschamps' last France game is tomorrow. Zidane is being discussed as what comes next.
1b6069c3-42b4-4de7-8732-d1a2b857d995,scotland,country,news,routine,t,2026-07-17 08:49:25.716209,2026-07-17 08:49:28.075,08,,,,,,He'll be a bit gutted,Scotland keeper Craig Gordon retired after 25 years. He'll take a moment with this.
2b432a89-d8bc-42d0-a08c-c357a8eefb35,world_championship,tournament,news,routine,t,2026-07-18 07:41:43.253219,2026-07-18 07:41:48.195,07,world_championship:2026-07-18:france-vs-england,preview:1591865,,,,One last big night.,France vs England in the bronze final tonight. Kicks off at 11pm. He's not done watching.
6f7be6e1-efe6-4acd-af30-0c2339a4e65d,argentina,country,news,routine,t,2026-07-18 08:39:06.222658,2026-07-18 08:39:08.146,08,,,,,,Already in their heads,Spain defender Laporte says Argentina 'like to leave a mark.' Already in Spain's head.
abfba58d-b0d7-4a8e-a2e8-ffd6961f5a22,egypt,country,news,routine,t,2026-07-18 08:41:43.477289,2026-07-18 08:41:47.128,08,,,,,,Not taking that,Egypt alleged referee bias favouring Argentina and Messi. BBC asked if it's fair.
85ac2f3e-cf39-465a-8225-a81e58807340,england,country,news,routine,t,2026-07-18 08:43:23.26628,2026-07-18 08:43:26.45,08,,,,,,Tonight still matters,England vs France tonight for third place. Tuchel asked them to end this strongly.
0a75239d-de20-4350-adf6-ebd017ee2417,scotland,country,news,routine,f,2026-07-18 08:45:55.011912,,,,,,,,Scotland's next keeper,Craig Gordon retired. BBC Sport asks who takes the Scotland number-one gloves next.
5244d3e9-4053-4925-9c65-503a8cc1aa7b,spain,country,news,routine,t,2026-07-18 08:47:17.904886,2026-07-18 08:47:20.221,08,,,,,,Glowing,Rodri says Spain are 'complete' ahead of Sunday's final. Cue the analysis.
17e8e50d-962a-43d7-988a-bb98e87bcc0d,scotland,country,news,routine,t,2026-07-19 00:44:48.393723,2026-07-19 00:44:51.796,00,,,,,,He'll have feelings about this,Scot Gemmill is leaving Scotland's U21 role after 13 years. A long run comes to an end.
75cb1102-b7cd-469d-8998-976c541aec44,spain,country,news,routine,t,2026-07-19 00:45:50.184081,2026-07-19 00:45:53.336,00,,,,,,He'll quote this all week,De la Fuente once tried man-marking Messi. Messi scored four. He won't try again tomorrow.
fe32dea9-5978-473b-9116-445b709486e3,france,country,matchday,edge_function,f,2026-07-19 01:02:03.637546,,,,1591865,,2026-07-18 23:00:00,,,
e6842af7-fc40-4750-9459-9030180a2c8c,england,country,matchday,edge_function,f,2026-07-19 01:02:03.862146,,,,1591865,,2026-07-18 23:00:00,,,
f4bc63ed-ac3f-43a0-a8ae-80fcb15819c3,world_championship,tournament,matchday,edge_function,f,2026-07-19 01:02:04.594,,,,1591865,,2026-07-18 23:00:00,,,
f7269779-23ca-4d2f-ad9f-edf968391523,world_championship,tournament,news,routine,t,2026-07-19 07:43:40.154346,2026-07-19 07:43:43.991,07,world_championship:2026-07-19:spain-vs-argentina,preview:1591866,,,,He’s been waiting all year,Spain vs Argentina in the World Championship Final tonight. He’ll barely leave the sofa.
09f786ba-6404-4458-a505-934419505505,argentina,country,news,routine,t,2026-07-19 08:40:44.639398,2026-07-19 08:40:48.05,08,,,,,,He delayed surgery for this,Dibu skipped a hand op to be here. He's in goal for Argentina in tonight's final.
3c5a1982-da18-418d-b70d-35dd75d7c587,england,country,news,routine,f,2026-07-19 08:44:00.395828,,,,,,,,He's phoning everyone,England beat France 6-4 in the World Championship third-place play-off. Saka hat-trick.
71b045dc-2490-40b4-ba4a-a78eb80e0858,spain,country,news,routine,t,2026-07-19 08:47:00.106028,2026-07-19 08:47:02.659,08,,,,,,Even the weather showed up,Spain's training was cancelled by thunderstorms. The World Championship final is tonight.
296798ff-d490-40fb-8ff6-9c63e4f23f4d,spain,country,matchday,edge_function,f,2026-07-20 00:04:03.868535,,,,1591866,,2026-07-19 21:00:00,,,
eba7f0fc-9820-493b-8a3a-c25b96b3614a,argentina,country,matchday,edge_function,f,2026-07-20 00:04:04.067481,,,,1591866,,2026-07-19 21:00:00,,,
dca0efc8-11fe-47da-b360-3462ad0f2777,world_championship,tournament,matchday,edge_function,f,2026-07-20 00:04:05.170119,,,,1591866,,2026-07-19 21:00:00,,,
497ebcaa-61c2-40cb-8613-ecc5d174aeb6,spain,country,news,routine,f,2026-07-20 00:45:39.54935,,,,,,,,Phone-his-dad moment,Spain won the World Championship final 1-0 AET against Argentina. He'll ring everyone.
0df873f4-f0e0-4cad-b1df-8ec068fc5b26,argentina,country,news,routine,f,2026-07-20 00:46:14.614731,,,,,,,,Give him a minute,Argentina lost the World Championship final 1-0 to Spain in AET. He'll need a moment.
4c369b3f-d07e-46ff-9eba-e43b2f2ab53c,france,country,news,routine,t,2026-07-20 00:46:30.862291,2026-07-20 00:46:33.461,00,,,,,,Brutal one,France lost the World Championship bronze match 6-4 to England. He'll have ten thoughts.
8198115b-8272-4836-908b-ee345cfb7003,argentina,country,news,routine,t,2026-07-21 00:50:27.782336,2026-07-21 00:50:32.656,00,,,,,,He will cringe a bit,Argentina players face bans after brawling at the whistle. FIFA is now investigating.
aa97f9da-eaa9-4ad0-81b7-41c86a63615d,argentina,country,news,routine,t,2026-07-21 00:50:48.257723,2026-07-21 00:50:51.422,00,,,,,,He will quote Messi,Messi says the pain is immense after Sunday's defeat. He has sent a message to the fans.
9be1f4b2-0fc9-4d92-a9eb-0ad1e348ad4f,belgium,country,news,routine,t,2026-07-21 00:51:13.052132,2026-07-21 00:51:15.624,00,,,,,,New era coming,Belgium's manager Rudi Garcia is leaving. Belgian FA will not extend his contract.
5f35594b-0dc4-40e3-ab60-fa47daa66243,england,country,news,routine,t,2026-07-21 00:51:39.89844,2026-07-21 00:51:43.503,00,,,,,,He might need a moment,"Kevin Keegan, England legend and former manager, died at 75. He will want to remember him."
3059ee46-6900-444d-860c-b710c2303e88,france,country,news,routine,t,2026-07-21 00:52:38.456309,2026-07-21 00:52:41.955,00,,,,,,He will be impressed,Mbappe became the first ever two-time Golden Boot winner. He will be proud of that.
05b465da-dc50-4e48-ab44-5f2da78ba3e6,spain,country,news,routine,t,2026-07-21 00:53:04.341214,2026-07-21 00:53:07.019,00,,,,,,Giddy for a week,Nearly 2 million in Madrid for Spain's homecoming parade. The party is still on.
